/Library/Frameworks/Python.framework/Versions/3.12/lib/python3.12/pickle.py:1753: UserWarning: [16:04:04] WARNING: /Users/runner/work/xgboost/xgboost/src/gbm/../common/error_msg.h:83: If you are loading a serialized model (like pickle in Python, RDS in R) or
configuration generated by an older version of XGBoost, please export the model by calling
`Booster.save_model` from that version first, then load it back in current version. See:

    https://xgboost.readthedocs.io/en/stable/tutorials/saving_model.html

for more details about differences between saving model and serializing.

  setstate(state)
/Users/rithv/Library/Python/3.12/lib/python/site-packages/sklearn/base.py:463: InconsistentVersionWarning: Trying to unpickle estimator IsotonicRegression from version 1.6.1 when using version 1.8.0. This might lead to breaking code or invalid results. Use at your own risk. For more info please refer to:
https://scikit-learn.org/stable/model_persistence.html#security-maintainability-limitations
  warnings.warn(
skipping incomplete per-prop bundle for 'triple_double': missing reg file
skipping incomplete per-prop bundle for 'double_double': missing reg file
[train] building examples seasons=['2021-22', '2022-23', '2023-24', '2024-25'] max_players=300 ...
[train] season 2021-22: building examples...
[train] players processed: 10/300
[train] players processed: 20/300
[train] players processed: 30/300
[train] players processed: 40/300
[train] players processed: 50/300
[train] players processed: 60/300
[train] players processed: 70/300
[train] players processed: 80/300
[train] players processed: 90/300
[train] players processed: 100/300
[train] players processed: 110/300
[train] players processed: 120/300
[train] players processed: 130/300
[train] players processed: 140/300
[train] players processed: 150/300
[train] players processed: 160/300
[train] players processed: 170/300
[train] players processed: 180/300
[train] players processed: 190/300
[train] players processed: 200/300
[train] players processed: 210/300
[train] players processed: 220/300
[train] players processed: 230/300
[train] Skipping player 1629604 after 3 failed attempts
[train] players processed: 240/300
[train] Skipping player 201580 after 3 failed attempts
[train] Skipping player 1628402 after 3 failed attempts
[train] Skipping player 202355 after 3 failed attempts
[train] Skipping player 1630200 after 3 failed attempts
[train] Skipping player 1627936 after 3 failed attempts
[train] Skipping player 1628963 after 3 failed attempts
[train] Skipping player 202357 after 3 failed attempts
[train] Skipping player 202397 after 3 failed attempts
[train] Skipping player 204060 after 3 failed attempts
[train] Skipping player 202066 after 3 failed attempts
[train] players processed: 250/300
[train] Skipping player 1626169 after 3 failed attempts
[train] Skipping player 202681 after 3 failed attempts
[train] Skipping player 1629642 after 3 failed attempts
[train] Skipping player 1630526 after 3 failed attempts
[train] Skipping player 203210 after 3 failed attempts
[train] Skipping player 202331 after 3 failed attempts
[train] players processed: 260/300
[train] players processed: 270/300
[train] players processed: 280/300
[train] players processed: 290/300
[train] players processed: 300/300
[train] season 2022-23: building examples...
[train] players processed: 10/300
[train] Skipping player 1630532 after 3 failed attempts
[train] Skipping player 1630224 after 3 failed attempts
[train] Skipping player 1628389 after 3 failed attempts
[train] Skipping player 1629027 after 3 failed attempts
[train] players processed: 20/300
[train] Skipping player 1627832 after 3 failed attempts
[train] Skipping player 1627741 after 3 failed attempts
[train] Skipping player 1629628 after 3 failed attempts
[train] Skipping player 1629673 after 3 failed attempts
[train] Skipping player 1628404 after 3 failed attempts
[train] Skipping player 1631095 after 3 failed attempts
[train] Skipping player 1630530 after 3 failed attempts
[train] Skipping player 1629636 after 3 failed attempts
[train] Skipping player 202699 after 3 failed attempts
[train] Skipping player 1628368 after 3 failed attempts
[train] players processed: 30/300
[train] Skipping player 1628378 after 3 failed attempts
[train] Skipping player 1631094 after 3 failed attempts
[train] Skipping player 1630183 after 3 failed attempts
[train] Skipping player 1628983 after 3 failed attempts
[train] Skipping player 1626220 after 3 failed attempts
[train] Skipping player 1627759 after 3 failed attempts
[train] players processed: 40/300
[train] players processed: 50/300
[train] players processed: 60/300
[train] players processed: 70/300
[train] players processed: 80/300
[train] players processed: 90/300
[train] players processed: 100/300
[train] players processed: 110/300
[train] players processed: 120/300
[train] players processed: 130/300
[train] players processed: 140/300
[train] players processed: 150/300
[train] players processed: 160/300
[train] players processed: 170/300
[train] players processed: 180/300
[train] players processed: 190/300
[train] players processed: 200/300
[train] players processed: 210/300
[train] players processed: 220/300
[train] players processed: 230/300
[train] players processed: 240/300
[train] players processed: 250/300
[train] players processed: 260/300
[train] players processed: 270/300
[train] players processed: 280/300
[train] players processed: 290/300
[train] players processed: 300/300
[train] season 2023-24: building examples...
[train] players processed: 10/300
[train] players processed: 20/300
[train] players processed: 30/300
[train] Skipping player 1631095 after 3 failed attempts
[train] Skipping player 201939 after 3 failed attempts
[train] Skipping player 1628389 after 3 failed attempts
[train] players processed: 40/300
[train] Skipping player 1631096 after 3 failed attempts
[train] Skipping player 201572 after 3 failed attempts
[train] Skipping player 203484 after 3 failed attempts
[train] Skipping player 203992 after 3 failed attempts
[train] Skipping player 1641706 after 3 failed attempts
[train] Skipping player 1628401 after 3 failed attempts
[train] Skipping player 203084 after 3 failed attempts
[train] Skipping player 202699 after 3 failed attempts
[train] Skipping player 1628978 after 3 failed attempts
[train] Skipping player 1629673 after 3 failed attempts
[train] players processed: 50/300
[train] Skipping player 1627759 after 3 failed attempts
[train] Skipping player 1630532 after 3 failed attempts
[train] players processed: 60/300
[train] players processed: 70/300
[train] players processed: 80/300
[train] players processed: 90/300
[train] players processed: 100/300
[train] players processed: 110/300
[train] Skipping player 1626220 after 3 failed attempts
[train] Skipping player 1630228 after 3 failed attempts
[train] Skipping player 1628378 after 3 failed attempts
[train] Skipping player 1629027 after 3 failed attempts
[train] Skipping player 1627827 after 3 failed attempts
[train] Skipping player 1626145 after 3 failed attempts
[train] Skipping player 202685 after 3 failed attempts
[train] Skipping player 1629638 after 3 failed attempts
[train] players processed: 120/300
[train] Skipping player 203952 after 3 failed attempts
[train] Skipping player 1629130 after 3 failed attempts
[train] Skipping player 1628381 after 3 failed attempts
[train] Skipping player 1629636 after 3 failed attempts
[train] Skipping player 1628392 after 3 failed attempts
[train] Skipping player 201569 after 3 failed attempts
[train] Skipping player 1630552 after 3 failed attempts
[train] Skipping player 1630171 after 3 failed attempts
[train] Skipping player 203991 after 3 failed attempts
[train] Skipping player 1629611 after 3 failed attempts
[train] players processed: 130/300
[train] Skipping player 1628370 after 3 failed attempts
[train] Skipping player 1628971 after 3 failed attempts
[train] players processed: 140/300
[train] players processed: 150/300
[train] players processed: 160/300
[train] players processed: 170/300
[train] players processed: 180/300
[train] players processed: 190/300
[train] players processed: 200/300
[train] players processed: 210/300
[train] players processed: 220/300
[train] players processed: 230/300
[train] players processed: 240/300
[train] players processed: 250/300
[train] players processed: 260/300
[train] players processed: 270/300
[train] players processed: 280/300
[train] players processed: 290/300
[train] players processed: 300/300
[train] season 2024-25: building examples...
[train] players processed: 10/300
[train] players processed: 20/300
[train] players processed: 30/300
[train] players processed: 40/300
[train] players processed: 50/300
[train] players processed: 60/300
[train] players processed: 70/300
[train] players processed: 80/300
[train] players processed: 90/300
[train] players processed: 100/300
[train] players processed: 110/300
[train] players processed: 120/300
[train] players processed: 130/300
[train] Skipping player 1630703 after 3 failed attempts
[train] Skipping player 1628976 after 3 failed attempts
[train] Skipping player 1629012 after 3 failed attempts
[train] Skipping player 201144 after 3 failed attempts[I 2026-04-11 22:20:59,903] A new study created in memory with name: no-name-3e325ce1-1364-4047-bb3c-f8151da0175f
[I 2026-04-11 22:21:03,775] Trial 0 finished with value: 6.614390809239533 and parameters: {'n_estimators': 651, 'max_depth': 3, 'learning_rate': 0.1903370788607763, 'subsample': 0.9373657051144123, 'colsample_bytree': 0.6615042109884964, 'min_child_weight': 5, 'reg_alpha': 0.855193848768304, 'reg_lambda': 0.5515890993139945}. Best is trial 0 with value: 6.614390809239533.
[I 2026-04-11 22:21:14,332] Trial 1 finished with value: 7.187482090316878 and parameters: {'n_estimators': 792, 'max_depth': 8, 'learning_rate': 0.2783299900314955, 'subsample': 0.9939768210479405, 'colsample_bytree': 0.6241875689863183, 'min_child_weight': 9, 'reg_alpha': 0.1803617195792725, 'reg_lambda': 0.09641318778064933}. Best is trial 0 with value: 6.614390809239533.
[I 2026-04-11 22:21:21,377] Trial 2 finished with value: 7.01889101797506 and parameters: {'n_estimators': 846, 'max_depth': 5, 'learning_rate': 0.18170832830617217, 'subsample': 0.6586728595184229, 'colsample_bytree': 0.653284028272277, 'min_child_weight': 9, 'reg_alpha': 0.5643097440603284, 'reg_lambda': 0.7642587310155757}. Best is trial 0 with value: 6.614390809239533.
[I 2026-04-11 22:21:30,459] Trial 3 finished with value: 6.466856133918722 and parameters: {'n_estimators': 689, 'max_depth': 7, 'learning_rate': 0.01930971610325235, 'subsample': 0.8268945239053608, 'colsample_bytree': 0.9779007288561662, 'min_child_weight': 6, 'reg_alpha': 0.052490900654707295, 'reg_lambda': 0.6876086836019636}. Best is trial 3 with value: 6.466856133918722.
[I 2026-04-11 22:21:32,874] Trial 4 finished with value: 6.500195081361817 and parameters: {'n_estimators': 272, 'max_depth': 5, 'learning_rate': 0.0749321211441658, 'subsample': 0.6073310114123325, 'colsample_bytree': 0.65497960421577, 'min_child_weight': 4, 'reg_alpha': 0.3202460973901786, 'reg_lambda': 0.8148761473861891}. Best is trial 3 with value: 6.466856133918722.
[I 2026-04-11 22:21:44,179] Trial 5 finished with value: 6.5869404574188115 and parameters: {'n_estimators': 664, 'max_depth': 8, 'learning_rate': 0.04022933927246897, 'subsample': 0.6187254355059375, 'colsample_bytree': 0.6065305526560647, 'min_child_weight': 3, 'reg_alpha': 0.33206096482172576, 'reg_lambda': 0.08015480237815265}. Best is trial 3 with value: 6.466856133918722.
[I 2026-04-11 22:21:47,006] Trial 6 finished with value: 6.770029460132938 and parameters: {'n_estimators': 110, 'max_depth': 8, 'learning_rate': 0.010381886184601216, 'subsample': 0.8746424896016634, 'colsample_bytree': 0.7902501709083491, 'min_child_weight': 1, 'reg_alpha': 0.050281821410849914, 'reg_lambda': 0.6099229125797095}. Best is trial 3 with value: 6.466856133918722.
[I 2026-04-11 22:21:48,432] Trial 7 finished with value: 6.445844333559572 and parameters: {'n_estimators': 103, 'max_depth': 5, 'learning_rate': 0.029059462410640596, 'subsample': 0.9486758185378404, 'colsample_bytree': 0.9853983462709268, 'min_child_weight': 5, 'reg_alpha': 0.8278174446287585, 'reg_lambda': 0.3161629798453325}. Best is trial 7 with value: 6.445844333559572.
[I 2026-04-11 22:21:50,544] Trial 8 finished with value: 6.491201462237974 and parameters: {'n_estimators': 199, 'max_depth': 5, 'learning_rate': 0.06703743159938592, 'subsample': 0.6112098278888057, 'colsample_bytree': 0.9004890387540025, 'min_child_weight': 5, 'reg_alpha': 0.11287997013619333, 'reg_lambda': 0.06771155451133526}. Best is trial 7 with value: 6.445844333559572.
[I 2026-04-11 22:22:06,288] Trial 9 finished with value: 6.935329689907252 and parameters: {'n_estimators': 809, 'max_depth': 8, 'learning_rate': 0.109490488057392, 'subsample': 0.7354326154170193, 'colsample_bytree': 0.9529148937885867, 'min_child_weight': 10, 'reg_alpha': 0.32883225971432284, 'reg_lambda': 0.24050628327637957}. Best is trial 7 with value: 6.445844333559572.
[I 2026-04-11 22:22:21,741] Trial 10 finished with value: 6.5301363921746605 and parameters: {'n_estimators': 413, 'max_depth': 10, 'learning_rate': 0.03200518343549014, 'subsample': 0.9042560489199685, 'colsample_bytree': 0.8248838879721644, 'min_child_weight': 7, 'reg_alpha': 0.9898189552539756, 'reg_lambda': 0.3472773772008938}. Best is trial 7 with value: 6.445844333559572.
[I 2026-04-11 22:22:28,507] Trial 11 finished with value: 6.447118652755306 and parameters: {'n_estimators': 479, 'max_depth': 6, 'learning_rate': 0.018675081801285697, 'subsample': 0.793075615158626, 'colsample_bytree': 0.9963327303782209, 'min_child_weight': 7, 'reg_alpha': 0.6377576058628482, 'reg_lambda': 0.39437573238997176}. Best is trial 7 with value: 6.445844333559572.
[I 2026-04-11 22:22:36,704] Trial 12 finished with value: 6.4352157881940215 and parameters: {'n_estimators': 985, 'max_depth': 3, 'learning_rate': 0.02041806203243328, 'subsample': 0.7479972522336252, 'colsample_bytree': 0.9966012544811887, 'min_child_weight': 7, 'reg_alpha': 0.6817501807319376, 'reg_lambda': 0.3810581900869974}. Best is trial 12 with value: 6.4352157881940215.
[I 2026-04-11 22:22:45,139] Trial 13 finished with value: 6.43617689035982 and parameters: {'n_estimators': 938, 'max_depth': 3, 'learning_rate': 0.02250495796925273, 'subsample': 0.7280580174797789, 'colsample_bytree': 0.8973904439301941, 'min_child_weight': 7, 'reg_alpha': 0.7399944975281176, 'reg_lambda': 0.9422857185244047}. Best is trial 12 with value: 6.4352157881940215.
[I 2026-04-11 22:22:52,330] Trial 14 finished with value: 6.432380831815983 and parameters: {'n_estimators': 987, 'max_depth': 3, 'learning_rate': 0.010205024153045106, 'subsample': 0.7187450864457477, 'colsample_bytree': 0.8864021112558317, 'min_child_weight': 8, 'reg_alpha': 0.7063006905177782, 'reg_lambda': 0.9851753150065141}. Best is trial 14 with value: 6.432380831815983.
[I 2026-04-11 22:22:59,708] Trial 15 finished with value: 6.431723301143668 and parameters: {'n_estimators': 995, 'max_depth': 3, 'learning_rate': 0.011310844699369287, 'subsample': 0.7173771752944155, 'colsample_bytree': 0.8215351661512151, 'min_child_weight': 8, 'reg_alpha': 0.4769515364996312, 'reg_lambda': 0.9741447823184786}. Best is trial 15 with value: 6.431723301143668.
[I 2026-04-11 22:23:07,795] Trial 16 finished with value: 6.436148305121775 and parameters: {'n_estimators': 893, 'max_depth': 4, 'learning_rate': 0.012904644970384314, 'subsample': 0.6850383308727153, 'colsample_bytree': 0.784136839678508, 'min_child_weight': 9, 'reg_alpha': 0.4294223310780726, 'reg_lambda': 0.9599104134412864}. Best is trial 15 with value: 6.431723301143668.
[I 2026-04-11 22:23:16,421] Trial 17 finished with value: 6.432174468858591 and parameters: {'n_estimators': 983, 'max_depth': 4, 'learning_rate': 0.013310142947880382, 'subsample': 0.796470200852057, 'colsample_bytree': 0.7382324686744954, 'min_child_weight': 8, 'reg_alpha': 0.47449524773179447, 'reg_lambda': 0.8666601096008881}. Best is trial 15 with value: 6.431723301143668.
[I 2026-04-11 22:23:26,651] Trial 18 finished with value: 6.453333004833434 and parameters: {'n_estimators': 751, 'max_depth': 6, 'learning_rate': 0.015220655045007955, 'subsample': 0.8109445472777204, 'colsample_bytree': 0.7241901745395621, 'min_child_weight': 10, 'reg_alpha': 0.47743373864524047, 'reg_lambda': 0.8501679814482075}. Best is trial 15 with value: 6.431723301143668.
[I 2026-04-11 22:23:31,961] Trial 19 finished with value: 6.4451542213509 and parameters: {'n_estimators': 543, 'max_depth': 4, 'learning_rate': 0.040113375240753577, 'subsample': 0.781525623387862, 'colsample_bytree': 0.7270284221130816, 'min_child_weight': 8, 'reg_alpha': 0.5569467447627645, 'reg_lambda': 0.702309977824207}. Best is trial 15 with value: 6.431723301143668.
[I 2026-04-11 22:23:39,340] Trial 20 finished with value: 6.434579757111318 and parameters: {'n_estimators': 888, 'max_depth': 4, 'learning_rate': 0.014060474434988215, 'subsample': 0.8517563779781498, 'colsample_bytree': 0.7409676924071771, 'min_child_weight': 8, 'reg_alpha': 0.20374235166850507, 'reg_lambda': 0.8793165681224144}. Best is trial 15 with value: 6.431723301143668.
[I 2026-04-11 22:23:46,357] Trial 21 finished with value: 6.428886447107508 and parameters: {'n_estimators': 984, 'max_depth': 3, 'learning_rate': 0.011825920057722003, 'subsample': 0.6936391308986062, 'colsample_bytree': 0.8457574258086606, 'min_child_weight': 8, 'reg_alpha': 0.44062311512228736, 'reg_lambda': 0.9806274750607692}. Best is trial 21 with value: 6.428886447107508.
[I 2026-04-11 22:23:54,067] Trial 22 finished with value: 6.429288039083111 and parameters: {'n_estimators': 982, 'max_depth': 4, 'learning_rate': 0.013129146852110413, 'subsample': 0.6615529445588871, 'colsample_bytree': 0.8421576150039081, 'min_child_weight': 6, 'reg_alpha': 0.4204456808802369, 'reg_lambda': 0.914135872191302}. Best is trial 21 with value: 6.428886447107508.
[I 2026-04-11 22:23:59,895] Trial 23 finished with value: 6.436517435704686 and parameters: {'n_estimators': 885, 'max_depth': 3, 'learning_rate': 0.025547445819971867, 'subsample': 0.6686637208992585, 'colsample_bytree': 0.8306529480679583, 'min_child_weight': 6, 'reg_alpha': 0.3919033756941322, 'reg_lambda': 0.764788872408069}. Best is trial 21 with value: 6.428886447107508.
[I 2026-04-11 22:24:07,333] Trial 24 finished with value: 6.42797349984461 and parameters: {'n_estimators': 927, 'max_depth': 4, 'learning_rate': 0.010184934566363373, 'subsample': 0.6914019219266989, 'colsample_bytree': 0.8468150134319077, 'min_child_weight': 6, 'reg_alpha': 0.248403321943874, 'reg_lambda': 0.9999847654777212}. Best is trial 24 with value: 6.42797349984461.
[I 2026-04-11 22:24:12,954] Trial 25 finished with value: 6.430125045578268 and parameters: {'n_estimators': 723, 'max_depth': 4, 'learning_rate': 0.01724798407931239, 'subsample': 0.6475001716072828, 'colsample_bytree': 0.8556638107034605, 'min_child_weight': 3, 'reg_alpha': 0.25777385470658676, 'reg_lambda': 0.9106158090106385}. Best is trial 24 with value: 6.42797349984461.
[I 2026-04-11 22:24:19,621] Trial 26 finished with value: 6.522114824885802 and parameters: {'n_estimators': 597, 'max_depth': 6, 'learning_rate': 0.048424571966272374, 'subsample': 0.693594448502623, 'colsample_bytree': 0.9290660358136374, 'min_child_weight': 6, 'reg_alpha': 0.5743846107792392, 'reg_lambda': 0.7880150969011418}. Best is trial 24 with value: 6.42797349984461.
[I 2026-04-11 22:24:51,021] Trial 27 finished with value: 6.544610430007967 and parameters: {'n_estimators': 926, 'max_depth': 10, 'learning_rate': 0.01561504567029819, 'subsample': 0.7613235508261454, 'colsample_bytree': 0.8506472223857656, 'min_child_weight': 4, 'reg_alpha': 0.23789773779320111, 'reg_lambda': 0.6687965124866329}. Best is trial 24 with value: 6.42797349984461.
[I 2026-04-11 22:24:58,728] Trial 28 finished with value: 6.434434849529338 and parameters: {'n_estimators': 800, 'max_depth': 4, 'learning_rate': 0.010831791481702912, 'subsample': 0.6979760918296622, 'colsample_bytree': 0.8689745354295366, 'min_child_weight': 4, 'reg_alpha': 0.3850537303065176, 'reg_lambda': 0.9949968958193101}. Best is trial 24 with value: 6.42797349984461.
[I 2026-04-11 22:25:02,528] Trial 29 finished with value: 6.60749836711733 and parameters: {'n_estimators': 343, 'max_depth': 5, 'learning_rate': 0.11671928004083144, 'subsample': 0.6410464997598269, 'colsample_bytree': 0.7598922043111844, 'min_child_weight': 6, 'reg_alpha': 0.13040643564203513, 'reg_lambda': 0.5177609730898032}. Best is trial 24 with value: 6.42797349984461.
[I 2026-04-11 22:32:32,304] A new study created in memory with name: no-name-c6f74679-542a-493d-b67d-8d8e58cc5db8
[I 2026-04-11 22:32:52,635] Trial 0 finished with value: 0.5933592082612142 and parameters: {'n_estimators': 494, 'max_depth': 9, 'learning_rate': 0.08998169883804524, 'subsample': 0.8670537772459406, 'colsample_bytree': 0.7207519373007807, 'min_child_weight': 5, 'reg_alpha': 0.13429415407518952, 'reg_lambda': 0.9649894512673779}. Best is trial 0 with value: 0.5933592082612142.
[I 2026-04-11 22:33:32,971] Trial 1 finished with value: 0.5949978238625284 and parameters: {'n_estimators': 953, 'max_depth': 8, 'learning_rate': 0.050420750336013995, 'subsample': 0.7357744661023707, 'colsample_bytree': 0.8907669646166816, 'min_child_weight': 5, 'reg_alpha': 0.10660063477687698, 'reg_lambda': 0.3691178327381126}. Best is trial 1 with value: 0.5949978238625284.
[I 2026-04-11 22:33:49,747] Trial 2 finished with value: 0.5834820248922876 and parameters: {'n_estimators': 292, 'max_depth': 10, 'learning_rate': 0.1643211426163407, 'subsample': 0.8061638885658673, 'colsample_bytree': 0.7461323222388295, 'min_child_weight': 5, 'reg_alpha': 0.5956016773518857, 'reg_lambda': 0.8214179390491098}. Best is trial 1 with value: 0.5949978238625284.
[I 2026-04-11 22:34:20,669] Trial 3 finished with value: 0.6042014628088781 and parameters: {'n_estimators': 990, 'max_depth': 6, 'learning_rate': 0.027068294941159636, 'subsample': 0.8196968273611315, 'colsample_bytree': 0.9213115780108914, 'min_child_weight': 3, 'reg_alpha': 0.42610751749831066, 'reg_lambda': 0.6146784898315395}. Best is trial 3 with value: 0.6042014628088781.
[I 2026-04-11 22:34:37,459] Trial 4 finished with value: 0.5906983608776384 and parameters: {'n_estimators': 533, 'max_depth': 6, 'learning_rate': 0.1726872019520295, 'subsample': 0.7322857891582004, 'colsample_bytree': 0.7623979342889186, 'min_child_weight': 9, 'reg_alpha': 0.689179517050428, 'reg_lambda': 0.4439053774103383}. Best is trial 3 with value: 0.6042014628088781.
[I 2026-04-11 22:34:49,208] Trial 5 finished with value: 0.604867740875579 and parameters: {'n_estimators': 337, 'max_depth': 6, 'learning_rate': 0.017473956912650204, 'subsample': 0.8167893364457736, 'colsample_bytree': 0.9290379959115087, 'min_child_weight': 7, 'reg_alpha': 0.8193455598468944, 'reg_lambda': 0.49411247578948114}. Best is trial 5 with value: 0.604867740875579.
[I 2026-04-11 22:35:09,320] Trial 6 finished with value: 0.6030665431791018 and parameters: {'n_estimators': 723, 'max_depth': 5, 'learning_rate': 0.035007953022454665, 'subsample': 0.7127347878800371, 'colsample_bytree': 0.8609443526869853, 'min_child_weight': 5, 'reg_alpha': 0.07347038034164832, 'reg_lambda': 0.6866608702781469}. Best is trial 5 with value: 0.604867740875579.
[I 2026-04-11 22:35:18,871] Trial 7 finished with value: 0.6037079020426543 and parameters: {'n_estimators': 418, 'max_depth': 3, 'learning_rate': 0.15030410503359865, 'subsample': 0.9968830607901011, 'colsample_bytree': 0.6270093417560824, 'min_child_weight': 2, 'reg_alpha': 0.04645550616277183, 'reg_lambda': 0.4219049232553689}. Best is trial 5 with value: 0.604867740875579.
[I 2026-04-11 22:35:41,484] Trial 8 finished with value: 0.6062585116180166 and parameters: {'n_estimators': 759, 'max_depth': 5, 'learning_rate': 0.011362016650540843, 'subsample': 0.9601768590172901, 'colsample_bytree': 0.637325324589989, 'min_child_weight': 10, 'reg_alpha': 0.6221292617190224, 'reg_lambda': 0.23924546635248267}. Best is trial 8 with value: 0.6062585116180166.
[I 2026-04-11 22:36:00,694] Trial 9 finished with value: 0.5927575246779685 and parameters: {'n_estimators': 360, 'max_depth': 9, 'learning_rate': 0.09277107642742059, 'subsample': 0.8413319890750747, 'colsample_bytree': 0.7780105984271555, 'min_child_weight': 1, 'reg_alpha': 0.8620098008173667, 'reg_lambda': 0.5896003731961263}. Best is trial 8 with value: 0.6062585116180166.
[I 2026-04-11 22:36:18,367] Trial 10 finished with value: 0.6036630439869027 and parameters: {'n_estimators': 725, 'max_depth': 3, 'learning_rate': 0.010351301610325183, 'subsample': 0.6152668415923552, 'colsample_bytree': 0.6180033364935051, 'min_child_weight': 10, 'reg_alpha': 0.3824306354845901, 'reg_lambda': 0.0632151409042398}. Best is trial 8 with value: 0.6062585116180166.
[I 2026-04-11 22:36:34,950] Trial 11 finished with value: 0.5975377886802433 and parameters: {'n_estimators': 201, 'max_depth': 5, 'learning_rate': 0.01024577692928847, 'subsample': 0.9442099552324946, 'colsample_bytree': 0.9848771717130458, 'min_child_weight': 7, 'reg_alpha': 0.9785959852384778, 'reg_lambda': 0.14289307242272198}. Best is trial 8 with value: 0.6062585116180166.
[I 2026-04-11 22:37:01,238] Trial 12 finished with value: 0.60440138182775 and parameters: {'n_estimators': 745, 'max_depth': 7, 'learning_rate': 0.01852876844928372, 'subsample': 0.9174482453895041, 'colsample_bytree': 0.9986505741527241, 'min_child_weight': 8, 'reg_alpha': 0.7572795333462502, 'reg_lambda': 0.24430224295930797}. Best is trial 8 with value: 0.6062585116180166.
[I 2026-04-11 22:37:06,738] Trial 13 finished with value: 0.5990885274445724 and parameters: {'n_estimators': 163, 'max_depth': 4, 'learning_rate': 0.01828311016366557, 'subsample': 0.9975737373696741, 'colsample_bytree': 0.6870284906476585, 'min_child_weight': 7, 'reg_alpha': 0.5626517542321823, 'reg_lambda': 0.29040589150244567}. Best is trial 8 with value: 0.6062585116180166.
[I 2026-04-11 22:37:28,717] Trial 14 finished with value: 0.6057369115131241 and parameters: {'n_estimators': 609, 'max_depth': 7, 'learning_rate': 0.01692409940785944, 'subsample': 0.8981556802089447, 'colsample_bytree': 0.8295665160275768, 'min_child_weight': 10, 'reg_alpha': 0.8297018855896031, 'reg_lambda': 0.2229940308102163}. Best is trial 8 with value: 0.6062585116180166.
[I 2026-04-11 22:37:52,223] Trial 15 finished with value: 0.6070409466761999 and parameters: {'n_estimators': 631, 'max_depth': 7, 'learning_rate': 0.014126392733575693, 'subsample': 0.9031344489795837, 'colsample_bytree': 0.8332855802327218, 'min_child_weight': 10, 'reg_alpha': 0.9724213752547157, 'reg_lambda': 0.02234750908777422}. Best is trial 15 with value: 0.6070409466761999.
[I 2026-04-11 22:38:15,558] Trial 16 finished with value: 0.6039700492677077 and parameters: {'n_estimators': 859, 'max_depth': 5, 'learning_rate': 0.031411262837155764, 'subsample': 0.9456064288834924, 'colsample_bytree': 0.6775473220569107, 'min_child_weight': 9, 'reg_alpha': 0.30031399291767047, 'reg_lambda': 0.007763075727577723}. Best is trial 15 with value: 0.6070409466761999.
[I 2026-04-11 22:38:40,436] Trial 17 finished with value: 0.5929430087074536 and parameters: {'n_estimators': 631, 'max_depth': 8, 'learning_rate': 0.2859735806593851, 'subsample': 0.8815717266940143, 'colsample_bytree': 0.8171599903391297, 'min_child_weight': 10, 'reg_alpha': 0.9358085346412932, 'reg_lambda': 0.1300645349930976}. Best is trial 15 with value: 0.6070409466761999.
[I 2026-04-11 22:39:01,849] Trial 18 finished with value: 0.6077906656825187 and parameters: {'n_estimators': 841, 'max_depth': 4, 'learning_rate': 0.012870415846417427, 'subsample': 0.9405506862630254, 'colsample_bytree': 0.6780827773271122, 'min_child_weight': 8, 'reg_alpha': 0.669493854732097, 'reg_lambda': 0.16715469826577664}. Best is trial 18 with value: 0.6077906656825187.
[I 2026-04-11 22:39:22,696] Trial 19 finished with value: 0.6048237797715375 and parameters: {'n_estimators': 849, 'max_depth': 4, 'learning_rate': 0.05314695961973642, 'subsample': 0.7732158550316325, 'colsample_bytree': 0.7091166375763419, 'min_child_weight': 8, 'reg_alpha': 0.7097631075664698, 'reg_lambda': 0.002633146980864077}. Best is trial 18 with value: 0.6077906656825187.
[I 2026-04-11 22:39:45,250] Trial 20 finished with value: 0.610283919209626 and parameters: {'n_estimators': 872, 'max_depth': 4, 'learning_rate': 0.02423030099274304, 'subsample': 0.8597156274096949, 'colsample_bytree': 0.8466420304320534, 'min_child_weight': 8, 'reg_alpha': 0.2606387537221796, 'reg_lambda': 0.13127790131095235}. Best is trial 20 with value: 0.610283919209626.
[I 2026-04-11 22:40:08,004] Trial 21 finished with value: 0.607260319425933 and parameters: {'n_estimators': 876, 'max_depth': 4, 'learning_rate': 0.014808183466593088, 'subsample': 0.8659584209449782, 'colsample_bytree': 0.8523984266779236, 'min_child_weight': 8, 'reg_alpha': 0.192974903947634, 'reg_lambda': 0.13484209184125318}. Best is trial 20 with value: 0.610283919209626.
[I 2026-04-11 22:40:30,488] Trial 22 finished with value: 0.6084339685231236 and parameters: {'n_estimators': 883, 'max_depth': 4, 'learning_rate': 0.02260534986381504, 'subsample': 0.8624817768058496, 'colsample_bytree': 0.7879781237909775, 'min_child_weight': 8, 'reg_alpha': 0.23731959288916726, 'reg_lambda': 0.14128243470634191}. Best is trial 20 with value: 0.610283919209626.
[I 2026-04-11 22:40:49,352] Trial 23 finished with value: 0.6081736361419969 and parameters: {'n_estimators': 815, 'max_depth': 3, 'learning_rate': 0.024821277753211895, 'subsample': 0.8479152505915863, 'colsample_bytree': 0.7806109153003442, 'min_child_weight': 6, 'reg_alpha': 0.263214402723947, 'reg_lambda': 0.3443329081690878}. Best is trial 20 with value: 0.610283919209626.
[I 2026-04-11 22:41:18,637] Trial 24 finished with value: 0.6093214027727241 and parameters: {'n_estimators': 940, 'max_depth': 3, 'learning_rate': 0.023283422839381583, 'subsample': 0.7612382344203591, 'colsample_bytree': 0.788504238537228, 'min_child_weight': 6, 'reg_alpha': 0.25514283027606227, 'reg_lambda': 0.3220910766631909}. Best is trial 20 with value: 0.610283919209626.
[I 2026-04-11 22:41:41,674] Trial 25 finished with value: 0.6081545488700055 and parameters: {'n_estimators': 937, 'max_depth': 3, 'learning_rate': 0.04201444134899455, 'subsample': 0.7667272217070881, 'colsample_bytree': 0.8074567805483924, 'min_child_weight': 6, 'reg_alpha': 0.31358027226414364, 'reg_lambda': 0.31799813368136987}. Best is trial 20 with value: 0.610283919209626.
[I 2026-04-11 22:42:07,782] Trial 26 finished with value: 0.6116019496114448 and parameters: {'n_estimators': 921, 'max_depth': 4, 'learning_rate': 0.02112538181891555, 'subsample': 0.6553044193583468, 'colsample_bytree': 0.7944155663200462, 'min_child_weight': 4, 'reg_alpha': 0.4829390837070894, 'reg_lambda': 0.09952244910273533}. Best is trial 26 with value: 0.6116019496114448.
[I 2026-04-11 22:42:36,442] Trial 27 finished with value: 0.6098007693653898 and parameters: {'n_estimators': 940, 'max_depth': 3, 'learning_rate': 0.03683534547949941, 'subsample': 0.6483875826208774, 'colsample_bytree': 0.8803547104883805, 'min_child_weight': 4, 'reg_alpha': 0.46676360362890523, 'reg_lambda': 0.07526877549867264}. Best is trial 26 with value: 0.6116019496114448.
[I 2026-04-11 22:43:03,370] Trial 28 finished with value: 0.602286914148836 and parameters: {'n_estimators': 997, 'max_depth': 4, 'learning_rate': 0.08451883210605675, 'subsample': 0.6439427227610458, 'colsample_bytree': 0.8938616261749633, 'min_child_weight': 3, 'reg_alpha': 0.48182343462040644, 'reg_lambda': 0.20912666386647677}. Best is trial 26 with value: 0.6116019496114448.
[I 2026-04-11 22:43:25,502] Trial 29 finished with value: 0.6037514338663056 and parameters: {'n_estimators': 777, 'max_depth': 5, 'learning_rate': 0.06486826236500079, 'subsample': 0.7006937882885549, 'colsample_bytree': 0.9460323143065954, 'min_child_weight': 4, 'reg_alpha': 0.51038712727057, 'reg_lambda': 0.05376431499187926}. Best is trial 26 with value: 0.6116019496114448.
[I 2026-04-11 22:58:21,590] A new study created in memory with name: no-name-24feca89-d117-4c88-96e1-d8d5d67380c3
[I 2026-04-11 22:58:26,838] Trial 0 finished with value: 2.0129373937496373 and parameters: {'n_estimators': 610, 'max_depth': 5, 'learning_rate': 0.014627683578326315, 'subsample': 0.8425183580037399, 'colsample_bytree': 0.6846475874263814, 'min_child_weight': 4, 'reg_alpha': 0.48521199356930256, 'reg_lambda': 0.17359195581873355}. Best is trial 0 with value: 2.0129373937496373.
[I 2026-04-11 22:58:30,500] Trial 1 finished with value: 2.111708603021549 and parameters: {'n_estimators': 612, 'max_depth': 3, 'learning_rate': 0.2870083388975611, 'subsample': 0.8321370654572671, 'colsample_bytree': 0.8181023543480578, 'min_child_weight': 8, 'reg_alpha': 0.9244248048081617, 'reg_lambda': 0.28842371016995516}. Best is trial 0 with value: 2.0129373937496373.
[I 2026-04-11 22:58:34,532] Trial 2 finished with value: 2.0892340000785845 and parameters: {'n_estimators': 684, 'max_depth': 3, 'learning_rate': 0.2162599243059339, 'subsample': 0.6614988575838877, 'colsample_bytree': 0.8300186568704888, 'min_child_weight': 9, 'reg_alpha': 0.8891496677233643, 'reg_lambda': 0.003278229846578995}. Best is trial 0 with value: 2.0129373937496373.
[I 2026-04-11 22:58:36,324] Trial 3 finished with value: 2.049369407093176 and parameters: {'n_estimators': 204, 'max_depth': 5, 'learning_rate': 0.1332250425794382, 'subsample': 0.910382696768514, 'colsample_bytree': 0.8133873722842905, 'min_child_weight': 1, 'reg_alpha': 0.6413287384004643, 'reg_lambda': 0.050109845563707234}. Best is trial 0 with value: 2.0129373937496373.
[I 2026-04-11 22:58:42,979] Trial 4 finished with value: 2.0253464248837996 and parameters: {'n_estimators': 551, 'max_depth': 7, 'learning_rate': 0.029772590213207193, 'subsample': 0.7813593990074569, 'colsample_bytree': 0.7531180590699779, 'min_child_weight': 10, 'reg_alpha': 0.09338103673325815, 'reg_lambda': 0.5553300027525162}. Best is trial 0 with value: 2.0129373937496373.
[I 2026-04-11 22:58:52,602] Trial 5 finished with value: 2.1903831920358403 and parameters: {'n_estimators': 701, 'max_depth': 7, 'learning_rate': 0.13222669177319568, 'subsample': 0.732326869749864, 'colsample_bytree': 0.7140646345059822, 'min_child_weight': 5, 'reg_alpha': 0.6317630335168427, 'reg_lambda': 0.14494128959263497}. Best is trial 0 with value: 2.0129373937496373.
[I 2026-04-11 22:58:59,022] Trial 6 finished with value: 2.2955224609556124 and parameters: {'n_estimators': 224, 'max_depth': 10, 'learning_rate': 0.23581560568319807, 'subsample': 0.6053509735340512, 'colsample_bytree': 0.7684010447628212, 'min_child_weight': 9, 'reg_alpha': 0.2886874556503447, 'reg_lambda': 0.34840935493364333}. Best is trial 0 with value: 2.0129373937496373.
[I 2026-04-11 22:59:04,703] Trial 7 finished with value: 2.0095431888472115 and parameters: {'n_estimators': 836, 'max_depth': 3, 'learning_rate': 0.01092436519360029, 'subsample': 0.8515107528992949, 'colsample_bytree': 0.9676663328443948, 'min_child_weight': 6, 'reg_alpha': 0.7890741249530546, 'reg_lambda': 0.38957105227064603}. Best is trial 7 with value: 2.0095431888472115.
[I 2026-04-11 22:59:07,092] Trial 8 finished with value: 2.0211177578010937 and parameters: {'n_estimators': 248, 'max_depth': 5, 'learning_rate': 0.043363791971629366, 'subsample': 0.8781523879588234, 'colsample_bytree': 0.9641072783436225, 'min_child_weight': 1, 'reg_alpha': 0.520846153704785, 'reg_lambda': 0.28661060679804296}. Best is trial 7 with value: 2.0095431888472115.
[I 2026-04-11 22:59:16,091] Trial 9 finished with value: 2.0322106771248114 and parameters: {'n_estimators': 490, 'max_depth': 8, 'learning_rate': 0.028896723815606228, 'subsample': 0.6595529827360188, 'colsample_bytree': 0.6239959552574733, 'min_child_weight': 1, 'reg_alpha': 0.4404547563797431, 'reg_lambda': 0.8927148444590189}. Best is trial 7 with value: 2.0095431888472115.
[I 2026-04-11 22:59:42,331] Trial 10 finished with value: 2.030733402538961 and parameters: {'n_estimators': 983, 'max_depth': 9, 'learning_rate': 0.010971288429460381, 'subsample': 0.9753397294528376, 'colsample_bytree': 0.999949371134468, 'min_child_weight': 7, 'reg_alpha': 0.7793787890248524, 'reg_lambda': 0.6382227025309093}. Best is trial 7 with value: 2.0095431888472115.
[I 2026-04-11 22:59:51,092] Trial 11 finished with value: 2.0118898668570195 and parameters: {'n_estimators': 910, 'max_depth': 5, 'learning_rate': 0.01141375282740868, 'subsample': 0.811077246167391, 'colsample_bytree': 0.9070665477504374, 'min_child_weight': 4, 'reg_alpha': 0.32941396571486936, 'reg_lambda': 0.4510980589511301}. Best is trial 7 with value: 2.0095431888472115.
[I 2026-04-11 22:59:58,743] Trial 12 finished with value: 2.006511266756791 and parameters: {'n_estimators': 975, 'max_depth': 4, 'learning_rate': 0.01630451034947239, 'subsample': 0.7619481980534394, 'colsample_bytree': 0.9034021136411018, 'min_child_weight': 4, 'reg_alpha': 0.21755525929620345, 'reg_lambda': 0.7241874002415322}. Best is trial 12 with value: 2.006511266756791.
[I 2026-04-11 23:00:04,341] Trial 13 finished with value: 2.008680831218132 and parameters: {'n_estimators': 825, 'max_depth': 3, 'learning_rate': 0.01927649268430861, 'subsample': 0.9459234712550303, 'colsample_bytree': 0.89797001120552, 'min_child_weight': 6, 'reg_alpha': 0.10452601226224388, 'reg_lambda': 0.794532167527072}. Best is trial 12 with value: 2.006511266756791.
[I 2026-04-11 23:00:10,701] Trial 14 finished with value: 2.0112997236342 and parameters: {'n_estimators': 817, 'max_depth': 4, 'learning_rate': 0.021262611000401804, 'subsample': 0.9960697773179827, 'colsample_bytree': 0.8937146354489001, 'min_child_weight': 3, 'reg_alpha': 0.03591868238825402, 'reg_lambda': 0.8077799799700471}. Best is trial 12 with value: 2.006511266756791.
[I 2026-04-11 23:00:13,629] Trial 15 finished with value: 2.0233836145436817 and parameters: {'n_estimators': 381, 'max_depth': 4, 'learning_rate': 0.06986553329057411, 'subsample': 0.7443396466097667, 'colsample_bytree': 0.9005779600607372, 'min_child_weight': 6, 'reg_alpha': 0.19712413760406428, 'reg_lambda': 0.7330962326376123}. Best is trial 12 with value: 2.006511266756791.
[I 2026-04-11 23:00:24,481] Trial 16 finished with value: 2.026984203737583 and parameters: {'n_estimators': 979, 'max_depth': 6, 'learning_rate': 0.019688931486407886, 'subsample': 0.933623311778687, 'colsample_bytree': 0.8553580162069311, 'min_child_weight': 3, 'reg_alpha': 0.16960091129748, 'reg_lambda': 0.96596380269823}. Best is trial 12 with value: 2.006511266756791.
[I 2026-04-11 23:00:31,937] Trial 17 finished with value: 2.0232543514806407 and parameters: {'n_estimators': 759, 'max_depth': 4, 'learning_rate': 0.051752945051170965, 'subsample': 0.756947585558222, 'colsample_bytree': 0.9371096058375188, 'min_child_weight': 5, 'reg_alpha': 0.015196662279553352, 'reg_lambda': 0.6955727677378285}. Best is trial 12 with value: 2.006511266756791.
[I 2026-04-11 23:00:43,692] Trial 18 finished with value: 2.0221039548531845 and parameters: {'n_estimators': 895, 'max_depth': 6, 'learning_rate': 0.019447978365354873, 'subsample': 0.7064243205876629, 'colsample_bytree': 0.8835033478865829, 'min_child_weight': 7, 'reg_alpha': 0.3106302528365411, 'reg_lambda': 0.8312691950735739}. Best is trial 12 with value: 2.006511266756791.
[I 2026-04-11 23:00:50,325] Trial 19 finished with value: 2.0304015333967533 and parameters: {'n_estimators': 997, 'max_depth': 3, 'learning_rate': 0.07754886947954823, 'subsample': 0.9291684781981264, 'colsample_bytree': 0.8597081316424747, 'min_child_weight': 3, 'reg_alpha': 0.1809300519133113, 'reg_lambda': 0.5695169520493704}. Best is trial 12 with value: 2.006511266756791.
[I 2026-04-11 23:00:53,516] Trial 20 finished with value: 2.0118285945106593 and parameters: {'n_estimators': 416, 'max_depth': 4, 'learning_rate': 0.03744270149560414, 'subsample': 0.8851035565600334, 'colsample_bytree': 0.93484960353412, 'min_child_weight': 7, 'reg_alpha': 0.4003912975760978, 'reg_lambda': 0.994095149729854}. Best is trial 12 with value: 2.006511266756791.
[I 2026-04-11 23:00:59,058] Trial 21 finished with value: 2.00783467830884 and parameters: {'n_estimators': 840, 'max_depth': 3, 'learning_rate': 0.015169195961375382, 'subsample': 0.861405373212637, 'colsample_bytree': 0.9821305316917315, 'min_child_weight': 6, 'reg_alpha': 0.7796420201200224, 'reg_lambda': 0.4400159360440813}. Best is trial 12 with value: 2.006511266756791.
[I 2026-04-11 23:01:04,359] Trial 22 finished with value: 2.0110391011343 and parameters: {'n_estimators': 796, 'max_depth': 3, 'learning_rate': 0.015523776720841494, 'subsample': 0.9529908602791549, 'colsample_bytree': 0.9976599180501223, 'min_child_weight': 4, 'reg_alpha': 0.5940919971875092, 'reg_lambda': 0.6529660115703618}. Best is trial 12 with value: 2.006511266756791.
[I 2026-04-11 23:01:10,883] Trial 23 finished with value: 2.0146182298899755 and parameters: {'n_estimators': 891, 'max_depth': 4, 'learning_rate': 0.026668403932169318, 'subsample': 0.7904917595211217, 'colsample_bytree': 0.9540275188775071, 'min_child_weight': 6, 'reg_alpha': 0.11188230745997828, 'reg_lambda': 0.4861494114926098}. Best is trial 12 with value: 2.006511266756791.
[I 2026-04-11 23:01:15,705] Trial 24 finished with value: 2.0105249026869654 and parameters: {'n_estimators': 713, 'max_depth': 3, 'learning_rate': 0.014997017650233138, 'subsample': 0.89113091536546, 'colsample_bytree': 0.9220343729443798, 'min_child_weight': 5, 'reg_alpha': 0.25715551059104425, 'reg_lambda': 0.7940677360495643}. Best is trial 12 with value: 2.006511266756791.
[I 2026-04-11 23:01:22,298] Trial 25 finished with value: 2.013834980375045 and parameters: {'n_estimators': 886, 'max_depth': 4, 'learning_rate': 0.02270451177731348, 'subsample': 0.8616383751022321, 'colsample_bytree': 0.8543489695831163, 'min_child_weight': 8, 'reg_alpha': 0.749770082910441, 'reg_lambda': 0.8989669993660179}. Best is trial 12 with value: 2.006511266756791.
[I 2026-04-11 23:01:33,269] Trial 26 finished with value: 2.01891758679296 and parameters: {'n_estimators': 925, 'max_depth': 6, 'learning_rate': 0.014641814809603294, 'subsample': 0.814938365578477, 'colsample_bytree': 0.9823656726279042, 'min_child_weight': 2, 'reg_alpha': 0.9999261404824378, 'reg_lambda': 0.5357050945231938}. Best is trial 12 with value: 2.006511266756791.
[I 2026-04-11 23:01:38,454] Trial 27 finished with value: 2.007997488293457 and parameters: {'n_estimators': 834, 'max_depth': 3, 'learning_rate': 0.0401308517985248, 'subsample': 0.7028248766660682, 'colsample_bytree': 0.7847697405995876, 'min_child_weight': 5, 'reg_alpha': 0.0941700087364842, 'reg_lambda': 0.7415803694119226}. Best is trial 12 with value: 2.006511266756791.
[I 2026-04-11 23:01:44,926] Trial 28 finished with value: 2.025652016436729 and parameters: {'n_estimators': 764, 'max_depth': 5, 'learning_rate': 0.035311911281687335, 'subsample': 0.696457663412302, 'colsample_bytree': 0.7789088374704571, 'min_child_weight': 4, 'reg_alpha': 0.36626417895113655, 'reg_lambda': 0.6208998839088008}. Best is trial 12 with value: 2.006511266756791.
[I 2026-04-11 23:01:46,104] Trial 29 finished with value: 2.009387955450644 and parameters: {'n_estimators': 134, 'max_depth': 4, 'learning_rate': 0.07147254282440797, 'subsample': 0.7700735906064605, 'colsample_bytree': 0.7186820724528111, 'min_child_weight': 5, 'reg_alpha': 0.4851963389154432, 'reg_lambda': 0.7310705477065033}. Best is trial 12 with value: 2.006511266756791.
[I 2026-04-11 23:10:06,751] A new study created in memory with name: no-name-a78a97f9-66eb-42d3-ac77-70b6a53d00f0
[I 2026-04-11 23:10:31,266] Trial 0 finished with value: 0.6790393925794718 and parameters: {'n_estimators': 877, 'max_depth': 4, 'learning_rate': 0.17404130392025827, 'subsample': 0.840033406006589, 'colsample_bytree': 0.7549054509792574, 'min_child_weight': 9, 'reg_alpha': 0.7452552976742645, 'reg_lambda': 0.5920424158841491}. Best is trial 0 with value: 0.6790393925794718.
[I 2026-04-11 23:10:50,645] Trial 1 finished with value: 0.7061018821774174 and parameters: {'n_estimators': 608, 'max_depth': 3, 'learning_rate': 0.07958137359736449, 'subsample': 0.8936606496629091, 'colsample_bytree': 0.7932727009114201, 'min_child_weight': 7, 'reg_alpha': 0.9534325341005134, 'reg_lambda': 0.5644442099317976}. Best is trial 1 with value: 0.7061018821774174.
[I 2026-04-11 23:11:37,570] Trial 2 finished with value: 0.7045921280225398 and parameters: {'n_estimators': 545, 'max_depth': 10, 'learning_rate': 0.010795849910472223, 'subsample': 0.7029572736368708, 'colsample_bytree': 0.6269571259984423, 'min_child_weight': 5, 'reg_alpha': 0.8105574138361294, 'reg_lambda': 0.9359465195585728}. Best is trial 1 with value: 0.7061018821774174.
[I 2026-04-11 23:12:18,983] Trial 3 finished with value: 0.7027475280261062 and parameters: {'n_estimators': 644, 'max_depth': 9, 'learning_rate': 0.011601697447421816, 'subsample': 0.9071841439030262, 'colsample_bytree': 0.8366353086912603, 'min_child_weight': 4, 'reg_alpha': 0.4782067917270595, 'reg_lambda': 0.29633542928107726}. Best is trial 1 with value: 0.7061018821774174.
[I 2026-04-11 23:12:32,500] Trial 4 finished with value: 0.7072336405406691 and parameters: {'n_estimators': 392, 'max_depth': 5, 'learning_rate': 0.029780640646498546, 'subsample': 0.82030504894447, 'colsample_bytree': 0.9009395295401237, 'min_child_weight': 3, 'reg_alpha': 0.44662401298670373, 'reg_lambda': 0.3615280592887129}. Best is trial 4 with value: 0.7072336405406691.
[I 2026-04-11 23:12:39,209] Trial 5 finished with value: 0.694945300054685 and parameters: {'n_estimators': 203, 'max_depth': 3, 'learning_rate': 0.017390581578191167, 'subsample': 0.612525470635039, 'colsample_bytree': 0.869786814163082, 'min_child_weight': 9, 'reg_alpha': 0.8360098143269336, 'reg_lambda': 0.6578073571071358}. Best is trial 4 with value: 0.7072336405406691.
[I 2026-04-11 23:12:46,342] Trial 6 finished with value: 0.7042076086568868 and parameters: {'n_estimators': 148, 'max_depth': 5, 'learning_rate': 0.02305849883109343, 'subsample': 0.8038911749950453, 'colsample_bytree': 0.842890617977341, 'min_child_weight': 4, 'reg_alpha': 0.24101149094207275, 'reg_lambda': 0.5939951550287759}. Best is trial 4 with value: 0.7072336405406691.
[I 2026-04-11 23:12:57,730] Trial 7 finished with value: 0.7045554756413609 and parameters: {'n_estimators': 260, 'max_depth': 6, 'learning_rate': 0.05408571112513301, 'subsample': 0.6600243172847492, 'colsample_bytree': 0.8950401056922976, 'min_child_weight': 1, 'reg_alpha': 0.43056761343243, 'reg_lambda': 0.5834409365159261}. Best is trial 4 with value: 0.7072336405406691.
[I 2026-04-11 23:13:34,687] Trial 8 finished with value: 0.6782807150372095 and parameters: {'n_estimators': 610, 'max_depth': 10, 'learning_rate': 0.25314638444465787, 'subsample': 0.945407838602429, 'colsample_bytree': 0.6173564847920716, 'min_child_weight': 6, 'reg_alpha': 0.06920658322853279, 'reg_lambda': 0.44844445659715626}. Best is trial 4 with value: 0.7072336405406691.
[I 2026-04-11 23:13:52,660] Trial 9 finished with value: 0.7090769142751847 and parameters: {'n_estimators': 456, 'max_depth': 6, 'learning_rate': 0.02031986405050486, 'subsample': 0.8013250102384131, 'colsample_bytree': 0.750402275877384, 'min_child_weight': 4, 'reg_alpha': 0.5049495226142884, 'reg_lambda': 0.39412197302191476}. Best is trial 9 with value: 0.7090769142751847.
[I 2026-04-11 23:14:39,460] Trial 10 finished with value: 0.685806657017523 and parameters: {'n_estimators': 988, 'max_depth': 8, 'learning_rate': 0.05858375419838025, 'subsample': 0.724848167970186, 'colsample_bytree': 0.7093304824649331, 'min_child_weight': 1, 'reg_alpha': 0.6236012459886002, 'reg_lambda': 0.0787784746681699}. Best is trial 9 with value: 0.7090769142751847.
[I 2026-04-11 23:14:56,473] Trial 11 finished with value: 0.7039692010033525 and parameters: {'n_estimators': 391, 'max_depth': 7, 'learning_rate': 0.02850437107846096, 'subsample': 0.7541000850332961, 'colsample_bytree': 0.9941568768663857, 'min_child_weight': 3, 'reg_alpha': 0.3232326918803824, 'reg_lambda': 0.23714202447957802}. Best is trial 9 with value: 0.7090769142751847.
[I 2026-04-11 23:15:11,929] Trial 12 finished with value: 0.7074436282959652 and parameters: {'n_estimators': 406, 'max_depth': 6, 'learning_rate': 0.03682159582791173, 'subsample': 0.8271246051392885, 'colsample_bytree': 0.9384987953560001, 'min_child_weight': 3, 'reg_alpha': 0.6253294761826383, 'reg_lambda': 0.3134281282550945}. Best is trial 9 with value: 0.7090769142751847.
[I 2026-04-11 23:15:29,462] Trial 13 finished with value: 0.7004352516702728 and parameters: {'n_estimators': 421, 'max_depth': 7, 'learning_rate': 0.043219268033078934, 'subsample': 0.9982796864115988, 'colsample_bytree': 0.9908881728445511, 'min_child_weight': 2, 'reg_alpha': 0.6096662025374009, 'reg_lambda': 0.14340360956977516}. Best is trial 9 with value: 0.7090769142751847.
[I 2026-04-11 23:15:53,425] Trial 14 finished with value: 0.683231754796833 and parameters: {'n_estimators': 743, 'max_depth': 6, 'learning_rate': 0.10068880224132103, 'subsample': 0.8675590562391797, 'colsample_bytree': 0.7229697732054616, 'min_child_weight': 7, 'reg_alpha': 0.6281522815789227, 'reg_lambda': 0.004446803592981441}. Best is trial 9 with value: 0.7090769142751847.
[I 2026-04-11 23:16:05,487] Trial 15 finished with value: 0.7076964019294325 and parameters: {'n_estimators': 316, 'max_depth': 5, 'learning_rate': 0.01899964119905968, 'subsample': 0.7636415020697337, 'colsample_bytree': 0.6771935844034316, 'min_child_weight': 5, 'reg_alpha': 0.29817014971173084, 'reg_lambda': 0.7721080330937797}. Best is trial 9 with value: 0.7090769142751847.
[I 2026-04-11 23:16:16,361] Trial 16 finished with value: 0.7065534427827576 and parameters: {'n_estimators': 286, 'max_depth': 5, 'learning_rate': 0.01721757428373595, 'subsample': 0.7692866205181951, 'colsample_bytree': 0.6830931729196711, 'min_child_weight': 6, 'reg_alpha': 0.17695847555793326, 'reg_lambda': 0.8046325140213658}. Best is trial 9 with value: 0.7090769142751847.
[I 2026-04-11 23:16:31,320] Trial 17 finished with value: 0.7082294366247415 and parameters: {'n_estimators': 460, 'max_depth': 4, 'learning_rate': 0.01824123081718825, 'subsample': 0.7636634695077441, 'colsample_bytree': 0.6520350681988137, 'min_child_weight': 5, 'reg_alpha': 0.3293688271321468, 'reg_lambda': 0.776234733747284}. Best is trial 9 with value: 0.7090769142751847.
[I 2026-04-11 23:16:48,865] Trial 18 finished with value: 0.7084755789486198 and parameters: {'n_estimators': 521, 'max_depth': 4, 'learning_rate': 0.015073706858801404, 'subsample': 0.7024913588638099, 'colsample_bytree': 0.772109252533555, 'min_child_weight': 8, 'reg_alpha': 0.01036466525245322, 'reg_lambda': 0.9926533854121569}. Best is trial 9 with value: 0.7090769142751847.
[I 2026-04-11 23:17:13,136] Trial 19 finished with value: 0.7082357707327801 and parameters: {'n_estimators': 745, 'max_depth': 4, 'learning_rate': 0.010069527759971239, 'subsample': 0.6780295207897227, 'colsample_bytree': 0.7872504528321755, 'min_child_weight': 10, 'reg_alpha': 0.026267084559999487, 'reg_lambda': 0.9779464049177992}. Best is trial 9 with value: 0.7090769142751847.
[I 2026-04-11 23:17:40,649] Trial 20 finished with value: 0.7074043531111058 and parameters: {'n_estimators': 500, 'max_depth': 8, 'learning_rate': 0.0142844125390583, 'subsample': 0.6456192763877426, 'colsample_bytree': 0.7622382582686981, 'min_child_weight': 8, 'reg_alpha': 0.17964191082677203, 'reg_lambda': 0.44435498274050816}. Best is trial 9 with value: 0.7090769142751847.
[I 2026-04-11 23:18:04,452] Trial 21 finished with value: 0.7087518277895337 and parameters: {'n_estimators': 759, 'max_depth': 4, 'learning_rate': 0.010015648127387408, 'subsample': 0.691625287584248, 'colsample_bytree': 0.795727202110806, 'min_child_weight': 10, 'reg_alpha': 0.03803799540734021, 'reg_lambda': 0.9974618734463299}. Best is trial 9 with value: 0.7090769142751847.
[I 2026-04-11 23:18:23,725] Trial 22 finished with value: 0.7098708064861267 and parameters: {'n_estimators': 729, 'max_depth': 3, 'learning_rate': 0.023811964545997686, 'subsample': 0.7107792835518009, 'colsample_bytree': 0.8230159759651913, 'min_child_weight': 10, 'reg_alpha': 0.10178624146499052, 'reg_lambda': 0.8886002514299974}. Best is trial 22 with value: 0.7098708064861267.
[I 2026-04-11 23:18:44,428] Trial 23 finished with value: 0.7095527562471765 and parameters: {'n_estimators': 744, 'max_depth': 3, 'learning_rate': 0.0256404716239938, 'subsample': 0.618750837098233, 'colsample_bytree': 0.828713465716428, 'min_child_weight': 10, 'reg_alpha': 0.15811276700729662, 'reg_lambda': 0.8863783541099916}. Best is trial 22 with value: 0.7098708064861267.
[I 2026-04-11 23:19:05,009] Trial 24 finished with value: 0.7104915230687843 and parameters: {'n_estimators': 845, 'max_depth': 3, 'learning_rate': 0.025994939883610457, 'subsample': 0.6076058297988078, 'colsample_bytree': 0.7317029541372053, 'min_child_weight': 9, 'reg_alpha': 0.12838102010749614, 'reg_lambda': 0.8920645911735742}. Best is trial 24 with value: 0.7104915230687843.
[I 2026-04-11 23:19:25,521] Trial 25 finished with value: 0.7094742244525547 and parameters: {'n_estimators': 852, 'max_depth': 3, 'learning_rate': 0.02825231296369216, 'subsample': 0.6043603476108057, 'colsample_bytree': 0.8254758349867343, 'min_child_weight': 9, 'reg_alpha': 0.1274949832320871, 'reg_lambda': 0.8832048581651222}. Best is trial 24 with value: 0.7104915230687843.
[I 2026-04-11 23:19:45,979] Trial 26 finished with value: 0.7085903879074633 and parameters: {'n_estimators': 865, 'max_depth': 3, 'learning_rate': 0.03790849868957073, 'subsample': 0.6410113781173076, 'colsample_bytree': 0.8216180238577724, 'min_child_weight': 10, 'reg_alpha': 0.13701881512368658, 'reg_lambda': 0.6959701132539846}. Best is trial 24 with value: 0.7104915230687843.
[I 2026-04-11 23:20:13,353] Trial 27 finished with value: 0.7101957257959057 and parameters: {'n_estimators': 999, 'max_depth': 3, 'learning_rate': 0.025484258321610498, 'subsample': 0.6294126150482404, 'colsample_bytree': 0.7317465990693401, 'min_child_weight': 8, 'reg_alpha': 0.2444465347004297, 'reg_lambda': 0.8939526800734158}. Best is trial 24 with value: 0.7104915230687843.
[I 2026-04-11 23:20:40,720] Trial 28 finished with value: 0.7088880426900306 and parameters: {'n_estimators': 981, 'max_depth': 3, 'learning_rate': 0.050050960716433376, 'subsample': 0.6649547201136791, 'colsample_bytree': 0.7242411761669454, 'min_child_weight': 8, 'reg_alpha': 0.27777780744904773, 'reg_lambda': 0.8821385245150818}. Best is trial 24 with value: 0.7104915230687843.
[I 2026-04-11 23:21:07,227] Trial 29 finished with value: 0.6962004193513873 and parameters: {'n_estimators': 914, 'max_depth': 4, 'learning_rate': 0.07216527524389163, 'subsample': 0.6309604828255237, 'colsample_bytree': 0.7442314663566508, 'min_child_weight': 9, 'reg_alpha': 0.2149723423044562, 'reg_lambda': 0.6998311513080006}. Best is trial 24 with value: 0.7104915230687843.
[I 2026-04-11 23:39:15,734] A new study created in memory with name: no-name-d9152409-3fd0-4cc8-901e-02d44f8bb056
[I 2026-04-11 23:39:20,446] Trial 0 finished with value: 2.626508124526699 and parameters: {'n_estimators': 159, 'max_depth': 8, 'learning_rate': 0.014172642840051144, 'subsample': 0.7306529004942944, 'colsample_bytree': 0.631184470917166, 'min_child_weight': 7, 'reg_alpha': 0.7259310991249022, 'reg_lambda': 0.8196277905273742}. Best is trial 0 with value: 2.626508124526699.
[I 2026-04-11 23:39:35,717] Trial 1 finished with value: 2.616278413356574 and parameters: {'n_estimators': 480, 'max_depth': 8, 'learning_rate': 0.011492951443223508, 'subsample': 0.9409512728316949, 'colsample_bytree': 0.9189426700289272, 'min_child_weight': 3, 'reg_alpha': 0.5141430269052694, 'reg_lambda': 0.4165853365357858}. Best is trial 1 with value: 2.616278413356574.
[I 2026-04-11 23:39:42,652] Trial 2 finished with value: 2.653906240892959 and parameters: {'n_estimators': 544, 'max_depth': 6, 'learning_rate': 0.0490521468487813, 'subsample': 0.9593854925299672, 'colsample_bytree': 0.7854905363002868, 'min_child_weight': 10, 'reg_alpha': 0.19092079796494632, 'reg_lambda': 0.14117537144693804}. Best is trial 1 with value: 2.616278413356574.
[I 2026-04-11 23:39:47,067] Trial 3 finished with value: 2.609514429356267 and parameters: {'n_estimators': 448, 'max_depth': 4, 'learning_rate': 0.02539397478156201, 'subsample': 0.8950520115136826, 'colsample_bytree': 0.8264106021759923, 'min_child_weight': 2, 'reg_alpha': 0.14744977480492172, 'reg_lambda': 0.2865342729503717}. Best is trial 3 with value: 2.609514429356267.
[I 2026-04-11 23:39:59,832] Trial 4 finished with value: 2.6274507461278667 and parameters: {'n_estimators': 715, 'max_depth': 7, 'learning_rate': 0.015688736633799716, 'subsample': 0.8948472148993658, 'colsample_bytree': 0.8565756722343746, 'min_child_weight': 2, 'reg_alpha': 0.3851570726302461, 'reg_lambda': 0.26710220278139074}. Best is trial 3 with value: 2.609514429356267.
[I 2026-04-11 23:40:06,911] Trial 5 finished with value: 2.719957841270196 and parameters: {'n_estimators': 353, 'max_depth': 8, 'learning_rate': 0.0868158511362926, 'subsample': 0.8281227153209647, 'colsample_bytree': 0.6353683603954741, 'min_child_weight': 9, 'reg_alpha': 0.8352186605030003, 'reg_lambda': 0.5378742753875511}. Best is trial 3 with value: 2.609514429356267.
[I 2026-04-11 23:40:14,663] Trial 6 finished with value: 2.68275360123476 and parameters: {'n_estimators': 395, 'max_depth': 8, 'learning_rate': 0.06906919052680768, 'subsample': 0.7595692113210898, 'colsample_bytree': 0.7475006177056368, 'min_child_weight': 9, 'reg_alpha': 0.9961763796125729, 'reg_lambda': 0.6934875557404448}. Best is trial 3 with value: 2.609514429356267.
[I 2026-04-11 23:40:48,086] Trial 7 finished with value: 2.9813125868883583 and parameters: {'n_estimators': 968, 'max_depth': 9, 'learning_rate': 0.27563348586801545, 'subsample': 0.7358007825288492, 'colsample_bytree': 0.9257679555852648, 'min_child_weight': 5, 'reg_alpha': 0.792915046383622, 'reg_lambda': 0.6136390186237242}. Best is trial 3 with value: 2.609514429356267.
[I 2026-04-11 23:40:54,686] Trial 8 finished with value: 2.6310263069421214 and parameters: {'n_estimators': 358, 'max_depth': 6, 'learning_rate': 0.041631979893323214, 'subsample': 0.6726083186189074, 'colsample_bytree': 0.6820297600857245, 'min_child_weight': 7, 'reg_alpha': 0.9496053028910741, 'reg_lambda': 0.9192793928577204}. Best is trial 3 with value: 2.609514429356267.
[I 2026-04-11 23:40:57,624] Trial 9 finished with value: 2.612491681058684 and parameters: {'n_estimators': 177, 'max_depth': 6, 'learning_rate': 0.039577901301740964, 'subsample': 0.7793234701108562, 'colsample_bytree': 0.9372973444017729, 'min_child_weight': 6, 'reg_alpha': 0.989905955587295, 'reg_lambda': 0.0995650005301224}. Best is trial 3 with value: 2.609514429356267.
[I 2026-04-11 23:41:04,347] Trial 10 finished with value: 2.7077623429089086 and parameters: {'n_estimators': 780, 'max_depth': 3, 'learning_rate': 0.14311525718548165, 'subsample': 0.8683909205327949, 'colsample_bytree': 0.9921622198561255, 'min_child_weight': 1, 'reg_alpha': 0.037198112082906076, 'reg_lambda': 0.3657635706951421}. Best is trial 3 with value: 2.609514429356267.
[I 2026-04-11 23:41:07,001] Trial 11 finished with value: 2.6037289172409768 and parameters: {'n_estimators': 201, 'max_depth': 4, 'learning_rate': 0.0275250631843145, 'subsample': 0.6247459585056104, 'colsample_bytree': 0.8531682620571118, 'min_child_weight': 4, 'reg_alpha': 0.5298723482233456, 'reg_lambda': 0.06910893284747441}. Best is trial 11 with value: 2.6037289172409768.
[I 2026-04-11 23:41:09,604] Trial 12 finished with value: 2.6016943103531815 and parameters: {'n_estimators': 255, 'max_depth': 3, 'learning_rate': 0.024175269597637206, 'subsample': 0.6021074662982713, 'colsample_bytree': 0.8357813050553922, 'min_child_weight': 4, 'reg_alpha': 0.4819854475931729, 'reg_lambda': 0.020109374053331165}. Best is trial 12 with value: 2.6016943103531815.
[I 2026-04-11 23:41:12,568] Trial 13 finished with value: 2.603993203323239 and parameters: {'n_estimators': 255, 'max_depth': 4, 'learning_rate': 0.02418759781006634, 'subsample': 0.6193402260691421, 'colsample_bytree': 0.8686870939853841, 'min_child_weight': 4, 'reg_alpha': 0.5210802752447738, 'reg_lambda': 0.0511970261997928}. Best is trial 12 with value: 2.6016943103531815.
[I 2026-04-11 23:41:15,087] Trial 14 finished with value: 2.601447655879213 and parameters: {'n_estimators': 253, 'max_depth': 3, 'learning_rate': 0.024802744311628443, 'subsample': 0.6015364821252972, 'colsample_bytree': 0.7544203137971697, 'min_child_weight': 4, 'reg_alpha': 0.371353982502313, 'reg_lambda': 0.014882292288035063}. Best is trial 14 with value: 2.601447655879213.
[I 2026-04-11 23:41:22,665] Trial 15 finished with value: 2.6044847751363482 and parameters: {'n_estimators': 675, 'max_depth': 3, 'learning_rate': 0.02325219709188447, 'subsample': 0.6744701821351056, 'colsample_bytree': 0.7313689320553223, 'min_child_weight': 5, 'reg_alpha': 0.3478563153011541, 'reg_lambda': 0.004236320122555991}. Best is trial 14 with value: 2.601447655879213.
[I 2026-04-11 23:41:27,183] Trial 16 finished with value: 2.6035353644214885 and parameters: {'n_estimators': 302, 'max_depth': 5, 'learning_rate': 0.0178703222041665, 'subsample': 0.6751885188687005, 'colsample_bytree': 0.776782744803434, 'min_child_weight': 3, 'reg_alpha': 0.6534567123443884, 'reg_lambda': 0.22258609718778488}. Best is trial 14 with value: 2.601447655879213.
[I 2026-04-11 23:41:29,246] Trial 17 finished with value: 2.6079136748495295 and parameters: {'n_estimators': 101, 'max_depth': 3, 'learning_rate': 0.036734128862117986, 'subsample': 0.6036844778493319, 'colsample_bytree': 0.7089066679688381, 'min_child_weight': 6, 'reg_alpha': 0.3239096185824743, 'reg_lambda': 0.1977964591002397}. Best is trial 14 with value: 2.601447655879213.
[I 2026-04-11 23:41:58,650] Trial 18 finished with value: 2.6256769111124965 and parameters: {'n_estimators': 580, 'max_depth': 10, 'learning_rate': 0.010305615683375931, 'subsample': 0.6525317165956853, 'colsample_bytree': 0.8083991396544518, 'min_child_weight': 4, 'reg_alpha': 0.6295631998716902, 'reg_lambda': 0.3595494621307207}. Best is trial 14 with value: 2.601447655879213.
[I 2026-04-11 23:42:02,047] Trial 19 finished with value: 2.6351763072634284 and parameters: {'n_estimators': 276, 'max_depth': 5, 'learning_rate': 0.08501046590636348, 'subsample': 0.7206660627534806, 'colsample_bytree': 0.6772667462154056, 'min_child_weight': 1, 'reg_alpha': 0.24718377765237404, 'reg_lambda': 0.1601520015589794}. Best is trial 14 with value: 2.601447655879213.
[I 2026-04-11 23:42:12,608] Trial 20 finished with value: 2.785561083721117 and parameters: {'n_estimators': 980, 'max_depth': 5, 'learning_rate': 0.1380558778072812, 'subsample': 0.8152238414499557, 'colsample_bytree': 0.8889415794942412, 'min_child_weight': 7, 'reg_alpha': 0.40724834711091623, 'reg_lambda': 0.481349677211241}. Best is trial 14 with value: 2.601447655879213.
[I 2026-04-11 23:42:16,507] Trial 21 finished with value: 2.605478586819155 and parameters: {'n_estimators': 286, 'max_depth': 5, 'learning_rate': 0.01704385457801319, 'subsample': 0.6925836339728637, 'colsample_bytree': 0.7710188789172929, 'min_child_weight': 3, 'reg_alpha': 0.6274153870991759, 'reg_lambda': 0.2249253464224258}. Best is trial 14 with value: 2.601447655879213.
[I 2026-04-11 23:42:17,817] Trial 22 finished with value: 2.6349246318016175 and parameters: {'n_estimators': 101, 'max_depth': 4, 'learning_rate': 0.018715264217249936, 'subsample': 0.6420897426353313, 'colsample_bytree': 0.8232342954796675, 'min_child_weight': 3, 'reg_alpha': 0.611053703235531, 'reg_lambda': 0.005534629267760159}. Best is trial 14 with value: 2.601447655879213.
[I 2026-04-11 23:42:20,473] Trial 23 finished with value: 2.6018432468099104 and parameters: {'n_estimators': 310, 'max_depth': 3, 'learning_rate': 0.030864864932573274, 'subsample': 0.6015307932222062, 'colsample_bytree': 0.7596925444286642, 'min_child_weight': 2, 'reg_alpha': 0.4147526202037894, 'reg_lambda': 0.13014735819160217}. Best is trial 14 with value: 2.601447655879213.
[I 2026-04-11 23:42:22,414] Trial 24 finished with value: 2.6044024482011596 and parameters: {'n_estimators': 220, 'max_depth': 3, 'learning_rate': 0.03191772821515957, 'subsample': 0.6061237477807869, 'colsample_bytree': 0.7479216556324808, 'min_child_weight': 2, 'reg_alpha': 0.4113891692185992, 'reg_lambda': 0.10606155952825082}. Best is trial 14 with value: 2.601447655879213.
[I 2026-04-11 23:42:25,894] Trial 25 finished with value: 2.622007085218007 and parameters: {'n_estimators': 438, 'max_depth': 3, 'learning_rate': 0.06333666288473169, 'subsample': 0.6423483764828062, 'colsample_bytree': 0.7082845897591526, 'min_child_weight': 4, 'reg_alpha': 0.2748371079248375, 'reg_lambda': 0.0023593985931352757}. Best is trial 14 with value: 2.601447655879213.
[I 2026-04-11 23:42:29,256] Trial 26 finished with value: 2.6094688922778473 and parameters: {'n_estimators': 359, 'max_depth': 4, 'learning_rate': 0.0314870094398739, 'subsample': 0.6001035367938277, 'colsample_bytree': 0.8130924151716254, 'min_child_weight': 5, 'reg_alpha': 0.4641251316109287, 'reg_lambda': 0.30558108014756674}. Best is trial 14 with value: 2.601447655879213.
[I 2026-04-11 23:42:33,802] Trial 27 finished with value: 2.61363656429938 and parameters: {'n_estimators': 527, 'max_depth': 3, 'learning_rate': 0.051746247742494984, 'subsample': 0.7105783743089816, 'colsample_bytree': 0.6771390199664634, 'min_child_weight': 2, 'reg_alpha': 0.09121743460062937, 'reg_lambda': 0.14311731936187744}. Best is trial 14 with value: 2.601447655879213.
[I 2026-04-11 23:42:37,283] Trial 28 finished with value: 2.604173890158154 and parameters: {'n_estimators': 303, 'max_depth': 4, 'learning_rate': 0.021854304206662657, 'subsample': 0.6534572471279062, 'colsample_bytree': 0.7593643390543038, 'min_child_weight': 1, 'reg_alpha': 0.4569744744784213, 'reg_lambda': 0.07492929191267031}. Best is trial 14 with value: 2.601447655879213.
[I 2026-04-11 23:42:40,986] Trial 29 finished with value: 2.6338102109331043 and parameters: {'n_estimators': 149, 'max_depth': 7, 'learning_rate': 0.013190711122305148, 'subsample': 0.7006537670909704, 'colsample_bytree': 0.7169072258109269, 'min_child_weight': 6, 'reg_alpha': 0.265800500392662, 'reg_lambda': 0.6910739295295821}. Best is trial 14 with value: 2.601447655879213.
[I 2026-04-11 23:53:54,699] A new study created in memory with name: no-name-ef3c64f8-5cac-4830-a1a3-0d8f947ae792
[I 2026-04-11 23:54:16,556] Trial 0 finished with value: 0.6587744961717892 and parameters: {'n_estimators': 719, 'max_depth': 8, 'learning_rate': 0.01863664324737879, 'subsample': 0.730431210124819, 'colsample_bytree': 0.6971693077264546, 'min_child_weight': 4, 'reg_alpha': 0.8632312051064469, 'reg_lambda': 0.40621196574837026}. Best is trial 0 with value: 0.6587744961717892.
[I 2026-04-11 23:54:25,632] Trial 1 finished with value: 0.6624916834649169 and parameters: {'n_estimators': 527, 'max_depth': 3, 'learning_rate': 0.08677968787334074, 'subsample': 0.9826424461210932, 'colsample_bytree': 0.6028943694847847, 'min_child_weight': 2, 'reg_alpha': 0.8122344999309213, 'reg_lambda': 0.8089414273676085}. Best is trial 1 with value: 0.6624916834649169.
[I 2026-04-11 23:54:39,716] Trial 2 finished with value: 0.6510712733444995 and parameters: {'n_estimators': 601, 'max_depth': 6, 'learning_rate': 0.05905622956220865, 'subsample': 0.7359386117101986, 'colsample_bytree': 0.9973714153364155, 'min_child_weight': 2, 'reg_alpha': 0.32971367432813004, 'reg_lambda': 0.7876176672643932}. Best is trial 1 with value: 0.6624916834649169.
[I 2026-04-11 23:54:47,110] Trial 3 finished with value: 0.6250541705981645 and parameters: {'n_estimators': 225, 'max_depth': 8, 'learning_rate': 0.1700711104699572, 'subsample': 0.6483416056732093, 'colsample_bytree': 0.8169601648566781, 'min_child_weight': 5, 'reg_alpha': 0.3069841115467351, 'reg_lambda': 0.6354129819247236}. Best is trial 1 with value: 0.6624916834649169.
[I 2026-04-11 23:55:11,720] Trial 4 finished with value: 0.6469806166954828 and parameters: {'n_estimators': 834, 'max_depth': 7, 'learning_rate': 0.05173538878269948, 'subsample': 0.7225860775018367, 'colsample_bytree': 0.6379972080499342, 'min_child_weight': 1, 'reg_alpha': 0.6148894817728856, 'reg_lambda': 0.015945846981105793}. Best is trial 1 with value: 0.6624916834649169.
[I 2026-04-11 23:55:40,308] Trial 5 finished with value: 0.6337784428464612 and parameters: {'n_estimators': 986, 'max_depth': 8, 'learning_rate': 0.2539554761172598, 'subsample': 0.8040328892505018, 'colsample_bytree': 0.7717413678878383, 'min_child_weight': 10, 'reg_alpha': 0.5419958979675911, 'reg_lambda': 0.9857963800303069}. Best is trial 1 with value: 0.6624916834649169.
[I 2026-04-11 23:55:54,749] Trial 6 finished with value: 0.6608304659058274 and parameters: {'n_estimators': 423, 'max_depth': 8, 'learning_rate': 0.016347866153989, 'subsample': 0.8449800164435751, 'colsample_bytree': 0.9163080598763602, 'min_child_weight': 5, 'reg_alpha': 0.06852432801191799, 'reg_lambda': 0.4088670619168381}. Best is trial 1 with value: 0.6624916834649169.
[I 2026-04-11 23:56:08,204] Trial 7 finished with value: 0.6531270489566392 and parameters: {'n_estimators': 656, 'max_depth': 5, 'learning_rate': 0.07300822383025965, 'subsample': 0.7639618401916407, 'colsample_bytree': 0.992674527430438, 'min_child_weight': 10, 'reg_alpha': 0.11375060354790478, 'reg_lambda': 0.41059155392438784}. Best is trial 1 with value: 0.6624916834649169.
[I 2026-04-11 23:56:38,864] Trial 8 finished with value: 0.6489390842941097 and parameters: {'n_estimators': 767, 'max_depth': 10, 'learning_rate': 0.024240578041584773, 'subsample': 0.7435749700246443, 'colsample_bytree': 0.6942088328869348, 'min_child_weight': 10, 'reg_alpha': 0.13938623596887179, 'reg_lambda': 0.024600658842257705}. Best is trial 1 with value: 0.6624916834649169.
[I 2026-04-11 23:56:43,167] Trial 9 finished with value: 0.6579797222947179 and parameters: {'n_estimators': 141, 'max_depth': 5, 'learning_rate': 0.11679021363013677, 'subsample': 0.7244154274025069, 'colsample_bytree': 0.9306993576409004, 'min_child_weight': 6, 'reg_alpha': 0.18354989721020198, 'reg_lambda': 0.13577234590632226}. Best is trial 1 with value: 0.6624916834649169.
[I 2026-04-11 23:56:51,825] Trial 10 finished with value: 0.6643330955587141 and parameters: {'n_estimators': 426, 'max_depth': 3, 'learning_rate': 0.042857997622372634, 'subsample': 0.9909463119470988, 'colsample_bytree': 0.6006922381084441, 'min_child_weight': 3, 'reg_alpha': 0.9976392020697589, 'reg_lambda': 0.9662671276803123}. Best is trial 10 with value: 0.6643330955587141.
[I 2026-04-11 23:57:00,388] Trial 11 finished with value: 0.6634151813376656 and parameters: {'n_estimators': 421, 'max_depth': 3, 'learning_rate': 0.034780572649505986, 'subsample': 0.9965185109720202, 'colsample_bytree': 0.6056741390033478, 'min_child_weight': 3, 'reg_alpha': 0.9991257542254227, 'reg_lambda': 0.9958567354164569}. Best is trial 10 with value: 0.6643330955587141.
[I 2026-04-11 23:57:09,121] Trial 12 finished with value: 0.663099630897328 and parameters: {'n_estimators': 431, 'max_depth': 3, 'learning_rate': 0.03256275024669053, 'subsample': 0.9991162574561222, 'colsample_bytree': 0.6764404291758637, 'min_child_weight': 3, 'reg_alpha': 0.9750402879734834, 'reg_lambda': 0.9990642266016043}. Best is trial 10 with value: 0.6643330955587141.
[I 2026-04-11 23:57:17,102] Trial 13 finished with value: 0.6548178153981782 and parameters: {'n_estimators': 306, 'max_depth': 4, 'learning_rate': 0.010181563878648959, 'subsample': 0.9194407589783522, 'colsample_bytree': 0.7861949204098145, 'min_child_weight': 7, 'reg_alpha': 0.7426628820144283, 'reg_lambda': 0.8192170290896642}. Best is trial 10 with value: 0.6643330955587141.
[I 2026-04-11 23:57:25,362] Trial 14 finished with value: 0.6633944914727686 and parameters: {'n_estimators': 359, 'max_depth': 4, 'learning_rate': 0.04092689071072978, 'subsample': 0.9268396983538252, 'colsample_bytree': 0.601168892439826, 'min_child_weight': 3, 'reg_alpha': 0.9893774820645549, 'reg_lambda': 0.6193211032583665}. Best is trial 10 with value: 0.6643330955587141.
[I 2026-04-11 23:57:36,254] Trial 15 finished with value: 0.663960932113779 and parameters: {'n_estimators': 507, 'max_depth': 3, 'learning_rate': 0.03057763905796947, 'subsample': 0.9174528307563172, 'colsample_bytree': 0.7555411911660366, 'min_child_weight': 7, 'reg_alpha': 0.69196074785197, 'reg_lambda': 0.8994561061688072}. Best is trial 10 with value: 0.6643330955587141.
[I 2026-04-11 23:57:47,903] Trial 16 finished with value: 0.6638667018147305 and parameters: {'n_estimators': 537, 'max_depth': 4, 'learning_rate': 0.02312282035189172, 'subsample': 0.9022432756647629, 'colsample_bytree': 0.851642029817915, 'min_child_weight': 8, 'reg_alpha': 0.6668098924306347, 'reg_lambda': 0.8698389350487041}. Best is trial 10 with value: 0.6643330955587141.
[I 2026-04-11 23:57:54,387] Trial 17 finished with value: 0.6585432016944033 and parameters: {'n_estimators': 223, 'max_depth': 5, 'learning_rate': 0.013138459133678393, 'subsample': 0.8724870248380526, 'colsample_bytree': 0.7402824061669587, 'min_child_weight': 8, 'reg_alpha': 0.4251120213549274, 'reg_lambda': 0.6528579985758303}. Best is trial 10 with value: 0.6643330955587141.
[I 2026-04-11 23:58:17,365] Trial 18 finished with value: 0.6510787488023385 and parameters: {'n_estimators': 504, 'max_depth': 10, 'learning_rate': 0.02735295635702013, 'subsample': 0.9500427074310042, 'colsample_bytree': 0.7334256071238578, 'min_child_weight': 7, 'reg_alpha': 0.8595625403027037, 'reg_lambda': 0.25863098456968037}. Best is trial 10 with value: 0.6643330955587141.
[I 2026-04-11 23:58:25,995] Trial 19 finished with value: 0.6594257010221768 and parameters: {'n_estimators': 309, 'max_depth': 6, 'learning_rate': 0.048635326296098395, 'subsample': 0.8333615743853345, 'colsample_bytree': 0.872464503280179, 'min_child_weight': 6, 'reg_alpha': 0.72577333586099, 'reg_lambda': 0.7202082380460595}. Best is trial 10 with value: 0.6643330955587141.
[I 2026-04-11 23:58:38,251] Trial 20 finished with value: 0.6592027431979616 and parameters: {'n_estimators': 638, 'max_depth': 3, 'learning_rate': 0.09546268129080113, 'subsample': 0.9551844448034529, 'colsample_bytree': 0.6550471249467709, 'min_child_weight': 4, 'reg_alpha': 0.49865268421719555, 'reg_lambda': 0.9056507974259731}. Best is trial 10 with value: 0.6643330955587141.
[I 2026-04-11 23:58:50,847] Trial 21 finished with value: 0.6636033772240828 and parameters: {'n_estimators': 545, 'max_depth': 4, 'learning_rate': 0.02021673801561088, 'subsample': 0.8866118692701354, 'colsample_bytree': 0.8423592288202381, 'min_child_weight': 8, 'reg_alpha': 0.6456538540326291, 'reg_lambda': 0.8857133206147254}. Best is trial 10 with value: 0.6643330955587141.
[I 2026-04-11 23:59:02,052] Trial 22 finished with value: 0.6646549284895868 and parameters: {'n_estimators': 468, 'max_depth': 4, 'learning_rate': 0.02473262008392927, 'subsample': 0.9047370778936332, 'colsample_bytree': 0.8897799952928089, 'min_child_weight': 8, 'reg_alpha': 0.6608876760707791, 'reg_lambda': 0.8777884224156213}. Best is trial 22 with value: 0.6646549284895868.
[I 2026-04-11 23:59:12,070] Trial 23 finished with value: 0.6637964932182563 and parameters: {'n_estimators': 458, 'max_depth': 3, 'learning_rate': 0.034372774169605255, 'subsample': 0.9478862378603621, 'colsample_bytree': 0.8819927591611473, 'min_child_weight': 9, 'reg_alpha': 0.5410966898141093, 'reg_lambda': 0.7210663452755262}. Best is trial 22 with value: 0.6646549284895868.
[I 2026-04-11 23:59:21,789] Trial 24 finished with value: 0.6592072221195847 and parameters: {'n_estimators': 354, 'max_depth': 4, 'learning_rate': 0.014012574851362402, 'subsample': 0.855626344367769, 'colsample_bytree': 0.9532204930939255, 'min_child_weight': 7, 'reg_alpha': 0.7749191711530972, 'reg_lambda': 0.5283856521016757}. Best is trial 22 with value: 0.6646549284895868.
[I 2026-04-11 23:59:37,302] Trial 25 finished with value: 0.6593210516714093 and parameters: {'n_estimators': 601, 'max_depth': 5, 'learning_rate': 0.044125933400285366, 'subsample': 0.9669347100831843, 'colsample_bytree': 0.7584175964407001, 'min_child_weight': 9, 'reg_alpha': 0.8968090197934555, 'reg_lambda': 0.9240785591833454}. Best is trial 22 with value: 0.6646549284895868.
[I 2026-04-11 23:59:48,402] Trial 26 finished with value: 0.66337754286628 and parameters: {'n_estimators': 488, 'max_depth': 3, 'learning_rate': 0.026913206648059053, 'subsample': 0.9183253477452676, 'colsample_bytree': 0.804681379526769, 'min_child_weight': 6, 'reg_alpha': 0.45456698460084183, 'reg_lambda': 0.7350933560788052}. Best is trial 22 with value: 0.6646549284895868.
[I 2026-04-11 23:59:58,113] Trial 27 finished with value: 0.6635990606589568 and parameters: {'n_estimators': 369, 'max_depth': 4, 'learning_rate': 0.059579695906445115, 'subsample': 0.814249570267701, 'colsample_bytree': 0.7169145956785968, 'min_child_weight': 9, 'reg_alpha': 0.6888208346246825, 'reg_lambda': 0.5222291714204695}. Best is trial 22 with value: 0.6646549284895868.
[I 2026-04-12 00:00:08,007] Trial 28 finished with value: 0.6623470732389594 and parameters: {'n_estimators': 261, 'max_depth': 6, 'learning_rate': 0.0365783825631044, 'subsample': 0.8843106294530658, 'colsample_bytree': 0.9010886414994631, 'min_child_weight': 7, 'reg_alpha': 0.9323197830985636, 'reg_lambda': 0.93621071676076}. Best is trial 22 with value: 0.6646549284895868.
[I 2026-04-12 00:00:42,279] Trial 29 finished with value: 0.653755612134677 and parameters: {'n_estimators': 727, 'max_depth': 9, 'learning_rate': 0.01861361769482508, 'subsample': 0.9397448033566498, 'colsample_bytree': 0.8257625964886753, 'min_child_weight': 4, 'reg_alpha': 0.8506021637259299, 'reg_lambda': 0.8409998271329202}. Best is trial 22 with value: 0.6646549284895868.
[I 2026-04-12 00:15:46,527] A new study created in memory with name: no-name-507c1efd-e958-4189-bbfe-d910a6f5c0f6
[I 2026-04-12 00:15:54,116] Trial 0 finished with value: 1.0747140449207464 and parameters: {'n_estimators': 663, 'max_depth': 7, 'learning_rate': 0.1312386675594627, 'subsample': 0.6501262012087724, 'colsample_bytree': 0.8130047059105523, 'min_child_weight': 3, 'reg_alpha': 0.5954954182589902, 'reg_lambda': 0.4134574352996422}. Best is trial 0 with value: 1.0747140449207464.
[I 2026-04-12 00:16:10,712] Trial 1 finished with value: 1.0130561578943125 and parameters: {'n_estimators': 800, 'max_depth': 10, 'learning_rate': 0.02151676203792491, 'subsample': 0.7673374397915568, 'colsample_bytree': 0.8011847811951498, 'min_child_weight': 9, 'reg_alpha': 0.5299798839545212, 'reg_lambda': 0.6249753300640154}. Best is trial 1 with value: 1.0130561578943125.
[I 2026-04-12 00:16:20,945] Trial 2 finished with value: 1.009276427061923 and parameters: {'n_estimators': 669, 'max_depth': 9, 'learning_rate': 0.02770338861835912, 'subsample': 0.9722792714061709, 'colsample_bytree': 0.7150916955661836, 'min_child_weight': 10, 'reg_alpha': 0.7793111522363516, 'reg_lambda': 0.09145711047852145}. Best is trial 2 with value: 1.009276427061923.
[I 2026-04-12 00:16:24,148] Trial 3 finished with value: 0.9933201485882438 and parameters: {'n_estimators': 420, 'max_depth': 5, 'learning_rate': 0.016869194258476577, 'subsample': 0.7882322839283039, 'colsample_bytree': 0.8018976511403314, 'min_child_weight': 4, 'reg_alpha': 0.8450898255554212, 'reg_lambda': 0.23349900539583535}. Best is trial 3 with value: 0.9933201485882438.
[I 2026-04-12 00:16:35,766] Trial 4 finished with value: 1.0108028773384548 and parameters: {'n_estimators': 760, 'max_depth': 9, 'learning_rate': 0.02575965863622954, 'subsample': 0.8587265270615388, 'colsample_bytree': 0.7144022651381384, 'min_child_weight': 9, 'reg_alpha': 0.01747988792553934, 'reg_lambda': 0.25628822449611355}. Best is trial 3 with value: 0.9933201485882438.
[I 2026-04-12 00:16:37,168] Trial 5 finished with value: 0.9938080216138876 and parameters: {'n_estimators': 191, 'max_depth': 4, 'learning_rate': 0.03319399114075599, 'subsample': 0.8888655891685043, 'colsample_bytree': 0.789751018603746, 'min_child_weight': 6, 'reg_alpha': 0.27478507537090036, 'reg_lambda': 0.5485748452967782}. Best is trial 3 with value: 0.9933201485882438.
[I 2026-04-12 00:16:46,791] Trial 6 finished with value: 1.0111730812692081 and parameters: {'n_estimators': 368, 'max_depth': 10, 'learning_rate': 0.03125277954717853, 'subsample': 0.8938825447581932, 'colsample_bytree': 0.775833133484641, 'min_child_weight': 2, 'reg_alpha': 0.15552246615441867, 'reg_lambda': 0.6813443507191076}. Best is trial 3 with value: 0.9933201485882438.
[I 2026-04-12 00:16:52,064] Trial 7 finished with value: 0.9962011861675298 and parameters: {'n_estimators': 376, 'max_depth': 8, 'learning_rate': 0.014570575157990021, 'subsample': 0.6610674655177188, 'colsample_bytree': 0.7659215895418158, 'min_child_weight': 7, 'reg_alpha': 0.6529541621653305, 'reg_lambda': 0.40523399077102196}. Best is trial 3 with value: 0.9933201485882438.
[I 2026-04-12 00:16:54,090] Trial 8 finished with value: 1.1243344338266779 and parameters: {'n_estimators': 183, 'max_depth': 7, 'learning_rate': 0.29800230083675416, 'subsample': 0.6398032060694508, 'colsample_bytree': 0.648798681500179, 'min_child_weight': 9, 'reg_alpha': 0.48828575075188063, 'reg_lambda': 0.40985937816958373}. Best is trial 3 with value: 0.9933201485882438.
[I 2026-04-12 00:17:04,034] Trial 9 finished with value: 1.0804340082648907 and parameters: {'n_estimators': 416, 'max_depth': 10, 'learning_rate': 0.14225803886700808, 'subsample': 0.6426795342071397, 'colsample_bytree': 0.6268947350516887, 'min_child_weight': 5, 'reg_alpha': 0.03607303226466496, 'reg_lambda': 0.5544137056964142}. Best is trial 3 with value: 0.9933201485882438.
[I 2026-04-12 00:17:10,034] Trial 10 finished with value: 0.9931631606915432 and parameters: {'n_estimators': 902, 'max_depth': 4, 'learning_rate': 0.010003959194208193, 'subsample': 0.7532089111103364, 'colsample_bytree': 0.9581147435920354, 'min_child_weight': 1, 'reg_alpha': 0.995440570543306, 'reg_lambda': 0.8839519885549316}. Best is trial 10 with value: 0.9931631606915432.
[I 2026-04-12 00:17:16,552] Trial 11 finished with value: 0.9934428085719457 and parameters: {'n_estimators': 982, 'max_depth': 4, 'learning_rate': 0.010071442581952514, 'subsample': 0.7542539898990533, 'colsample_bytree': 0.9568028238370232, 'min_child_weight': 1, 'reg_alpha': 0.9981912936958187, 'reg_lambda': 0.9280677258580345}. Best is trial 10 with value: 0.9931631606915432.
[I 2026-04-12 00:17:24,425] Trial 12 finished with value: 0.9946936631501275 and parameters: {'n_estimators': 990, 'max_depth': 5, 'learning_rate': 0.011142618234199165, 'subsample': 0.7330700098082059, 'colsample_bytree': 0.995717578657014, 'min_child_weight': 4, 'reg_alpha': 0.9880950022385783, 'reg_lambda': 0.9757820986338652}. Best is trial 10 with value: 0.9931631606915432.
[I 2026-04-12 00:17:27,339] Trial 13 finished with value: 0.9980373309117251 and parameters: {'n_estimators': 514, 'max_depth': 3, 'learning_rate': 0.06627104410972322, 'subsample': 0.8198387897898639, 'colsample_bytree': 0.8909096564245439, 'min_child_weight': 1, 'reg_alpha': 0.8190554560196689, 'reg_lambda': 0.003924051087543207}. Best is trial 10 with value: 0.9931631606915432.
[I 2026-04-12 00:17:31,945] Trial 14 finished with value: 0.9935457951776757 and parameters: {'n_estimators': 550, 'max_depth': 5, 'learning_rate': 0.016797136307718563, 'subsample': 0.7102276918062908, 'colsample_bytree': 0.8724270386946805, 'min_child_weight': 3, 'reg_alpha': 0.8322064217006072, 'reg_lambda': 0.8054616409305522}. Best is trial 10 with value: 0.9931631606915432.
[I 2026-04-12 00:17:40,213] Trial 15 finished with value: 1.0138668335700178 and parameters: {'n_estimators': 847, 'max_depth': 6, 'learning_rate': 0.05172205924460583, 'subsample': 0.8105358486729253, 'colsample_bytree': 0.8993410304799238, 'min_child_weight': 4, 'reg_alpha': 0.8837355983933328, 'reg_lambda': 0.19339857629177915}. Best is trial 10 with value: 0.9931631606915432.
[I 2026-04-12 00:17:42,249] Trial 16 finished with value: 0.9941589725702656 and parameters: {'n_estimators': 311, 'max_depth': 3, 'learning_rate': 0.01656980937469364, 'subsample': 0.7062626586928352, 'colsample_bytree': 0.8508670289422661, 'min_child_weight': 7, 'reg_alpha': 0.6948180378298722, 'reg_lambda': 0.7844275436101683}. Best is trial 10 with value: 0.9931631606915432.
[I 2026-04-12 00:17:46,331] Trial 17 finished with value: 0.9996927869814185 and parameters: {'n_estimators': 469, 'max_depth': 5, 'learning_rate': 0.047332116579176395, 'subsample': 0.9574282156662108, 'colsample_bytree': 0.9238617903273164, 'min_child_weight': 2, 'reg_alpha': 0.3938421699041863, 'reg_lambda': 0.27443612924215505}. Best is trial 10 with value: 0.9931631606915432.
[I 2026-04-12 00:17:50,979] Trial 18 finished with value: 0.9932482895089965 and parameters: {'n_estimators': 643, 'max_depth': 4, 'learning_rate': 0.013593970251408035, 'subsample': 0.7992366134020396, 'colsample_bytree': 0.9835082173372371, 'min_child_weight': 5, 'reg_alpha': 0.905097052373107, 'reg_lambda': 0.8677277137354504}. Best is trial 10 with value: 0.9931631606915432.
[I 2026-04-12 00:17:57,012] Trial 19 finished with value: 1.016279069676319 and parameters: {'n_estimators': 876, 'max_depth': 4, 'learning_rate': 0.08168231339359819, 'subsample': 0.60251728585497, 'colsample_bytree': 0.9983127302737493, 'min_child_weight': 6, 'reg_alpha': 0.9618589390964289, 'reg_lambda': 0.8493158597217731}. Best is trial 10 with value: 0.9931631606915432.
[I 2026-04-12 00:18:03,835] Trial 20 finished with value: 0.9944485223586184 and parameters: {'n_estimators': 651, 'max_depth': 6, 'learning_rate': 0.010011896680029058, 'subsample': 0.8453847641161716, 'colsample_bytree': 0.9459193746895943, 'min_child_weight': 7, 'reg_alpha': 0.7232613345220902, 'reg_lambda': 0.7142804466875669}. Best is trial 10 with value: 0.9931631606915432.
[I 2026-04-12 00:18:08,181] Trial 21 finished with value: 0.9938833359336233 and parameters: {'n_estimators': 590, 'max_depth': 4, 'learning_rate': 0.014683786288136103, 'subsample': 0.7798397301164159, 'colsample_bytree': 0.9608362070326715, 'min_child_weight': 5, 'reg_alpha': 0.8847633517374778, 'reg_lambda': 0.9312014515246049}. Best is trial 10 with value: 0.9931631606915432.
[I 2026-04-12 00:18:09,979] Trial 22 finished with value: 0.9940462575179666 and parameters: {'n_estimators': 267, 'max_depth': 3, 'learning_rate': 0.021338944275914824, 'subsample': 0.7954107520429328, 'colsample_bytree': 0.851590129351108, 'min_child_weight': 4, 'reg_alpha': 0.9020280650494005, 'reg_lambda': 0.863327766326186}. Best is trial 10 with value: 0.9931631606915432.
[I 2026-04-12 00:18:16,156] Trial 23 finished with value: 0.9941861817399096 and parameters: {'n_estimators': 735, 'max_depth': 5, 'learning_rate': 0.013860467882055113, 'subsample': 0.7372168835825625, 'colsample_bytree': 0.923308887645514, 'min_child_weight': 3, 'reg_alpha': 0.7683944840785728, 'reg_lambda': 0.7065491836068446}. Best is trial 10 with value: 0.9931631606915432.
[I 2026-04-12 00:18:25,275] Trial 24 finished with value: 1.0102442489186572 and parameters: {'n_estimators': 873, 'max_depth': 6, 'learning_rate': 0.0400227937921002, 'subsample': 0.6898602382681651, 'colsample_bytree': 0.7245896006616466, 'min_child_weight': 2, 'reg_alpha': 0.9064877278740542, 'reg_lambda': 0.9999121192250999}. Best is trial 10 with value: 0.9931631606915432.
[I 2026-04-12 00:18:29,030] Trial 25 finished with value: 0.9939778108844628 and parameters: {'n_estimators': 470, 'max_depth': 4, 'learning_rate': 0.02035715041653739, 'subsample': 0.8357247324309349, 'colsample_bytree': 0.9876571724995126, 'min_child_weight': 5, 'reg_alpha': 0.6314731464101443, 'reg_lambda': 0.1635314301505133}. Best is trial 10 with value: 0.9931631606915432.
[I 2026-04-12 00:18:34,389] Trial 26 finished with value: 0.9939925896529447 and parameters: {'n_estimators': 613, 'max_depth': 5, 'learning_rate': 0.01201938977692388, 'subsample': 0.87583729441845, 'colsample_bytree': 0.8442862222108903, 'min_child_weight': 1, 'reg_alpha': 0.8236033536136688, 'reg_lambda': 0.2965020858909143}. Best is trial 10 with value: 0.9931631606915432.
[I 2026-04-12 00:18:39,959] Trial 27 finished with value: 0.9940173096796564 and parameters: {'n_estimators': 918, 'max_depth': 3, 'learning_rate': 0.019062054331863, 'subsample': 0.9137235711380551, 'colsample_bytree': 0.6586315743649733, 'min_child_weight': 6, 'reg_alpha': 0.9468980581200135, 'reg_lambda': 0.6230975283566516}. Best is trial 10 with value: 0.9931631606915432.
[I 2026-04-12 00:18:41,043] Trial 28 finished with value: 1.0005267612528974 and parameters: {'n_estimators': 113, 'max_depth': 4, 'learning_rate': 0.012811928280740867, 'subsample': 0.7900174866185313, 'colsample_bytree': 0.9210442920398173, 'min_child_weight': 4, 'reg_alpha': 0.7481082203897012, 'reg_lambda': 0.7527512688482263}. Best is trial 10 with value: 0.9931631606915432.
[I 2026-04-12 00:18:50,758] Trial 29 finished with value: 1.046325328643483 and parameters: {'n_estimators': 707, 'max_depth': 7, 'learning_rate': 0.08881498783272711, 'subsample': 0.7519822487856987, 'colsample_bytree': 0.8238676203231402, 'min_child_weight': 3, 'reg_alpha': 0.5529434406918179, 'reg_lambda': 0.5125032775022722}. Best is trial 10 with value: 0.9931631606915432.
[I 2026-04-12 00:25:54,050] A new study created in memory with name: no-name-61d8c6cb-28ed-43ee-86a7-52467bc0b764
[I 2026-04-12 00:25:57,231] Trial 0 finished with value: 0.7358428459289403 and parameters: {'n_estimators': 142, 'max_depth': 5, 'learning_rate': 0.2927405030280673, 'subsample': 0.8325193825304334, 'colsample_bytree': 0.6479714376443845, 'min_child_weight': 9, 'reg_alpha': 0.13947410052493447, 'reg_lambda': 0.056679699077436974}. Best is trial 0 with value: 0.7358428459289403.
[I 2026-04-12 00:26:09,433] Trial 1 finished with value: 0.7541928674149434 and parameters: {'n_estimators': 684, 'max_depth': 4, 'learning_rate': 0.01923067343020287, 'subsample': 0.7649807740084323, 'colsample_bytree': 0.9153975225845712, 'min_child_weight': 3, 'reg_alpha': 0.4042269090254901, 'reg_lambda': 0.04635095956138824}. Best is trial 1 with value: 0.7541928674149434.
[I 2026-04-12 00:26:20,227] Trial 2 finished with value: 0.7384687052553864 and parameters: {'n_estimators': 625, 'max_depth': 4, 'learning_rate': 0.14320721928982677, 'subsample': 0.6376413406341762, 'colsample_bytree': 0.9258619137228101, 'min_child_weight': 8, 'reg_alpha': 0.21450769338855302, 'reg_lambda': 0.02151893283072237}. Best is trial 1 with value: 0.7541928674149434.
[I 2026-04-12 00:26:32,775] Trial 3 finished with value: 0.7281607890601942 and parameters: {'n_estimators': 662, 'max_depth': 5, 'learning_rate': 0.17389557369141753, 'subsample': 0.8819509375845475, 'colsample_bytree': 0.6911364035856603, 'min_child_weight': 2, 'reg_alpha': 0.13044245047609782, 'reg_lambda': 0.07798773012730098}. Best is trial 1 with value: 0.7541928674149434.
[I 2026-04-12 00:26:41,295] Trial 4 finished with value: 0.75433507514948 and parameters: {'n_estimators': 296, 'max_depth': 6, 'learning_rate': 0.014764147158460241, 'subsample': 0.8548324934293251, 'colsample_bytree': 0.9247219022064879, 'min_child_weight': 6, 'reg_alpha': 0.7333908432424437, 'reg_lambda': 0.9262660290603214}. Best is trial 4 with value: 0.75433507514948.
[I 2026-04-12 00:26:44,340] Trial 5 finished with value: 0.750715853194372 and parameters: {'n_estimators': 137, 'max_depth': 3, 'learning_rate': 0.023471308272995605, 'subsample': 0.7468187491900983, 'colsample_bytree': 0.8220830170212804, 'min_child_weight': 6, 'reg_alpha': 0.28622255835854826, 'reg_lambda': 0.42262956626784687}. Best is trial 4 with value: 0.75433507514948.
[I 2026-04-12 00:27:08,148] Trial 6 finished with value: 0.7294739460617972 and parameters: {'n_estimators': 850, 'max_depth': 8, 'learning_rate': 0.09535010715639038, 'subsample': 0.8581080676856643, 'colsample_bytree': 0.7024395097719226, 'min_child_weight': 6, 'reg_alpha': 0.3498753541842693, 'reg_lambda': 0.7410194910899346}. Best is trial 4 with value: 0.75433507514948.
[I 2026-04-12 00:27:24,115] Trial 7 finished with value: 0.7308686518662308 and parameters: {'n_estimators': 843, 'max_depth': 4, 'learning_rate': 0.13422277106876887, 'subsample': 0.6036398301159729, 'colsample_bytree': 0.6613397287370509, 'min_child_weight': 5, 'reg_alpha': 0.31664672070501143, 'reg_lambda': 0.09644189289554306}. Best is trial 4 with value: 0.75433507514948.
[I 2026-04-12 00:27:29,961] Trial 8 finished with value: 0.7538871781254809 and parameters: {'n_estimators': 189, 'max_depth': 5, 'learning_rate': 0.021650491871955765, 'subsample': 0.7103241724104524, 'colsample_bytree': 0.9100115607817075, 'min_child_weight': 8, 'reg_alpha': 0.5829398290164929, 'reg_lambda': 0.7981411169922389}. Best is trial 4 with value: 0.75433507514948.
[I 2026-04-12 00:27:45,393] Trial 9 finished with value: 0.724883969016911 and parameters: {'n_estimators': 696, 'max_depth': 5, 'learning_rate': 0.17254348425263744, 'subsample': 0.6675345236422154, 'colsample_bytree': 0.7017549036290022, 'min_child_weight': 9, 'reg_alpha': 0.07835063290176292, 'reg_lambda': 0.7639715316665749}. Best is trial 4 with value: 0.75433507514948.
[I 2026-04-12 00:28:11,151] Trial 10 finished with value: 0.7514395116731186 and parameters: {'n_estimators': 377, 'max_depth': 10, 'learning_rate': 0.010797475208187128, 'subsample': 0.9833503835391593, 'colsample_bytree': 0.9913322810758666, 'min_child_weight': 4, 'reg_alpha': 0.8792967432328943, 'reg_lambda': 0.9905783998928446}. Best is trial 4 with value: 0.75433507514948.
[I 2026-04-12 00:28:24,659] Trial 11 finished with value: 0.7521680655049776 and parameters: {'n_estimators': 397, 'max_depth': 7, 'learning_rate': 0.0304361491426562, 'subsample': 0.7750892382205394, 'colsample_bytree': 0.8497078215121752, 'min_child_weight': 1, 'reg_alpha': 0.5756489407428471, 'reg_lambda': 0.33421500076884636}. Best is trial 4 with value: 0.75433507514948.
[I 2026-04-12 00:28:41,844] Trial 12 finished with value: 0.7541931553768912 and parameters: {'n_estimators': 449, 'max_depth': 7, 'learning_rate': 0.010910929849392436, 'subsample': 0.9251056523015856, 'colsample_bytree': 0.9913900493335484, 'min_child_weight': 3, 'reg_alpha': 0.7815764550457885, 'reg_lambda': 0.5715018307371871}. Best is trial 4 with value: 0.75433507514948.
[I 2026-04-12 00:29:00,280] Trial 13 finished with value: 0.7529121995938018 and parameters: {'n_estimators': 402, 'max_depth': 8, 'learning_rate': 0.011272113789006237, 'subsample': 0.940785867425819, 'colsample_bytree': 0.9947057264523566, 'min_child_weight': 4, 'reg_alpha': 0.8381091472730076, 'reg_lambda': 0.5648297452040767}. Best is trial 4 with value: 0.75433507514948.
[I 2026-04-12 00:29:09,484] Trial 14 finished with value: 0.7498922264520633 and parameters: {'n_estimators': 285, 'max_depth': 7, 'learning_rate': 0.048474029847499454, 'subsample': 0.9073171533591485, 'colsample_bytree': 0.7706698040453879, 'min_child_weight': 7, 'reg_alpha': 0.7540574487535248, 'reg_lambda': 0.9541756741893397}. Best is trial 4 with value: 0.75433507514948.
[I 2026-04-12 00:29:35,179] Trial 15 finished with value: 0.7498030592875256 and parameters: {'n_estimators': 542, 'max_depth': 9, 'learning_rate': 0.014676392219249395, 'subsample': 0.9964266806248349, 'colsample_bytree': 0.951643726317015, 'min_child_weight': 3, 'reg_alpha': 0.9987093305908569, 'reg_lambda': 0.5976009715120092}. Best is trial 4 with value: 0.75433507514948.
[I 2026-04-12 00:29:48,288] Trial 16 finished with value: 0.7437416219492075 and parameters: {'n_estimators': 496, 'max_depth': 6, 'learning_rate': 0.06303818795705024, 'subsample': 0.8223960279702343, 'colsample_bytree': 0.8708956707781665, 'min_child_weight': 1, 'reg_alpha': 0.6909973182888077, 'reg_lambda': 0.3018143666066079}. Best is trial 4 with value: 0.75433507514948.
[I 2026-04-12 00:29:56,415] Trial 17 finished with value: 0.751583391607738 and parameters: {'n_estimators': 276, 'max_depth': 6, 'learning_rate': 0.03674856620628297, 'subsample': 0.9324222836623255, 'colsample_bytree': 0.7682324979712878, 'min_child_weight': 5, 'reg_alpha': 0.6738857798208924, 'reg_lambda': 0.8914272637911367}. Best is trial 4 with value: 0.75433507514948.
[I 2026-04-12 00:30:30,751] Trial 18 finished with value: 0.7485472016615707 and parameters: {'n_estimators': 987, 'max_depth': 8, 'learning_rate': 0.015604684480039962, 'subsample': 0.8752176819875827, 'colsample_bytree': 0.9613197028665876, 'min_child_weight': 10, 'reg_alpha': 0.9398485143900046, 'reg_lambda': 0.6674338324472378}. Best is trial 4 with value: 0.75433507514948.
[I 2026-04-12 00:30:41,841] Trial 19 finished with value: 0.7530662642878383 and parameters: {'n_estimators': 269, 'max_depth': 7, 'learning_rate': 0.010029112204825545, 'subsample': 0.9395167107630147, 'colsample_bytree': 0.8593138018116605, 'min_child_weight': 3, 'reg_alpha': 0.5032089489963237, 'reg_lambda': 0.47881416199620214}. Best is trial 4 with value: 0.75433507514948.
[I 2026-04-12 00:31:01,658] Trial 20 finished with value: 0.7471451351455942 and parameters: {'n_estimators': 472, 'max_depth': 9, 'learning_rate': 0.03032438779972604, 'subsample': 0.8053032086637733, 'colsample_bytree': 0.8927639298492033, 'min_child_weight': 7, 'reg_alpha': 0.7887232992615609, 'reg_lambda': 0.2542206862998921}. Best is trial 4 with value: 0.75433507514948.
[I 2026-04-12 00:31:16,177] Trial 21 finished with value: 0.7543913489764368 and parameters: {'n_estimators': 732, 'max_depth': 3, 'learning_rate': 0.017144349259993474, 'subsample': 0.7680730335425402, 'colsample_bytree': 0.9441951880764222, 'min_child_weight': 3, 'reg_alpha': 0.5128427537572992, 'reg_lambda': 0.1639854210170803}. Best is trial 21 with value: 0.7543913489764368.
[I 2026-04-12 00:31:32,173] Trial 22 finished with value: 0.7541762818171429 and parameters: {'n_estimators': 801, 'max_depth': 3, 'learning_rate': 0.01494923542291852, 'subsample': 0.7248952318174626, 'colsample_bytree': 0.9515709526174165, 'min_child_weight': 4, 'reg_alpha': 0.6310734758322857, 'reg_lambda': 0.20301102207359223}. Best is trial 21 with value: 0.7543913489764368.
[I 2026-04-12 00:31:48,414] Trial 23 finished with value: 0.7532713841300229 and parameters: {'n_estimators': 578, 'max_depth': 6, 'learning_rate': 0.017805517860171833, 'subsample': 0.8507041263935121, 'colsample_bytree': 0.9641102424469674, 'min_child_weight': 2, 'reg_alpha': 0.469097605078902, 'reg_lambda': 0.41501924113207056}. Best is trial 21 with value: 0.7543913489764368.
[I 2026-04-12 00:32:02,603] Trial 24 finished with value: 0.7546934463194976 and parameters: {'n_estimators': 751, 'max_depth': 3, 'learning_rate': 0.02498048524374565, 'subsample': 0.7853136495994841, 'colsample_bytree': 0.6041017980893417, 'min_child_weight': 2, 'reg_alpha': 0.721977287659129, 'reg_lambda': 0.8351782291219739}. Best is trial 24 with value: 0.7546934463194976.
[I 2026-04-12 00:32:17,277] Trial 25 finished with value: 0.7539793259487765 and parameters: {'n_estimators': 781, 'max_depth': 3, 'learning_rate': 0.027365143065555333, 'subsample': 0.7879058021335554, 'colsample_bytree': 0.801463229401017, 'min_child_weight': 2, 'reg_alpha': 0.4713389897970332, 'reg_lambda': 0.8739732897914885}. Best is trial 24 with value: 0.7546934463194976.
[I 2026-04-12 00:32:36,096] Trial 26 finished with value: 0.7503859902571863 and parameters: {'n_estimators': 937, 'max_depth': 4, 'learning_rate': 0.039297318532240146, 'subsample': 0.6909438210455783, 'colsample_bytree': 0.6039648976322808, 'min_child_weight': 5, 'reg_alpha': 0.7103051530965131, 'reg_lambda': 0.8594618512699053}. Best is trial 24 with value: 0.7546934463194976.
[I 2026-04-12 00:32:50,277] Trial 27 finished with value: 0.751677994685536 and parameters: {'n_estimators': 775, 'max_depth': 3, 'learning_rate': 0.06468229840887293, 'subsample': 0.7470323858026444, 'colsample_bytree': 0.7541479668734722, 'min_child_weight': 1, 'reg_alpha': 0.5513468735017363, 'reg_lambda': 0.6877901122486795}. Best is trial 24 with value: 0.7546934463194976.
[I 2026-04-12 00:33:05,723] Trial 28 finished with value: 0.7539358335907309 and parameters: {'n_estimators': 727, 'max_depth': 4, 'learning_rate': 0.023881730065120982, 'subsample': 0.8034088161805565, 'colsample_bytree': 0.603829158993399, 'min_child_weight': 4, 'reg_alpha': 0.6315874124021875, 'reg_lambda': 0.1833200620754767}. Best is trial 24 with value: 0.7546934463194976.
[I 2026-04-12 00:33:23,053] Trial 29 finished with value: 0.7539645944217628 and parameters: {'n_estimators': 897, 'max_depth': 3, 'learning_rate': 0.01363184841074144, 'subsample': 0.8308064501256076, 'colsample_bytree': 0.832902548072056, 'min_child_weight': 2, 'reg_alpha': 0.8827605422923651, 'reg_lambda': 0.9465321199716643}. Best is trial 24 with value: 0.7546934463194976.
[I 2026-04-12 00:45:24,608] A new study created in memory with name: no-name-cb992d09-7684-4865-868d-b40ac144af12
[I 2026-04-12 00:45:35,316] Trial 0 finished with value: 0.7984083208326016 and parameters: {'n_estimators': 746, 'max_depth': 9, 'learning_rate': 0.01628540215449461, 'subsample': 0.9199951985982436, 'colsample_bytree': 0.6349568556067563, 'min_child_weight': 6, 'reg_alpha': 0.2255359206773565, 'reg_lambda': 0.010413469204152537}. Best is trial 0 with value: 0.7984083208326016.
[I 2026-04-12 00:45:40,236] Trial 1 finished with value: 0.8218453693787348 and parameters: {'n_estimators': 891, 'max_depth': 4, 'learning_rate': 0.13633068659636124, 'subsample': 0.8850363282469147, 'colsample_bytree': 0.9480897411981469, 'min_child_weight': 5, 'reg_alpha': 0.06589417919635532, 'reg_lambda': 0.315389994563015}. Best is trial 0 with value: 0.7984083208326016.
[I 2026-04-12 00:45:44,480] Trial 2 finished with value: 0.8091103075271625 and parameters: {'n_estimators': 424, 'max_depth': 7, 'learning_rate': 0.07537308155869171, 'subsample': 0.9639700417614724, 'colsample_bytree': 0.8809772248619064, 'min_child_weight': 8, 'reg_alpha': 0.25486663818569855, 'reg_lambda': 0.9291253493244503}. Best is trial 0 with value: 0.7984083208326016.
[I 2026-04-12 00:45:50,922] Trial 3 finished with value: 0.8875649651496869 and parameters: {'n_estimators': 873, 'max_depth': 5, 'learning_rate': 0.2459184333754002, 'subsample': 0.7344092357015506, 'colsample_bytree': 0.9548630414329663, 'min_child_weight': 4, 'reg_alpha': 0.552512978969531, 'reg_lambda': 0.683985417244868}. Best is trial 0 with value: 0.7984083208326016.
[I 2026-04-12 00:45:56,795] Trial 4 finished with value: 0.7917579819672782 and parameters: {'n_estimators': 503, 'max_depth': 8, 'learning_rate': 0.015220282002423906, 'subsample': 0.9944743032529254, 'colsample_bytree': 0.6884782868736676, 'min_child_weight': 9, 'reg_alpha': 0.17746005160808975, 'reg_lambda': 0.9867326520600843}. Best is trial 4 with value: 0.7917579819672782.
[I 2026-04-12 00:45:58,052] Trial 5 finished with value: 0.7841536110237719 and parameters: {'n_estimators': 229, 'max_depth': 3, 'learning_rate': 0.03764046691816054, 'subsample': 0.7546786721272677, 'colsample_bytree': 0.7045359069272703, 'min_child_weight': 3, 'reg_alpha': 0.7861883795732576, 'reg_lambda': 0.5216254029867338}. Best is trial 5 with value: 0.7841536110237719.
[I 2026-04-12 00:46:02,030] Trial 6 finished with value: 0.7845950250724689 and parameters: {'n_estimators': 541, 'max_depth': 5, 'learning_rate': 0.013053570047230208, 'subsample': 0.7524579259807684, 'colsample_bytree': 0.8820224903744416, 'min_child_weight': 1, 'reg_alpha': 0.836129958743478, 'reg_lambda': 0.7466065004589229}. Best is trial 5 with value: 0.7841536110237719.
[I 2026-04-12 00:46:09,748] Trial 7 finished with value: 0.7869004347618844 and parameters: {'n_estimators': 947, 'max_depth': 6, 'learning_rate': 0.014190778256664007, 'subsample': 0.7729283584520887, 'colsample_bytree': 0.960649871652662, 'min_child_weight': 8, 'reg_alpha': 0.8001980014929724, 'reg_lambda': 0.6028199132568045}. Best is trial 5 with value: 0.7841536110237719.
[I 2026-04-12 00:46:15,157] Trial 8 finished with value: 0.8609406604557629 and parameters: {'n_estimators': 774, 'max_depth': 5, 'learning_rate': 0.20426479371738165, 'subsample': 0.8827255961118469, 'colsample_bytree': 0.8015712142240612, 'min_child_weight': 6, 'reg_alpha': 0.76044128273104, 'reg_lambda': 0.7422853915196673}. Best is trial 5 with value: 0.7841536110237719.
[I 2026-04-12 00:46:19,231] Trial 9 finished with value: 0.7834815914260829 and parameters: {'n_estimators': 591, 'max_depth': 4, 'learning_rate': 0.01523738756779925, 'subsample': 0.9298644683798974, 'colsample_bytree': 0.9500637159857703, 'min_child_weight': 1, 'reg_alpha': 0.6422721129134601, 'reg_lambda': 0.957772667380222}. Best is trial 9 with value: 0.7834815914260829.
[I 2026-04-12 00:46:20,318] Trial 10 finished with value: 0.7855313793698927 and parameters: {'n_estimators': 161, 'max_depth': 3, 'learning_rate': 0.03386633140078506, 'subsample': 0.6357605111082858, 'colsample_bytree': 0.84879585195416, 'min_child_weight': 1, 'reg_alpha': 0.5145740346323118, 'reg_lambda': 0.3337502288258302}. Best is trial 9 with value: 0.7834815914260829.
[I 2026-04-12 00:46:21,721] Trial 11 finished with value: 0.784507602609446 and parameters: {'n_estimators': 249, 'max_depth': 3, 'learning_rate': 0.0355848014301279, 'subsample': 0.8425931401050465, 'colsample_bytree': 0.7184198275742328, 'min_child_weight': 3, 'reg_alpha': 0.9968622812976106, 'reg_lambda': 0.43219964074677164}. Best is trial 9 with value: 0.7834815914260829.
[I 2026-04-12 00:46:23,500] Trial 12 finished with value: 0.7847778003788293 and parameters: {'n_estimators': 314, 'max_depth': 3, 'learning_rate': 0.030322373699762664, 'subsample': 0.6585166475137096, 'colsample_bytree': 0.7489093412268152, 'min_child_weight': 2, 'reg_alpha': 0.6472304768900737, 'reg_lambda': 0.13207627767883695}. Best is trial 9 with value: 0.7834815914260829.
[I 2026-04-12 00:46:42,488] Trial 13 finished with value: 0.8217346156672662 and parameters: {'n_estimators': 688, 'max_depth': 10, 'learning_rate': 0.060506235227137134, 'subsample': 0.8246818095430309, 'colsample_bytree': 0.615900650056709, 'min_child_weight': 3, 'reg_alpha': 0.38667420218436777, 'reg_lambda': 0.8818536826596405}. Best is trial 9 with value: 0.7834815914260829.
[I 2026-04-12 00:46:44,993] Trial 14 finished with value: 0.7841878380874174 and parameters: {'n_estimators': 376, 'max_depth': 4, 'learning_rate': 0.023285079729167806, 'subsample': 0.7028366042638763, 'colsample_bytree': 0.9988842268203129, 'min_child_weight': 2, 'reg_alpha': 0.9961869383396074, 'reg_lambda': 0.5560680617485318}. Best is trial 9 with value: 0.7834815914260829.
[I 2026-04-12 00:46:46,065] Trial 15 finished with value: 0.7821041028431318 and parameters: {'n_estimators': 155, 'max_depth': 4, 'learning_rate': 0.08013634860499078, 'subsample': 0.8017515518482472, 'colsample_bytree': 0.7857194812955188, 'min_child_weight': 4, 'reg_alpha': 0.6679216950521069, 'reg_lambda': 0.8299469424818872}. Best is trial 15 with value: 0.7821041028431318.
[I 2026-04-12 00:46:51,813] Trial 16 finished with value: 0.8189078302719249 and parameters: {'n_estimators': 658, 'max_depth': 6, 'learning_rate': 0.09871317991088811, 'subsample': 0.9448229962249404, 'colsample_bytree': 0.7918110878624143, 'min_child_weight': 5, 'reg_alpha': 0.6462874728462464, 'reg_lambda': 0.840128452127775}. Best is trial 15 with value: 0.7821041028431318.
[I 2026-04-12 00:46:55,644] Trial 17 finished with value: 0.8053010450038606 and parameters: {'n_estimators': 610, 'max_depth': 4, 'learning_rate': 0.11598622746878295, 'subsample': 0.8101359318922214, 'colsample_bytree': 0.8173744684129656, 'min_child_weight': 4, 'reg_alpha': 0.378197402139892, 'reg_lambda': 0.8141016986046266}. Best is trial 15 with value: 0.7821041028431318.
[I 2026-04-12 00:47:01,189] Trial 18 finished with value: 0.8019151539408037 and parameters: {'n_estimators': 487, 'max_depth': 7, 'learning_rate': 0.05146175050098111, 'subsample': 0.8627536620011185, 'colsample_bytree': 0.8898086793714692, 'min_child_weight': 7, 'reg_alpha': 0.652474122134106, 'reg_lambda': 0.6839598962988387}. Best is trial 15 with value: 0.7821041028431318.
[I 2026-04-12 00:47:02,244] Trial 19 finished with value: 0.7848794223403505 and parameters: {'n_estimators': 104, 'max_depth': 5, 'learning_rate': 0.023655019662712037, 'subsample': 0.9167965143360849, 'colsample_bytree': 0.7619070335427574, 'min_child_weight': 1, 'reg_alpha': 0.41274091825231085, 'reg_lambda': 0.9637294059743907}. Best is trial 15 with value: 0.7821041028431318.
[I 2026-04-12 00:47:05,106] Trial 20 finished with value: 0.7840809480242028 and parameters: {'n_estimators': 398, 'max_depth': 4, 'learning_rate': 0.01002481693974111, 'subsample': 0.6885061671965911, 'colsample_bytree': 0.9207882481091868, 'min_child_weight': 4, 'reg_alpha': 0.8974067640681667, 'reg_lambda': 0.8142620688897333}. Best is trial 15 with value: 0.7821041028431318.
[I 2026-04-12 00:47:07,921] Trial 21 finished with value: 0.7840914141934308 and parameters: {'n_estimators': 375, 'max_depth': 4, 'learning_rate': 0.010024809118422224, 'subsample': 0.6934863166404254, 'colsample_bytree': 0.9219486725725554, 'min_child_weight': 4, 'reg_alpha': 0.8953510774153964, 'reg_lambda': 0.819693714560782}. Best is trial 15 with value: 0.7821041028431318.
[I 2026-04-12 00:47:09,977] Trial 22 finished with value: 0.7849443069692084 and parameters: {'n_estimators': 271, 'max_depth': 4, 'learning_rate': 0.010115911374200438, 'subsample': 0.7873069854341257, 'colsample_bytree': 0.8452009722805686, 'min_child_weight': 10, 'reg_alpha': 0.7140698674551045, 'reg_lambda': 0.9849759312140038}. Best is trial 15 with value: 0.7821041028431318.
[I 2026-04-12 00:47:14,103] Trial 23 finished with value: 0.787133493328544 and parameters: {'n_estimators': 438, 'max_depth': 6, 'learning_rate': 0.020493766780564606, 'subsample': 0.7030585596691592, 'colsample_bytree': 0.9830961255638865, 'min_child_weight': 5, 'reg_alpha': 0.9136484461815064, 'reg_lambda': 0.8906548772877689}. Best is trial 15 with value: 0.7821041028431318.
[I 2026-04-12 00:47:18,636] Trial 24 finished with value: 0.793947780784404 and parameters: {'n_estimators': 579, 'max_depth': 5, 'learning_rate': 0.051902251482358386, 'subsample': 0.6333147872032281, 'colsample_bytree': 0.9042144141090546, 'min_child_weight': 2, 'reg_alpha': 0.5803520013506587, 'reg_lambda': 0.7525738820012146}. Best is trial 15 with value: 0.7821041028431318.
[I 2026-04-12 00:47:19,774] Trial 25 finished with value: 0.7928070321366377 and parameters: {'n_estimators': 157, 'max_depth': 4, 'learning_rate': 0.1567781363751336, 'subsample': 0.6680733124238587, 'colsample_bytree': 0.8465071070945619, 'min_child_weight': 4, 'reg_alpha': 0.7023060107503912, 'reg_lambda': 0.6168845806169319}. Best is trial 15 with value: 0.7821041028431318.
[I 2026-04-12 00:47:21,817] Trial 26 finished with value: 0.7883437969132461 and parameters: {'n_estimators': 343, 'max_depth': 3, 'learning_rate': 0.08760717960391841, 'subsample': 0.996886623917992, 'colsample_bytree': 0.9231748893595656, 'min_child_weight': 3, 'reg_alpha': 0.46031569135063544, 'reg_lambda': 0.8960314052799788}. Best is trial 15 with value: 0.7821041028431318.
[I 2026-04-12 00:47:25,115] Trial 27 finished with value: 0.7976339881822033 and parameters: {'n_estimators': 430, 'max_depth': 5, 'learning_rate': 0.06677594831531876, 'subsample': 0.7325029139438183, 'colsample_bytree': 0.7707951270640139, 'min_child_weight': 7, 'reg_alpha': 0.8608265326659582, 'reg_lambda': 0.40908062613679896}. Best is trial 15 with value: 0.7821041028431318.
[I 2026-04-12 00:47:27,231] Trial 28 finished with value: 0.7852867957891597 and parameters: {'n_estimators': 187, 'max_depth': 6, 'learning_rate': 0.01933618128509463, 'subsample': 0.8407827726968903, 'colsample_bytree': 0.8298257383750254, 'min_child_weight': 2, 'reg_alpha': 0.5978247573412305, 'reg_lambda': 0.6723298854381862}. Best is trial 15 with value: 0.7821041028431318.
[I 2026-04-12 00:47:40,962] Trial 29 finished with value: 0.7903401061124562 and parameters: {'n_estimators': 749, 'max_depth': 9, 'learning_rate': 0.012071873523151859, 'subsample': 0.9145316607835386, 'colsample_bytree': 0.6674611411280693, 'min_child_weight': 6, 'reg_alpha': 0.723374870237693, 'reg_lambda': 0.8069471612145284}. Best is trial 15 with value: 0.7821041028431318.
[I 2026-04-12 00:53:26,669] A new study created in memory with name: no-name-8dadf235-ed17-43e8-82fd-7366ad081afb
[I 2026-04-12 00:53:29,053] Trial 0 finished with value: 0.7558958213227585 and parameters: {'n_estimators': 125, 'max_depth': 4, 'learning_rate': 0.21323951012460615, 'subsample': 0.7891514385371453, 'colsample_bytree': 0.9618321793504654, 'min_child_weight': 9, 'reg_alpha': 0.3160794941169838, 'reg_lambda': 0.6006095521483265}. Best is trial 0 with value: 0.7558958213227585.
[I 2026-04-12 00:53:32,178] Trial 1 finished with value: 0.7590975124116895 and parameters: {'n_estimators': 202, 'max_depth': 4, 'learning_rate': 0.1694354442369654, 'subsample': 0.866637041752463, 'colsample_bytree': 0.7482939855585764, 'min_child_weight': 5, 'reg_alpha': 0.2764380121093821, 'reg_lambda': 0.03687725691749821}. Best is trial 1 with value: 0.7590975124116895.
[I 2026-04-12 00:53:45,544] Trial 2 finished with value: 0.7587727644320904 and parameters: {'n_estimators': 388, 'max_depth': 9, 'learning_rate': 0.01229253418461149, 'subsample': 0.8271596314036023, 'colsample_bytree': 0.6686899050455147, 'min_child_weight': 6, 'reg_alpha': 0.4556645773669169, 'reg_lambda': 0.1147086839512802}. Best is trial 1 with value: 0.7590975124116895.
[I 2026-04-12 00:53:57,133] Trial 3 finished with value: 0.7590242768478339 and parameters: {'n_estimators': 589, 'max_depth': 6, 'learning_rate': 0.03794402778224574, 'subsample': 0.764052095818563, 'colsample_bytree': 0.9062318699462265, 'min_child_weight': 5, 'reg_alpha': 0.5441524417241916, 'reg_lambda': 0.5878427500689207}. Best is trial 1 with value: 0.7590975124116895.
[I 2026-04-12 00:54:09,052] Trial 4 finished with value: 0.7286146097270374 and parameters: {'n_estimators': 525, 'max_depth': 7, 'learning_rate': 0.23936877732024803, 'subsample': 0.818851367314642, 'colsample_bytree': 0.6709169669226948, 'min_child_weight': 1, 'reg_alpha': 0.31372539460736026, 'reg_lambda': 0.09841409988473926}. Best is trial 1 with value: 0.7590975124116895.
[I 2026-04-12 00:54:25,139] Trial 5 finished with value: 0.7628182218322697 and parameters: {'n_estimators': 970, 'max_depth': 4, 'learning_rate': 0.013002136529798484, 'subsample': 0.7279576176283172, 'colsample_bytree': 0.9579673253818537, 'min_child_weight': 9, 'reg_alpha': 0.025760764711735495, 'reg_lambda': 0.05108310812080752}. Best is trial 5 with value: 0.7628182218322697.
[I 2026-04-12 00:54:41,463] Trial 6 finished with value: 0.7598778897498571 and parameters: {'n_estimators': 426, 'max_depth': 9, 'learning_rate': 0.014209299751062558, 'subsample': 0.7470812497728284, 'colsample_bytree': 0.8424446567317356, 'min_child_weight': 6, 'reg_alpha': 0.9274626541567894, 'reg_lambda': 0.5229058035220732}. Best is trial 5 with value: 0.7628182218322697.
[I 2026-04-12 00:55:10,679] Trial 7 finished with value: 0.7373924045722393 and parameters: {'n_estimators': 825, 'max_depth': 10, 'learning_rate': 0.11186544518293602, 'subsample': 0.8682090879835882, 'colsample_bytree': 0.7068149823356819, 'min_child_weight': 8, 'reg_alpha': 0.860635469270489, 'reg_lambda': 0.7528207025465055}. Best is trial 5 with value: 0.7628182218322697.
[I 2026-04-12 00:55:18,461] Trial 8 finished with value: 0.7399135685213375 and parameters: {'n_estimators': 426, 'max_depth': 4, 'learning_rate': 0.20004160574101415, 'subsample': 0.6171014288190826, 'colsample_bytree': 0.6852902617540764, 'min_child_weight': 3, 'reg_alpha': 0.26615754747690346, 'reg_lambda': 0.10852274140955542}. Best is trial 5 with value: 0.7628182218322697.
[I 2026-04-12 00:55:27,779] Trial 9 finished with value: 0.7300439639154336 and parameters: {'n_estimators': 470, 'max_depth': 5, 'learning_rate': 0.2166320980000674, 'subsample': 0.7084341784336099, 'colsample_bytree': 0.6540039044582144, 'min_child_weight': 2, 'reg_alpha': 0.3413152990077044, 'reg_lambda': 0.8344804111018308}. Best is trial 5 with value: 0.7628182218322697.
[I 2026-04-12 00:55:42,939] Trial 10 finished with value: 0.7621879905837258 and parameters: {'n_estimators': 960, 'max_depth': 3, 'learning_rate': 0.030212039767887805, 'subsample': 0.988500548789065, 'colsample_bytree': 0.9917994795191072, 'min_child_weight': 9, 'reg_alpha': 0.044185924923966516, 'reg_lambda': 0.32792425279603116}. Best is trial 5 with value: 0.7628182218322697.
[I 2026-04-12 00:55:57,811] Trial 11 finished with value: 0.7620381905667485 and parameters: {'n_estimators': 908, 'max_depth': 3, 'learning_rate': 0.026564814780881008, 'subsample': 0.9765363836444437, 'colsample_bytree': 0.9857776097472981, 'min_child_weight': 10, 'reg_alpha': 0.005806679053554552, 'reg_lambda': 0.31785772378127286}. Best is trial 5 with value: 0.7628182218322697.
[I 2026-04-12 00:56:13,881] Trial 12 finished with value: 0.761987960594059 and parameters: {'n_estimators': 984, 'max_depth': 3, 'learning_rate': 0.020852915457907774, 'subsample': 0.987139073574752, 'colsample_bytree': 0.8930511015838625, 'min_child_weight': 8, 'reg_alpha': 0.008577441079209516, 'reg_lambda': 0.22965074302247676}. Best is trial 5 with value: 0.7628182218322697.
[I 2026-04-12 00:56:30,976] Trial 13 finished with value: 0.7508682756704619 and parameters: {'n_estimators': 740, 'max_depth': 6, 'learning_rate': 0.06694168822108659, 'subsample': 0.6719215914060157, 'colsample_bytree': 0.9295965276512321, 'min_child_weight': 10, 'reg_alpha': 0.12658180022781093, 'reg_lambda': 0.34642185753884014}. Best is trial 5 with value: 0.7628182218322697.
[I 2026-04-12 00:56:42,386] Trial 14 finished with value: 0.7626484649593452 and parameters: {'n_estimators': 701, 'max_depth': 3, 'learning_rate': 0.044420386943270336, 'subsample': 0.9204078986342983, 'colsample_bytree': 0.8626685753052525, 'min_child_weight': 8, 'reg_alpha': 0.673840062331775, 'reg_lambda': 0.37154543335891327}. Best is trial 5 with value: 0.7628182218322697.
[I 2026-04-12 00:56:56,068] Trial 15 finished with value: 0.7586299847459417 and parameters: {'n_estimators': 688, 'max_depth': 5, 'learning_rate': 0.05326460353085039, 'subsample': 0.9185541779225904, 'colsample_bytree': 0.8238673158877932, 'min_child_weight': 7, 'reg_alpha': 0.7250082338799687, 'reg_lambda': 0.95068578262629}. Best is trial 5 with value: 0.7628182218322697.
[I 2026-04-12 00:57:16,698] Trial 16 finished with value: 0.7409248669527829 and parameters: {'n_estimators': 824, 'max_depth': 7, 'learning_rate': 0.0849085185388599, 'subsample': 0.9215450544106046, 'colsample_bytree': 0.86351123753855, 'min_child_weight': 8, 'reg_alpha': 0.6756665620436019, 'reg_lambda': 0.42631916049762214}. Best is trial 5 with value: 0.7628182218322697.
[I 2026-04-12 00:57:31,699] Trial 17 finished with value: 0.7625728068869644 and parameters: {'n_estimators': 621, 'max_depth': 5, 'learning_rate': 0.0103054236930613, 'subsample': 0.6823854485730372, 'colsample_bytree': 0.7770153389356624, 'min_child_weight': 7, 'reg_alpha': 0.6277394984857962, 'reg_lambda': 0.23341382359848012}. Best is trial 5 with value: 0.7628182218322697.
[I 2026-04-12 00:57:48,735] Trial 18 finished with value: 0.7628593055993022 and parameters: {'n_estimators': 831, 'max_depth': 4, 'learning_rate': 0.018707224950003504, 'subsample': 0.6019990937625104, 'colsample_bytree': 0.9298341262947879, 'min_child_weight': 9, 'reg_alpha': 0.8455008912742403, 'reg_lambda': 0.6920814027119575}. Best is trial 18 with value: 0.7628593055993022.
[I 2026-04-12 00:58:17,348] Trial 19 finished with value: 0.757602486818711 and parameters: {'n_estimators': 854, 'max_depth': 8, 'learning_rate': 0.016757532905437078, 'subsample': 0.6049851497689781, 'colsample_bytree': 0.6090468232190535, 'min_child_weight': 4, 'reg_alpha': 0.838069936411241, 'reg_lambda': 0.7098258524765966}. Best is trial 18 with value: 0.7628593055993022.
[I 2026-04-12 00:58:36,060] Trial 20 finished with value: 0.7636601177032623 and parameters: {'n_estimators': 789, 'max_depth': 5, 'learning_rate': 0.01970594794915588, 'subsample': 0.6326712293950653, 'colsample_bytree': 0.9441415354970164, 'min_child_weight': 10, 'reg_alpha': 0.15250631003528559, 'reg_lambda': 0.705728418063056}. Best is trial 20 with value: 0.7636601177032623.
[I 2026-04-12 00:58:53,886] Trial 21 finished with value: 0.7629103265951837 and parameters: {'n_estimators': 762, 'max_depth': 5, 'learning_rate': 0.019967475804947083, 'subsample': 0.6421647514829752, 'colsample_bytree': 0.9465279326710022, 'min_child_weight': 10, 'reg_alpha': 0.13127408745764702, 'reg_lambda': 0.7225571406457616}. Best is trial 20 with value: 0.7636601177032623.
[I 2026-04-12 00:59:11,497] Trial 22 finished with value: 0.7625086516101665 and parameters: {'n_estimators': 751, 'max_depth': 5, 'learning_rate': 0.020317616680141114, 'subsample': 0.6450047139290865, 'colsample_bytree': 0.9253419874628511, 'min_child_weight': 10, 'reg_alpha': 0.14584211517208687, 'reg_lambda': 0.7080786042255142}. Best is trial 20 with value: 0.7636601177032623.
[I 2026-04-12 00:59:32,955] Trial 23 finished with value: 0.758716338111064 and parameters: {'n_estimators': 792, 'max_depth': 6, 'learning_rate': 0.027116757099781095, 'subsample': 0.6445717687895702, 'colsample_bytree': 0.9473992344655838, 'min_child_weight': 10, 'reg_alpha': 0.4293902936203221, 'reg_lambda': 0.8686499814053419}. Best is trial 20 with value: 0.7636601177032623.
[I 2026-04-12 00:59:48,921] Trial 24 finished with value: 0.7622825837737643 and parameters: {'n_estimators': 639, 'max_depth': 5, 'learning_rate': 0.02297869629535313, 'subsample': 0.6005340172940392, 'colsample_bytree': 0.99802778930044, 'min_child_weight': 9, 'reg_alpha': 0.13799407184415244, 'reg_lambda': 0.601284445642887}. Best is trial 20 with value: 0.7636601177032623.
[I 2026-04-12 01:00:07,898] Trial 25 finished with value: 0.7612437890465734 and parameters: {'n_estimators': 916, 'max_depth': 4, 'learning_rate': 0.03607349692347512, 'subsample': 0.6460165261653346, 'colsample_bytree': 0.8957214626450141, 'min_child_weight': 10, 'reg_alpha': 0.22060340757615343, 'reg_lambda': 0.7922274591730112}. Best is trial 20 with value: 0.7636601177032623.
[I 2026-04-12 01:00:31,243] Trial 26 finished with value: 0.7611467568683598 and parameters: {'n_estimators': 884, 'max_depth': 6, 'learning_rate': 0.016144329476316336, 'subsample': 0.6853294266837734, 'colsample_bytree': 0.8022607413044258, 'min_child_weight': 7, 'reg_alpha': 0.19424623687737308, 'reg_lambda': 0.9795776472101452}. Best is trial 20 with value: 0.7636601177032623.
[I 2026-04-12 01:00:56,308] Trial 27 finished with value: 0.7622150007298013 and parameters: {'n_estimators': 779, 'max_depth': 7, 'learning_rate': 0.010325004186410911, 'subsample': 0.6388068905743087, 'colsample_bytree': 0.8745193001638953, 'min_child_weight': 9, 'reg_alpha': 0.3896762217233722, 'reg_lambda': 0.8792327268626188}. Best is trial 20 with value: 0.7636601177032623.
[I 2026-04-12 01:01:13,033] Trial 28 finished with value: 0.762568711693981 and parameters: {'n_estimators': 655, 'max_depth': 5, 'learning_rate': 0.01763395953383239, 'subsample': 0.7137005225327713, 'colsample_bytree': 0.9268517445599165, 'min_child_weight': 10, 'reg_alpha': 0.5663513951710193, 'reg_lambda': 0.6426754687484938}. Best is trial 20 with value: 0.7636601177032623.
[I 2026-04-12 01:01:24,805] Trial 29 finished with value: 0.7625269769807803 and parameters: {'n_estimators': 555, 'max_depth': 4, 'learning_rate': 0.03461905646365272, 'subsample': 0.6650759297196471, 'colsample_bytree': 0.9622358393687086, 'min_child_weight': 9, 'reg_alpha': 0.9714141729903024, 'reg_lambda': 0.4981267577205657}. Best is trial 20 with value: 0.7636601177032623.
[I 2026-04-12 01:14:59,518] A new study created in memory with name: no-name-9b7c8d86-73a9-4186-82a7-0ae4ee1784b8
[I 2026-04-12 01:15:06,782] Trial 0 finished with value: 1.3874502196533869 and parameters: {'n_estimators': 338, 'max_depth': 9, 'learning_rate': 0.22223923892836642, 'subsample': 0.9239547678023168, 'colsample_bytree': 0.9480437118176052, 'min_child_weight': 6, 'reg_alpha': 0.6264644849068589, 'reg_lambda': 0.31887022076251437}. Best is trial 0 with value: 1.3874502196533869.
[I 2026-04-12 01:15:10,327] Trial 1 finished with value: 1.276744628446224 and parameters: {'n_estimators': 498, 'max_depth': 5, 'learning_rate': 0.04123531038013396, 'subsample': 0.9420261455469459, 'colsample_bytree': 0.7797254277626954, 'min_child_weight': 7, 'reg_alpha': 0.6894494234653352, 'reg_lambda': 0.08956482141476807}. Best is trial 1 with value: 1.276744628446224.
[I 2026-04-12 01:15:17,567] Trial 2 finished with value: 1.299328313248765 and parameters: {'n_estimators': 702, 'max_depth': 7, 'learning_rate': 0.046690784596631486, 'subsample': 0.933021627475425, 'colsample_bytree': 0.9053624344924173, 'min_child_weight': 9, 'reg_alpha': 0.01136079228895015, 'reg_lambda': 0.6697500291328102}. Best is trial 1 with value: 1.276744628446224.
[I 2026-04-12 01:15:32,769] Trial 3 finished with value: 1.38243497644857 and parameters: {'n_estimators': 928, 'max_depth': 8, 'learning_rate': 0.1200745530767463, 'subsample': 0.6357626806384304, 'colsample_bytree': 0.7404821606586317, 'min_child_weight': 2, 'reg_alpha': 0.40451221693223316, 'reg_lambda': 0.5459349844964124}. Best is trial 1 with value: 1.276744628446224.
[I 2026-04-12 01:15:40,850] Trial 4 finished with value: 1.2888865316400866 and parameters: {'n_estimators': 389, 'max_depth': 9, 'learning_rate': 0.029191779321057182, 'subsample': 0.8949620754327179, 'colsample_bytree': 0.9249007506872761, 'min_child_weight': 5, 'reg_alpha': 0.6724916886032766, 'reg_lambda': 0.2536058037012907}. Best is trial 1 with value: 1.276744628446224.
[I 2026-04-12 01:15:47,447] Trial 5 finished with value: 1.3723976688272344 and parameters: {'n_estimators': 368, 'max_depth': 9, 'learning_rate': 0.11842290845021881, 'subsample': 0.6204442628036736, 'colsample_bytree': 0.8065789630183434, 'min_child_weight': 7, 'reg_alpha': 0.005888190489569345, 'reg_lambda': 0.26151442338883246}. Best is trial 1 with value: 1.276744628446224.
[I 2026-04-12 01:15:52,288] Trial 6 finished with value: 1.310786881731568 and parameters: {'n_estimators': 791, 'max_depth': 4, 'learning_rate': 0.10461978905047152, 'subsample': 0.7183483647196692, 'colsample_bytree': 0.9069536641041445, 'min_child_weight': 7, 'reg_alpha': 0.44470772349862575, 'reg_lambda': 0.7231324361468643}. Best is trial 1 with value: 1.276744628446224.
[I 2026-04-12 01:16:15,665] Trial 7 finished with value: 1.3201575521049989 and parameters: {'n_estimators': 771, 'max_depth': 10, 'learning_rate': 0.05773009334711053, 'subsample': 0.8310970241916995, 'colsample_bytree': 0.7690092708750874, 'min_child_weight': 3, 'reg_alpha': 0.18197543674569172, 'reg_lambda': 0.6208905788586516}. Best is trial 1 with value: 1.276744628446224.
[I 2026-04-12 01:16:23,433] Trial 8 finished with value: 1.3963838311157992 and parameters: {'n_estimators': 941, 'max_depth': 5, 'learning_rate': 0.19082342390420376, 'subsample': 0.754129218675471, 'colsample_bytree': 0.6988775577210857, 'min_child_weight': 1, 'reg_alpha': 0.5188222455150179, 'reg_lambda': 0.884046678283672}. Best is trial 1 with value: 1.276744628446224.
[I 2026-04-12 01:16:25,603] Trial 9 finished with value: 1.29847230355759 and parameters: {'n_estimators': 118, 'max_depth': 8, 'learning_rate': 0.09175306293584377, 'subsample': 0.7026382092318707, 'colsample_bytree': 0.8923510877680828, 'min_child_weight': 5, 'reg_alpha': 0.8127720543403766, 'reg_lambda': 0.516685797065176}. Best is trial 1 with value: 1.276744628446224.
[I 2026-04-12 01:16:30,631] Trial 10 finished with value: 1.2717891042809022 and parameters: {'n_estimators': 550, 'max_depth': 5, 'learning_rate': 0.011710064727405574, 'subsample': 0.989220728582279, 'colsample_bytree': 0.6318519425639467, 'min_child_weight': 10, 'reg_alpha': 0.9027283762338767, 'reg_lambda': 0.04844414652204339}. Best is trial 10 with value: 1.2717891042809022.
[I 2026-04-12 01:16:34,539] Trial 11 finished with value: 1.272822830817362 and parameters: {'n_estimators': 592, 'max_depth': 3, 'learning_rate': 0.010044637781177982, 'subsample': 0.9960808758179626, 'colsample_bytree': 0.6020676788938175, 'min_child_weight': 10, 'reg_alpha': 0.8936785774604846, 'reg_lambda': 0.011287074306241415}. Best is trial 10 with value: 1.2717891042809022.
[I 2026-04-12 01:16:38,626] Trial 12 finished with value: 1.272456196955648 and parameters: {'n_estimators': 624, 'max_depth': 3, 'learning_rate': 0.010097802864911364, 'subsample': 0.9958327903081096, 'colsample_bytree': 0.6015348747582024, 'min_child_weight': 10, 'reg_alpha': 0.9407129316119828, 'reg_lambda': 0.027585152674162016}. Best is trial 10 with value: 1.2717891042809022.
[I 2026-04-12 01:16:42,578] Trial 13 finished with value: 1.2725573634668184 and parameters: {'n_estimators': 589, 'max_depth': 3, 'learning_rate': 0.010257502456817745, 'subsample': 0.998774025053362, 'colsample_bytree': 0.6039069483330018, 'min_child_weight': 10, 'reg_alpha': 0.9890706400577817, 'reg_lambda': 0.13643057132226838}. Best is trial 10 with value: 1.2717891042809022.
[I 2026-04-12 01:16:46,768] Trial 14 finished with value: 1.2730263420943948 and parameters: {'n_estimators': 492, 'max_depth': 5, 'learning_rate': 0.019225306963650848, 'subsample': 0.820221452682754, 'colsample_bytree': 0.6561551940983142, 'min_child_weight': 9, 'reg_alpha': 0.8349379586649313, 'reg_lambda': 0.31951545680292937}. Best is trial 10 with value: 1.2717891042809022.
[I 2026-04-12 01:16:49,364] Trial 15 finished with value: 1.2747018075315752 and parameters: {'n_estimators': 212, 'max_depth': 6, 'learning_rate': 0.01691871680981608, 'subsample': 0.8710395808700057, 'colsample_bytree': 0.652371703730798, 'min_child_weight': 9, 'reg_alpha': 0.9923622191811978, 'reg_lambda': 0.13844241398673593}. Best is trial 10 with value: 1.2717891042809022.
[I 2026-04-12 01:16:54,388] Trial 16 finished with value: 1.2701576066935274 and parameters: {'n_estimators': 666, 'max_depth': 4, 'learning_rate': 0.017963509972784206, 'subsample': 0.9772233123907856, 'colsample_bytree': 0.6722261927263075, 'min_child_weight': 8, 'reg_alpha': 0.7434241966084123, 'reg_lambda': 0.38222362194452497}. Best is trial 16 with value: 1.2701576066935274.
[I 2026-04-12 01:17:02,731] Trial 17 finished with value: 1.2764884249859056 and parameters: {'n_estimators': 805, 'max_depth': 6, 'learning_rate': 0.01852408960681983, 'subsample': 0.8718068387299103, 'colsample_bytree': 0.6923420272895514, 'min_child_weight': 8, 'reg_alpha': 0.7797655696400624, 'reg_lambda': 0.4018939049349105}. Best is trial 16 with value: 1.2701576066935274.
[I 2026-04-12 01:17:08,031] Trial 18 finished with value: 1.2734711832514676 and parameters: {'n_estimators': 697, 'max_depth': 4, 'learning_rate': 0.026110039046253097, 'subsample': 0.950666044371121, 'colsample_bytree': 0.839328727794734, 'min_child_weight': 8, 'reg_alpha': 0.3195100159424698, 'reg_lambda': 0.9071189736712305}. Best is trial 16 with value: 1.2701576066935274.
[I 2026-04-12 01:17:11,853] Trial 19 finished with value: 1.2707154570198855 and parameters: {'n_estimators': 456, 'max_depth': 4, 'learning_rate': 0.014621245881283398, 'subsample': 0.7787187984563902, 'colsample_bytree': 0.9923085912147172, 'min_child_weight': 4, 'reg_alpha': 0.579154809097089, 'reg_lambda': 0.4368338596446503}. Best is trial 16 with value: 1.2701576066935274.
[I 2026-04-12 01:17:14,091] Trial 20 finished with value: 1.2724035347942384 and parameters: {'n_estimators': 264, 'max_depth': 4, 'learning_rate': 0.025651793591781456, 'subsample': 0.7880881200523797, 'colsample_bytree': 0.9954114207711406, 'min_child_weight': 4, 'reg_alpha': 0.5728042249955105, 'reg_lambda': 0.7641162708102802}. Best is trial 16 with value: 1.2701576066935274.
[I 2026-04-12 01:17:17,884] Trial 21 finished with value: 1.2696784795070017 and parameters: {'n_estimators': 465, 'max_depth': 4, 'learning_rate': 0.01485137265737071, 'subsample': 0.7571861937350701, 'colsample_bytree': 0.6542692756881696, 'min_child_weight': 4, 'reg_alpha': 0.7287940991684763, 'reg_lambda': 0.4296540660049556}. Best is trial 21 with value: 1.2696784795070017.
[I 2026-04-12 01:17:21,543] Trial 22 finished with value: 1.2703503437085013 and parameters: {'n_estimators': 448, 'max_depth': 4, 'learning_rate': 0.01582587414742189, 'subsample': 0.7716819386751049, 'colsample_bytree': 0.7103129720280729, 'min_child_weight': 4, 'reg_alpha': 0.7316761498278416, 'reg_lambda': 0.3848791804195213}. Best is trial 21 with value: 1.2696784795070017.
[I 2026-04-12 01:17:24,374] Trial 23 finished with value: 1.2702686961565117 and parameters: {'n_estimators': 417, 'max_depth': 3, 'learning_rate': 0.03358048840148849, 'subsample': 0.6942808816145497, 'colsample_bytree': 0.7136550179492144, 'min_child_weight': 3, 'reg_alpha': 0.7268731622266927, 'reg_lambda': 0.40280730525628267}. Best is trial 21 with value: 1.2696784795070017.
[I 2026-04-12 01:17:26,386] Trial 24 finished with value: 1.2707927287323564 and parameters: {'n_estimators': 284, 'max_depth': 3, 'learning_rate': 0.035519348313583624, 'subsample': 0.6735117157559468, 'colsample_bytree': 0.7324877409733117, 'min_child_weight': 2, 'reg_alpha': 0.7608951005469211, 'reg_lambda': 0.4738867798767552}. Best is trial 21 with value: 1.2696784795070017.
[I 2026-04-12 01:17:30,813] Trial 25 finished with value: 1.2777026446200124 and parameters: {'n_estimators': 656, 'max_depth': 3, 'learning_rate': 0.06521159140778927, 'subsample': 0.7331276965445879, 'colsample_bytree': 0.661768455559996, 'min_child_weight': 2, 'reg_alpha': 0.6328205644004551, 'reg_lambda': 0.5650427755787952}. Best is trial 21 with value: 1.2696784795070017.
[I 2026-04-12 01:17:34,015] Trial 26 finished with value: 1.2707071299083084 and parameters: {'n_estimators': 400, 'max_depth': 4, 'learning_rate': 0.022506010847138182, 'subsample': 0.6730382013186239, 'colsample_bytree': 0.6783018659109661, 'min_child_weight': 3, 'reg_alpha': 0.8485821814139585, 'reg_lambda': 0.2368379678964241}. Best is trial 21 with value: 1.2696784795070017.
[I 2026-04-12 01:17:39,916] Trial 27 finished with value: 1.284465616284804 and parameters: {'n_estimators': 552, 'max_depth': 6, 'learning_rate': 0.0346800207236766, 'subsample': 0.6802447295406548, 'colsample_bytree': 0.7299960629019812, 'min_child_weight': 6, 'reg_alpha': 0.7227340123985897, 'reg_lambda': 0.3499853957917495}. Best is trial 21 with value: 1.2696784795070017.
[I 2026-04-12 01:17:47,615] Trial 28 finished with value: 1.2722216270718187 and parameters: {'n_estimators': 875, 'max_depth': 5, 'learning_rate': 0.013582366751753668, 'subsample': 0.8259913263289561, 'colsample_bytree': 0.6364312211599573, 'min_child_weight': 3, 'reg_alpha': 0.5041648859243903, 'reg_lambda': 0.47185839032870286}. Best is trial 21 with value: 1.2696784795070017.
[I 2026-04-12 01:17:51,988] Trial 29 finished with value: 1.2746624677463896 and parameters: {'n_estimators': 316, 'max_depth': 7, 'learning_rate': 0.0226611131418348, 'subsample': 0.7466972335851615, 'colsample_bytree': 0.8275163238045223, 'min_child_weight': 5, 'reg_alpha': 0.654402211807093, 'reg_lambda': 0.19288370412284456}. Best is trial 21 with value: 1.2696784795070017.
[I 2026-04-12 01:24:59,429] A new study created in memory with name: no-name-66602a30-99a1-49e1-bb18-c8471eb2208f
[I 2026-04-12 01:25:02,925] Trial 0 finished with value: 0.7331470166387701 and parameters: {'n_estimators': 107, 'max_depth': 8, 'learning_rate': 0.13551183045368714, 'subsample': 0.9834395640943286, 'colsample_bytree': 0.6285816933209082, 'min_child_weight': 1, 'reg_alpha': 0.7522996506521995, 'reg_lambda': 0.07735975060870781}. Best is trial 0 with value: 0.7331470166387701.
[I 2026-04-12 01:25:18,918] Trial 1 finished with value: 0.7341561412588644 and parameters: {'n_estimators': 405, 'max_depth': 10, 'learning_rate': 0.04164149318342432, 'subsample': 0.8521268057295935, 'colsample_bytree': 0.7330757053568628, 'min_child_weight': 6, 'reg_alpha': 0.6729270784375354, 'reg_lambda': 0.21459497608295353}. Best is trial 1 with value: 0.7341561412588644.
[I 2026-04-12 01:25:37,490] Trial 2 finished with value: 0.743746122942636 and parameters: {'n_estimators': 707, 'max_depth': 7, 'learning_rate': 0.02338718173104508, 'subsample': 0.8620479095263022, 'colsample_bytree': 0.8114431459829027, 'min_child_weight': 5, 'reg_alpha': 0.9446119783040596, 'reg_lambda': 0.6793643782544193}. Best is trial 2 with value: 0.743746122942636.
[I 2026-04-12 01:25:43,221] Trial 3 finished with value: 0.7429274919483055 and parameters: {'n_estimators': 296, 'max_depth': 4, 'learning_rate': 0.11217026658916922, 'subsample': 0.8309141142391822, 'colsample_bytree': 0.9686294802673175, 'min_child_weight': 2, 'reg_alpha': 0.43411528733635074, 'reg_lambda': 0.5219243175726347}. Best is trial 2 with value: 0.743746122942636.
[I 2026-04-12 01:26:02,892] Trial 4 finished with value: 0.739804691023108 and parameters: {'n_estimators': 596, 'max_depth': 9, 'learning_rate': 0.028874479327151103, 'subsample': 0.9160244684776456, 'colsample_bytree': 0.6910162026936756, 'min_child_weight': 10, 'reg_alpha': 0.825763514915888, 'reg_lambda': 0.692241750470553}. Best is trial 2 with value: 0.743746122942636.
[I 2026-04-12 01:26:25,248] Trial 5 finished with value: 0.7150903921340374 and parameters: {'n_estimators': 823, 'max_depth': 7, 'learning_rate': 0.20600622733105067, 'subsample': 0.6859208912952907, 'colsample_bytree': 0.8294861320285651, 'min_child_weight': 3, 'reg_alpha': 0.5780832142172125, 'reg_lambda': 0.7235973852623251}. Best is trial 2 with value: 0.743746122942636.
[I 2026-04-12 01:26:44,654] Trial 6 finished with value: 0.7234314279644707 and parameters: {'n_estimators': 746, 'max_depth': 7, 'learning_rate': 0.1055011184575086, 'subsample': 0.9008602008789296, 'colsample_bytree': 0.9269826093706275, 'min_child_weight': 7, 'reg_alpha': 0.3083747136760342, 'reg_lambda': 0.27977293257877023}. Best is trial 2 with value: 0.743746122942636.
[I 2026-04-12 01:26:50,086] Trial 7 finished with value: 0.7462716751431004 and parameters: {'n_estimators': 188, 'max_depth': 5, 'learning_rate': 0.02797217918108662, 'subsample': 0.8931628901276618, 'colsample_bytree': 0.7802145323072606, 'min_child_weight': 3, 'reg_alpha': 0.9936635287859831, 'reg_lambda': 0.5463144335994472}. Best is trial 7 with value: 0.7462716751431004.
[I 2026-04-12 01:27:07,646] Trial 8 finished with value: 0.742850462880666 and parameters: {'n_estimators': 793, 'max_depth': 5, 'learning_rate': 0.04175975231002994, 'subsample': 0.697659650957684, 'colsample_bytree': 0.6241095565595163, 'min_child_weight': 9, 'reg_alpha': 0.8114100437685466, 'reg_lambda': 0.6175463148669226}. Best is trial 7 with value: 0.7462716751431004.
[I 2026-04-12 01:27:13,232] Trial 9 finished with value: 0.7455999905220204 and parameters: {'n_estimators': 223, 'max_depth': 5, 'learning_rate': 0.07884512397088995, 'subsample': 0.9738855827704983, 'colsample_bytree': 0.8598094805836709, 'min_child_weight': 8, 'reg_alpha': 0.9604941855512802, 'reg_lambda': 0.5468531746277888}. Best is trial 7 with value: 0.7462716751431004.
[I 2026-04-12 01:27:23,079] Trial 10 finished with value: 0.7434253070970273 and parameters: {'n_estimators': 454, 'max_depth': 3, 'learning_rate': 0.012487673234307146, 'subsample': 0.7577063955663691, 'colsample_bytree': 0.7428661307543811, 'min_child_weight': 4, 'reg_alpha': 0.08414190658671872, 'reg_lambda': 0.980881121347734}. Best is trial 7 with value: 0.7462716751431004.
[I 2026-04-12 01:27:26,794] Trial 11 finished with value: 0.7467353325315723 and parameters: {'n_estimators': 121, 'max_depth': 5, 'learning_rate': 0.06803199543063089, 'subsample': 0.9746383625026711, 'colsample_bytree': 0.8816977601046394, 'min_child_weight': 8, 'reg_alpha': 0.9472009103685276, 'reg_lambda': 0.4126582518482712}. Best is trial 11 with value: 0.7467353325315723.
[I 2026-04-12 01:27:30,716] Trial 12 finished with value: 0.7389921312449791 and parameters: {'n_estimators': 105, 'max_depth': 5, 'learning_rate': 0.014137107651824389, 'subsample': 0.6095020658607133, 'colsample_bytree': 0.8860509710258772, 'min_child_weight': 6, 'reg_alpha': 0.9677512713255334, 'reg_lambda': 0.3460712627734656}. Best is trial 11 with value: 0.7467353325315723.
[I 2026-04-12 01:27:37,086] Trial 13 finished with value: 0.7444815840102944 and parameters: {'n_estimators': 278, 'max_depth': 3, 'learning_rate': 0.02270452915446119, 'subsample': 0.9227311215279632, 'colsample_bytree': 0.7684434934167487, 'min_child_weight': 4, 'reg_alpha': 0.4790552192871841, 'reg_lambda': 0.4004930561434853}. Best is trial 11 with value: 0.7467353325315723.
[I 2026-04-12 01:28:01,650] Trial 14 finished with value: 0.7342791427881882 and parameters: {'n_estimators': 975, 'max_depth': 6, 'learning_rate': 0.06095632479748712, 'subsample': 0.9553297986491102, 'colsample_bytree': 0.916588588333131, 'min_child_weight': 8, 'reg_alpha': 0.6511839213707387, 'reg_lambda': 0.8515030084999162}. Best is trial 11 with value: 0.7467353325315723.
[I 2026-04-12 01:28:06,844] Trial 15 finished with value: 0.7472120581924353 and parameters: {'n_estimators': 193, 'max_depth': 4, 'learning_rate': 0.04573509362754039, 'subsample': 0.7839669556093192, 'colsample_bytree': 0.9883541303807801, 'min_child_weight': 1, 'reg_alpha': 0.99576916491297, 'reg_lambda': 0.4326226196580647}. Best is trial 15 with value: 0.7472120581924353.
[I 2026-04-12 01:28:16,877] Trial 16 finished with value: 0.7464960971174357 and parameters: {'n_estimators': 464, 'max_depth': 4, 'learning_rate': 0.060220376845267445, 'subsample': 0.7774051331030881, 'colsample_bytree': 0.9767473815429635, 'min_child_weight': 1, 'reg_alpha': 0.8385013841422896, 'reg_lambda': 0.13661288661811455}. Best is trial 15 with value: 0.7472120581924353.
[I 2026-04-12 01:28:24,443] Trial 17 finished with value: 0.7333331678291939 and parameters: {'n_estimators': 355, 'max_depth': 4, 'learning_rate': 0.2099834198911364, 'subsample': 0.7272737619257361, 'colsample_bytree': 0.9368474700977834, 'min_child_weight': 10, 'reg_alpha': 0.26531709383381186, 'reg_lambda': 0.40350257417154095}. Best is trial 15 with value: 0.7472120581924353.
[I 2026-04-12 01:28:39,215] Trial 18 finished with value: 0.7429779420343546 and parameters: {'n_estimators': 550, 'max_depth': 6, 'learning_rate': 0.042727485104843345, 'subsample': 0.8145697616601563, 'colsample_bytree': 0.996325971719688, 'min_child_weight': 7, 'reg_alpha': 0.004143599952258992, 'reg_lambda': 0.20170086589190145}. Best is trial 15 with value: 0.7472120581924353.
[I 2026-04-12 01:28:43,123] Trial 19 finished with value: 0.740733144665169 and parameters: {'n_estimators': 183, 'max_depth': 3, 'learning_rate': 0.28537245095220265, 'subsample': 0.784572727757544, 'colsample_bytree': 0.8740734985710261, 'min_child_weight': 8, 'reg_alpha': 0.8696707614377287, 'reg_lambda': 0.005121060188473081}. Best is trial 15 with value: 0.7472120581924353.
[I 2026-04-12 01:28:50,577] Trial 20 finished with value: 0.7440455297626913 and parameters: {'n_estimators': 338, 'max_depth': 4, 'learning_rate': 0.09144217936261337, 'subsample': 0.6267510509797755, 'colsample_bytree': 0.8416989872064693, 'min_child_weight': 5, 'reg_alpha': 0.728893327049948, 'reg_lambda': 0.4420589031914941}. Best is trial 15 with value: 0.7472120581924353.
[I 2026-04-12 01:29:02,272] Trial 21 finished with value: 0.7448805391122003 and parameters: {'n_estimators': 553, 'max_depth': 4, 'learning_rate': 0.06358776805190745, 'subsample': 0.7671096204748017, 'colsample_bytree': 0.9992256756549691, 'min_child_weight': 1, 'reg_alpha': 0.9125601582079222, 'reg_lambda': 0.13314339967579822}. Best is trial 15 with value: 0.7472120581924353.
[I 2026-04-12 01:29:14,420] Trial 22 finished with value: 0.7442981120205426 and parameters: {'n_estimators': 434, 'max_depth': 6, 'learning_rate': 0.0501208222395322, 'subsample': 0.7263590181590398, 'colsample_bytree': 0.9587426878370983, 'min_child_weight': 2, 'reg_alpha': 0.8590191749956297, 'reg_lambda': 0.28915513258766246}. Best is trial 15 with value: 0.7472120581924353.
[I 2026-04-12 01:29:20,558] Trial 23 finished with value: 0.7462539039313034 and parameters: {'n_estimators': 240, 'max_depth': 4, 'learning_rate': 0.07582238205188864, 'subsample': 0.7932012298524799, 'colsample_bytree': 0.9038918286564105, 'min_child_weight': 1, 'reg_alpha': 0.7836994067381872, 'reg_lambda': 0.16025524773646116}. Best is trial 15 with value: 0.7472120581924353.
[I 2026-04-12 01:29:25,376] Trial 24 finished with value: 0.7458905281227256 and parameters: {'n_estimators': 142, 'max_depth': 5, 'learning_rate': 0.030296438809495705, 'subsample': 0.6575228200754498, 'colsample_bytree': 0.9632512504269682, 'min_child_weight': 2, 'reg_alpha': 0.6061568917936729, 'reg_lambda': 0.29552016796757574}. Best is trial 15 with value: 0.7472120581924353.
[I 2026-04-12 01:29:35,083] Trial 25 finished with value: 0.742528299241447 and parameters: {'n_estimators': 502, 'max_depth': 3, 'learning_rate': 0.12799808505036736, 'subsample': 0.7511376049142108, 'colsample_bytree': 0.9448677358605063, 'min_child_weight': 3, 'reg_alpha': 0.8780278220303047, 'reg_lambda': 0.4846826209635526}. Best is trial 15 with value: 0.7472120581924353.
[I 2026-04-12 01:29:50,067] Trial 26 finished with value: 0.7480116644040121 and parameters: {'n_estimators': 667, 'max_depth': 4, 'learning_rate': 0.017563759065670228, 'subsample': 0.8491783884325945, 'colsample_bytree': 0.8979274787255259, 'min_child_weight': 4, 'reg_alpha': 0.7308176303849423, 'reg_lambda': 0.020868951512712466}. Best is trial 26 with value: 0.7480116644040121.
[I 2026-04-12 01:30:08,187] Trial 27 finished with value: 0.7471664216549943 and parameters: {'n_estimators': 638, 'max_depth': 6, 'learning_rate': 0.016066799496356726, 'subsample': 0.9415769651386603, 'colsample_bytree': 0.8916732375191071, 'min_child_weight': 4, 'reg_alpha': 0.7203939495061773, 'reg_lambda': 0.03572755504843711}. Best is trial 26 with value: 0.7480116644040121.
[I 2026-04-12 01:30:32,565] Trial 28 finished with value: 0.7441272085134543 and parameters: {'n_estimators': 652, 'max_depth': 8, 'learning_rate': 0.016035869387706885, 'subsample': 0.8716118897615172, 'colsample_bytree': 0.9020189590225635, 'min_child_weight': 4, 'reg_alpha': 0.5434794589579358, 'reg_lambda': 0.008655696130513223}. Best is trial 26 with value: 0.7480116644040121.
[I 2026-04-12 01:31:06,019] Trial 29 finished with value: 0.7455744111198854 and parameters: {'n_estimators': 887, 'max_depth': 8, 'learning_rate': 0.010149691588572377, 'subsample': 0.8294244585536358, 'colsample_bytree': 0.8535434470911425, 'min_child_weight': 5, 'reg_alpha': 0.723843858529844, 'reg_lambda': 0.10010465366615642}. Best is trial 26 with value: 0.7480116644040121.
[I 2026-04-12 01:43:45,071] A new study created in memory with name: no-name-ea7ec568-4f37-419a-80a4-3cb334864164
[I 2026-04-12 01:43:52,826] Trial 0 finished with value: 1.3710527403440291 and parameters: {'n_estimators': 817, 'max_depth': 7, 'learning_rate': 0.02060497263491496, 'subsample': 0.6291892005743012, 'colsample_bytree': 0.6478967451590145, 'min_child_weight': 8, 'reg_alpha': 0.4722908729364109, 'reg_lambda': 0.7592574050378926}. Best is trial 0 with value: 1.3710527403440291.
[I 2026-04-12 01:44:03,312] Trial 1 finished with value: 1.4662985372556057 and parameters: {'n_estimators': 929, 'max_depth': 7, 'learning_rate': 0.12991975341637466, 'subsample': 0.6386383038974965, 'colsample_bytree': 0.81803046144578, 'min_child_weight': 3, 'reg_alpha': 0.3120754415582938, 'reg_lambda': 0.8279070468809645}. Best is trial 0 with value: 1.3710527403440291.
[I 2026-04-12 01:44:12,156] Trial 2 finished with value: 1.3964812107509992 and parameters: {'n_estimators': 873, 'max_depth': 7, 'learning_rate': 0.04184692462506084, 'subsample': 0.8236782257954353, 'colsample_bytree': 0.6812371218595195, 'min_child_weight': 4, 'reg_alpha': 0.8926866383056794, 'reg_lambda': 0.6824995907164668}. Best is trial 0 with value: 1.3710527403440291.
[I 2026-04-12 01:44:22,869] Trial 3 finished with value: 1.3914115049720328 and parameters: {'n_estimators': 631, 'max_depth': 10, 'learning_rate': 0.03403456806191468, 'subsample': 0.9981950370339452, 'colsample_bytree': 0.6203532820356074, 'min_child_weight': 9, 'reg_alpha': 0.021219099664795182, 'reg_lambda': 0.6570372389050956}. Best is trial 0 with value: 1.3710527403440291.
[I 2026-04-12 01:44:27,307] Trial 4 finished with value: 1.3695056757717037 and parameters: {'n_estimators': 894, 'max_depth': 3, 'learning_rate': 0.058821438417512834, 'subsample': 0.8270482286760996, 'colsample_bytree': 0.7724870944348252, 'min_child_weight': 4, 'reg_alpha': 0.4518843095927335, 'reg_lambda': 0.636117025365974}. Best is trial 4 with value: 1.3695056757717037.
[I 2026-04-12 01:44:28,369] Trial 5 finished with value: 1.3634788190982323 and parameters: {'n_estimators': 174, 'max_depth': 3, 'learning_rate': 0.1324784535272632, 'subsample': 0.7502271790959842, 'colsample_bytree': 0.6405850192950809, 'min_child_weight': 8, 'reg_alpha': 0.06926932181012335, 'reg_lambda': 0.5994914382567912}. Best is trial 5 with value: 1.3634788190982323.
[I 2026-04-12 01:44:35,425] Trial 6 finished with value: 1.3609986198995663 and parameters: {'n_estimators': 990, 'max_depth': 5, 'learning_rate': 0.01284323677807032, 'subsample': 0.7444723465395305, 'colsample_bytree': 0.8900450005369096, 'min_child_weight': 1, 'reg_alpha': 0.22688288946664992, 'reg_lambda': 0.6177384156546175}. Best is trial 6 with value: 1.3609986198995663.
[I 2026-04-12 01:44:49,254] Trial 7 finished with value: 1.419781873399027 and parameters: {'n_estimators': 590, 'max_depth': 9, 'learning_rate': 0.0827043132027668, 'subsample': 0.9491804446396896, 'colsample_bytree': 0.9944210845118956, 'min_child_weight': 1, 'reg_alpha': 0.4232776817318843, 'reg_lambda': 0.6032942055076389}. Best is trial 6 with value: 1.3609986198995663.
[I 2026-04-12 01:44:51,705] Trial 8 finished with value: 1.3574735849588844 and parameters: {'n_estimators': 386, 'max_depth': 4, 'learning_rate': 0.026900109808562202, 'subsample': 0.7914946666538433, 'colsample_bytree': 0.7699065781809517, 'min_child_weight': 3, 'reg_alpha': 0.6517607448881761, 'reg_lambda': 0.6840227206062066}. Best is trial 8 with value: 1.3574735849588844.
[I 2026-04-12 01:44:57,817] Trial 9 finished with value: 1.3969478260093868 and parameters: {'n_estimators': 762, 'max_depth': 6, 'learning_rate': 0.06961964348964271, 'subsample': 0.8862269783761386, 'colsample_bytree': 0.6611765030802712, 'min_child_weight': 8, 'reg_alpha': 0.4823700110915341, 'reg_lambda': 0.41478200206209204}. Best is trial 8 with value: 1.3574735849588844.
[I 2026-04-12 01:45:00,144] Trial 10 finished with value: 1.4539727915085996 and parameters: {'n_estimators': 310, 'max_depth': 5, 'learning_rate': 0.24523487873720046, 'subsample': 0.7161584008643228, 'colsample_bytree': 0.7578573058194654, 'min_child_weight': 6, 'reg_alpha': 0.772462354193042, 'reg_lambda': 0.02813671546319929}. Best is trial 8 with value: 1.3574735849588844.
[I 2026-04-12 01:45:03,096] Trial 11 finished with value: 1.3591058634087703 and parameters: {'n_estimators': 347, 'max_depth': 5, 'learning_rate': 0.012969116741677998, 'subsample': 0.7311702166662174, 'colsample_bytree': 0.8778668107563963, 'min_child_weight': 1, 'reg_alpha': 0.7111247257329976, 'reg_lambda': 0.3938807653129977}. Best is trial 8 with value: 1.3574735849588844.
[I 2026-04-12 01:45:05,866] Trial 12 finished with value: 1.3585798611049642 and parameters: {'n_estimators': 383, 'max_depth': 4, 'learning_rate': 0.011078421529974689, 'subsample': 0.6897404561467688, 'colsample_bytree': 0.878221011148675, 'min_child_weight': 2, 'reg_alpha': 0.681060563787868, 'reg_lambda': 0.39985574910464433}. Best is trial 8 with value: 1.3574735849588844.
[I 2026-04-12 01:45:08,585] Trial 13 finished with value: 1.3584473009069158 and parameters: {'n_estimators': 414, 'max_depth': 4, 'learning_rate': 0.023718509846490095, 'subsample': 0.6694485600907998, 'colsample_bytree': 0.929806617806434, 'min_child_weight': 3, 'reg_alpha': 0.654505495308939, 'reg_lambda': 0.2198977054217734}. Best is trial 8 with value: 1.3574735849588844.
[I 2026-04-12 01:45:11,664] Trial 14 finished with value: 1.359378130462634 and parameters: {'n_estimators': 476, 'max_depth': 4, 'learning_rate': 0.02465826213095099, 'subsample': 0.6013825090273648, 'colsample_bytree': 0.9732418871168598, 'min_child_weight': 5, 'reg_alpha': 0.9725626394774245, 'reg_lambda': 0.19078556558872706}. Best is trial 8 with value: 1.3574735849588844.
[I 2026-04-12 01:45:12,600] Trial 15 finished with value: 1.3659302870292338 and parameters: {'n_estimators': 108, 'max_depth': 4, 'learning_rate': 0.021459790027386457, 'subsample': 0.8760043437092251, 'colsample_bytree': 0.7328498656771575, 'min_child_weight': 6, 'reg_alpha': 0.6270212082379174, 'reg_lambda': 0.9805275551968325}. Best is trial 8 with value: 1.3574735849588844.
[I 2026-04-12 01:45:16,912] Trial 16 finished with value: 1.3650451968600295 and parameters: {'n_estimators': 485, 'max_depth': 6, 'learning_rate': 0.029308840676735944, 'subsample': 0.7857653048026896, 'colsample_bytree': 0.8205669542424517, 'min_child_weight': 3, 'reg_alpha': 0.5891047610995496, 'reg_lambda': 0.23012704602054168}. Best is trial 8 with value: 1.3574735849588844.
[I 2026-04-12 01:45:18,416] Trial 17 finished with value: 1.3589491318214124 and parameters: {'n_estimators': 240, 'max_depth': 3, 'learning_rate': 0.042996186880750034, 'subsample': 0.6752250767063885, 'colsample_bytree': 0.9401395614901339, 'min_child_weight': 3, 'reg_alpha': 0.8068573953362803, 'reg_lambda': 0.19690713837404555}. Best is trial 8 with value: 1.3574735849588844.
[I 2026-04-12 01:45:27,855] Trial 18 finished with value: 1.367033530530099 and parameters: {'n_estimators': 690, 'max_depth': 8, 'learning_rate': 0.018218577901707975, 'subsample': 0.7900653591530341, 'colsample_bytree': 0.7153551217294252, 'min_child_weight': 5, 'reg_alpha': 0.6127452955364001, 'reg_lambda': 0.9681606089971124}. Best is trial 8 with value: 1.3574735849588844.
[I 2026-04-12 01:45:31,137] Trial 19 finished with value: 1.3563035554048177 and parameters: {'n_estimators': 456, 'max_depth': 4, 'learning_rate': 0.01581597499421989, 'subsample': 0.8791099692296874, 'colsample_bytree': 0.9280786449995801, 'min_child_weight': 2, 'reg_alpha': 0.8112706679002741, 'reg_lambda': 0.02497843137203054}. Best is trial 19 with value: 1.3563035554048177.
[I 2026-04-12 01:45:35,241] Trial 20 finished with value: 1.357303782811147 and parameters: {'n_estimators': 514, 'max_depth': 5, 'learning_rate': 0.015785797551758997, 'subsample': 0.8853227632703615, 'colsample_bytree': 0.8239636395422584, 'min_child_weight': 2, 'reg_alpha': 0.8532291504048917, 'reg_lambda': 0.06723305061565404}. Best is trial 19 with value: 1.3563035554048177.
[I 2026-04-12 01:45:39,479] Trial 21 finished with value: 1.3569629224243984 and parameters: {'n_estimators': 531, 'max_depth': 5, 'learning_rate': 0.016108612528234385, 'subsample': 0.8822717392191235, 'colsample_bytree': 0.7961340930599556, 'min_child_weight': 2, 'reg_alpha': 0.867251381822044, 'reg_lambda': 0.004553573929810751}. Best is trial 19 with value: 1.3563035554048177.
[I 2026-04-12 01:45:43,596] Trial 22 finished with value: 1.3577449206352121 and parameters: {'n_estimators': 519, 'max_depth': 5, 'learning_rate': 0.016532524195777366, 'subsample': 0.8990735421877477, 'colsample_bytree': 0.841266985311192, 'min_child_weight': 2, 'reg_alpha': 0.9809201535559888, 'reg_lambda': 0.0034958391770926927}. Best is trial 19 with value: 1.3563035554048177.
[I 2026-04-12 01:45:49,805] Trial 23 finished with value: 1.3603137601700597 and parameters: {'n_estimators': 654, 'max_depth': 6, 'learning_rate': 0.015249803916772681, 'subsample': 0.8572000494160013, 'colsample_bytree': 0.8608781125893818, 'min_child_weight': 2, 'reg_alpha': 0.8590176339006419, 'reg_lambda': 0.09634426557331839}. Best is trial 19 with value: 1.3563035554048177.
[I 2026-04-12 01:45:54,514] Trial 24 finished with value: 1.3563629757213864 and parameters: {'n_estimators': 553, 'max_depth': 5, 'learning_rate': 0.01036365445422665, 'subsample': 0.9261673304770788, 'colsample_bytree': 0.9211561476391275, 'min_child_weight': 2, 'reg_alpha': 0.9040319714588374, 'reg_lambda': 0.07993902598202524}. Best is trial 19 with value: 1.3563035554048177.
[I 2026-04-12 01:46:01,616] Trial 25 finished with value: 1.3575409681598338 and parameters: {'n_estimators': 720, 'max_depth': 6, 'learning_rate': 0.010183446791418025, 'subsample': 0.9465919940464252, 'colsample_bytree': 0.9184008654917045, 'min_child_weight': 4, 'reg_alpha': 0.9307702432145369, 'reg_lambda': 0.14023279659598561}. Best is trial 19 with value: 1.3563035554048177.
[I 2026-04-12 01:46:06,771] Trial 26 finished with value: 1.3567424657218854 and parameters: {'n_estimators': 598, 'max_depth': 5, 'learning_rate': 0.010260270216281321, 'subsample': 0.9337537143727851, 'colsample_bytree': 0.9591733108532717, 'min_child_weight': 1, 'reg_alpha': 0.7619606628759338, 'reg_lambda': 0.3418554787197432}. Best is trial 19 with value: 1.3563035554048177.
[I 2026-04-12 01:46:10,440] Trial 27 finished with value: 1.3579311725527887 and parameters: {'n_estimators': 595, 'max_depth': 3, 'learning_rate': 0.010334887115091049, 'subsample': 0.930268719106149, 'colsample_bytree': 0.9670638116990341, 'min_child_weight': 1, 'reg_alpha': 0.7661795312729752, 'reg_lambda': 0.31352250684871}. Best is trial 19 with value: 1.3563035554048177.
[I 2026-04-12 01:46:13,824] Trial 28 finished with value: 1.3573508732723076 and parameters: {'n_estimators': 459, 'max_depth': 4, 'learning_rate': 0.01277657803846629, 'subsample': 0.9868162444455348, 'colsample_bytree': 0.9153383710310321, 'min_child_weight': 1, 'reg_alpha': 0.5569320356443135, 'reg_lambda': 0.3049533001669853}. Best is trial 19 with value: 1.3563035554048177.
[I 2026-04-12 01:46:25,345] Trial 29 finished with value: 1.3742620819197608 and parameters: {'n_estimators': 769, 'max_depth': 8, 'learning_rate': 0.018487051112694428, 'subsample': 0.9283775307392657, 'colsample_bytree': 0.9605963841318431, 'min_child_weight': 7, 'reg_alpha': 0.772319253445245, 'reg_lambda': 0.505514018726072}. Best is trial 19 with value: 1.3563035554048177.
[I 2026-04-12 01:53:11,329] A new study created in memory with name: no-name-82b3cd4a-4c73-463f-8bf3-828e8574d5c6
[I 2026-04-12 01:53:13,378] Trial 0 finished with value: 0.753256680242697 and parameters: {'n_estimators': 100, 'max_depth': 4, 'learning_rate': 0.23942334856066888, 'subsample': 0.8098709590673425, 'colsample_bytree': 0.7963177922612037, 'min_child_weight': 8, 'reg_alpha': 0.147832901760532, 'reg_lambda': 0.356573880823457}. Best is trial 0 with value: 0.753256680242697.
[I 2026-04-12 01:53:43,731] Trial 1 finished with value: 0.7390046710146151 and parameters: {'n_estimators': 731, 'max_depth': 10, 'learning_rate': 0.11923759639952948, 'subsample': 0.7248009708815923, 'colsample_bytree': 0.650392776909476, 'min_child_weight': 2, 'reg_alpha': 0.6879673336891065, 'reg_lambda': 0.5593153709646732}. Best is trial 0 with value: 0.753256680242697.
[I 2026-04-12 01:53:54,950] Trial 2 finished with value: 0.7593420741055386 and parameters: {'n_estimators': 340, 'max_depth': 8, 'learning_rate': 0.010729068014278562, 'subsample': 0.7384452892872331, 'colsample_bytree': 0.8206537643188992, 'min_child_weight': 3, 'reg_alpha': 0.40243904777814155, 'reg_lambda': 0.0874222308774173}. Best is trial 2 with value: 0.7593420741055386.
[I 2026-04-12 01:53:58,738] Trial 3 finished with value: 0.7559523565915117 and parameters: {'n_estimators': 168, 'max_depth': 4, 'learning_rate': 0.015253836979566542, 'subsample': 0.7761339778319463, 'colsample_bytree': 0.7789931956654219, 'min_child_weight': 7, 'reg_alpha': 0.8656780407867182, 'reg_lambda': 0.4419074650685497}. Best is trial 2 with value: 0.7593420741055386.
[I 2026-04-12 01:54:04,652] Trial 4 finished with value: 0.7581834211596522 and parameters: {'n_estimators': 281, 'max_depth': 5, 'learning_rate': 0.06470121479524124, 'subsample': 0.8886854161228055, 'colsample_bytree': 0.8568309320980253, 'min_child_weight': 6, 'reg_alpha': 0.6288832422646409, 'reg_lambda': 0.1300938579559956}. Best is trial 2 with value: 0.7593420741055386.
[I 2026-04-12 01:54:24,316] Trial 5 finished with value: 0.7335024987994962 and parameters: {'n_estimators': 942, 'max_depth': 6, 'learning_rate': 0.13462603004514745, 'subsample': 0.9478059420453219, 'colsample_bytree': 0.7687882732103376, 'min_child_weight': 1, 'reg_alpha': 0.012317269609916193, 'reg_lambda': 0.3928824367720861}. Best is trial 2 with value: 0.7593420741055386.
[I 2026-04-12 01:54:30,841] Trial 6 finished with value: 0.7471080660776731 and parameters: {'n_estimators': 152, 'max_depth': 10, 'learning_rate': 0.06435727184592699, 'subsample': 0.7907363319368624, 'colsample_bytree': 0.9677604130917187, 'min_child_weight': 10, 'reg_alpha': 0.6047699069533062, 'reg_lambda': 0.6232638140024415}. Best is trial 2 with value: 0.7593420741055386.
[I 2026-04-12 01:54:54,141] Trial 7 finished with value: 0.7336930751618669 and parameters: {'n_estimators': 827, 'max_depth': 8, 'learning_rate': 0.12980963987823269, 'subsample': 0.8216631644747766, 'colsample_bytree': 0.8038845017000327, 'min_child_weight': 4, 'reg_alpha': 0.1943256402032556, 'reg_lambda': 0.6661395999511803}. Best is trial 2 with value: 0.7593420741055386.
[I 2026-04-12 01:55:20,288] Trial 8 finished with value: 0.7413645904774788 and parameters: {'n_estimators': 831, 'max_depth': 9, 'learning_rate': 0.08918958734115749, 'subsample': 0.8913392480198782, 'colsample_bytree': 0.7478287853788783, 'min_child_weight': 10, 'reg_alpha': 0.6744054279168782, 'reg_lambda': 0.5891616176852604}. Best is trial 2 with value: 0.7593420741055386.
[I 2026-04-12 01:55:33,251] Trial 9 finished with value: 0.7544497704826598 and parameters: {'n_estimators': 619, 'max_depth': 5, 'learning_rate': 0.05389961074429177, 'subsample': 0.8967515029345098, 'colsample_bytree': 0.8598136715875712, 'min_child_weight': 1, 'reg_alpha': 0.6075103038053437, 'reg_lambda': 0.5184292300110828}. Best is trial 2 with value: 0.7593420741055386.
[I 2026-04-12 01:55:46,490] Trial 10 finished with value: 0.760061294793433 and parameters: {'n_estimators': 414, 'max_depth': 7, 'learning_rate': 0.010377912822932602, 'subsample': 0.6027415156500286, 'colsample_bytree': 0.9670102584855531, 'min_child_weight': 4, 'reg_alpha': 0.356106187763165, 'reg_lambda': 0.9175349076726207}. Best is trial 10 with value: 0.760061294793433.
[I 2026-04-12 01:55:59,608] Trial 11 finished with value: 0.7601479175569923 and parameters: {'n_estimators': 408, 'max_depth': 7, 'learning_rate': 0.010824731992422992, 'subsample': 0.649829104656792, 'colsample_bytree': 0.9969763368470751, 'min_child_weight': 4, 'reg_alpha': 0.3651302199497817, 'reg_lambda': 0.9612617851839389}. Best is trial 11 with value: 0.7601479175569923.
[I 2026-04-12 01:56:13,798] Trial 12 finished with value: 0.7576034933578832 and parameters: {'n_estimators': 454, 'max_depth': 7, 'learning_rate': 0.023766981338610924, 'subsample': 0.6068312582371392, 'colsample_bytree': 0.9915855018259758, 'min_child_weight': 4, 'reg_alpha': 0.35973637541142944, 'reg_lambda': 0.9590507516745604}. Best is trial 11 with value: 0.7601479175569923.
[I 2026-04-12 01:56:28,924] Trial 13 finished with value: 0.756953470360197 and parameters: {'n_estimators': 501, 'max_depth': 7, 'learning_rate': 0.027563076340165173, 'subsample': 0.6128876901316395, 'colsample_bytree': 0.9223811471632739, 'min_child_weight': 5, 'reg_alpha': 0.3346732003848607, 'reg_lambda': 0.9984027389777979}. Best is trial 11 with value: 0.7601479175569923.
[I 2026-04-12 01:56:39,762] Trial 14 finished with value: 0.7594549937863885 and parameters: {'n_estimators': 363, 'max_depth': 6, 'learning_rate': 0.010019085611742636, 'subsample': 0.661367645105869, 'colsample_bytree': 0.92123876084108, 'min_child_weight': 3, 'reg_alpha': 0.4327470312044109, 'reg_lambda': 0.8305712993894183}. Best is trial 11 with value: 0.7601479175569923.
[I 2026-04-12 01:57:00,305] Trial 15 finished with value: 0.7555881577496242 and parameters: {'n_estimators': 638, 'max_depth': 8, 'learning_rate': 0.02489517518076315, 'subsample': 0.6712208813926316, 'colsample_bytree': 0.9301164967241605, 'min_child_weight': 5, 'reg_alpha': 0.22180218902252224, 'reg_lambda': 0.8092229720657954}. Best is trial 11 with value: 0.7601479175569923.
[I 2026-04-12 01:57:09,198] Trial 16 finished with value: 0.7598339296720271 and parameters: {'n_estimators': 445, 'max_depth': 3, 'learning_rate': 0.015329132541321677, 'subsample': 0.6595554064500635, 'colsample_bytree': 0.6829421257713448, 'min_child_weight': 7, 'reg_alpha': 0.5001525045829527, 'reg_lambda': 0.8060714373818183}. Best is trial 11 with value: 0.7601479175569923.
[I 2026-04-12 01:57:17,184] Trial 17 finished with value: 0.7580076356913752 and parameters: {'n_estimators': 258, 'max_depth': 7, 'learning_rate': 0.03484922402863628, 'subsample': 0.7085257525529322, 'colsample_bytree': 0.9998149850055159, 'min_child_weight': 3, 'reg_alpha': 0.9963196177608081, 'reg_lambda': 0.90259157312111}. Best is trial 11 with value: 0.7601479175569923.
[I 2026-04-12 01:57:38,935] Trial 18 finished with value: 0.7567428526953317 and parameters: {'n_estimators': 558, 'max_depth': 9, 'learning_rate': 0.01452428650267503, 'subsample': 0.6029510405597653, 'colsample_bytree': 0.8824949045540329, 'min_child_weight': 4, 'reg_alpha': 0.2713639760313758, 'reg_lambda': 0.7417090981284273}. Best is trial 11 with value: 0.7601479175569923.
[I 2026-04-12 01:57:48,475] Trial 19 finished with value: 0.7583685765875368 and parameters: {'n_estimators': 376, 'max_depth': 6, 'learning_rate': 0.037895786449464314, 'subsample': 0.6488450419672912, 'colsample_bytree': 0.9513563162026031, 'min_child_weight': 6, 'reg_alpha': 0.058838187607416714, 'reg_lambda': 0.2730829471433234}. Best is trial 11 with value: 0.7601479175569923.
[I 2026-04-12 01:57:54,614] Trial 20 finished with value: 0.7601679139842015 and parameters: {'n_estimators': 237, 'max_depth': 5, 'learning_rate': 0.018897051922225915, 'subsample': 0.6955364831849016, 'colsample_bytree': 0.8851063164521229, 'min_child_weight': 8, 'reg_alpha': 0.5141562683338882, 'reg_lambda': 0.6966867354453778}. Best is trial 20 with value: 0.7601679139842015.
[I 2026-04-12 01:58:01,273] Trial 21 finished with value: 0.7602817356582895 and parameters: {'n_estimators': 243, 'max_depth': 5, 'learning_rate': 0.01884285775001495, 'subsample': 0.695147417511925, 'colsample_bytree': 0.8884940794206452, 'min_child_weight': 9, 'reg_alpha': 0.5007962931485532, 'reg_lambda': 0.8909070028569923}. Best is trial 21 with value: 0.7602817356582895.
[I 2026-04-12 01:58:07,544] Trial 22 finished with value: 0.7609304707352826 and parameters: {'n_estimators': 245, 'max_depth': 5, 'learning_rate': 0.02145305303890014, 'subsample': 0.6978151176831828, 'colsample_bytree': 0.8907584933393888, 'min_child_weight': 9, 'reg_alpha': 0.5046028139539498, 'reg_lambda': 0.7167065485855033}. Best is trial 22 with value: 0.7609304707352826.
[I 2026-04-12 01:58:13,725] Trial 23 finished with value: 0.7599744027781606 and parameters: {'n_estimators': 239, 'max_depth': 5, 'learning_rate': 0.01805424785224859, 'subsample': 0.6984335582598205, 'colsample_bytree': 0.8870949201316142, 'min_child_weight': 9, 'reg_alpha': 0.4966964130264689, 'reg_lambda': 0.7070168134847179}. Best is trial 22 with value: 0.7609304707352826.
[I 2026-04-12 01:58:18,415] Trial 24 finished with value: 0.7584110016824283 and parameters: {'n_estimators': 189, 'max_depth': 4, 'learning_rate': 0.019917116686079903, 'subsample': 0.7527154142101224, 'colsample_bytree': 0.8380027340773696, 'min_child_weight': 9, 'reg_alpha': 0.7906578516513807, 'reg_lambda': 0.7512687023788047}. Best is trial 22 with value: 0.7609304707352826.
[I 2026-04-12 01:58:24,426] Trial 25 finished with value: 0.7619265853971656 and parameters: {'n_estimators': 305, 'max_depth': 3, 'learning_rate': 0.03767874321693769, 'subsample': 0.8426746189553938, 'colsample_bytree': 0.8864597789846773, 'min_child_weight': 8, 'reg_alpha': 0.5228628420231322, 'reg_lambda': 0.8778475163634919}. Best is trial 25 with value: 0.7619265853971656.
[I 2026-04-12 01:58:30,607] Trial 26 finished with value: 0.761436062626656 and parameters: {'n_estimators': 312, 'max_depth': 3, 'learning_rate': 0.03868803195823326, 'subsample': 0.8524859515620639, 'colsample_bytree': 0.7334391519990187, 'min_child_weight': 9, 'reg_alpha': 0.5437590464374756, 'reg_lambda': 0.8369445017843556}. Best is trial 25 with value: 0.7619265853971656.
[I 2026-04-12 01:58:37,074] Trial 27 finished with value: 0.7616108698137093 and parameters: {'n_estimators': 323, 'max_depth': 3, 'learning_rate': 0.043564839231187036, 'subsample': 0.8286462045517058, 'colsample_bytree': 0.7241024579209161, 'min_child_weight': 8, 'reg_alpha': 0.7714744340259562, 'reg_lambda': 0.8418858259637308}. Best is trial 25 with value: 0.7619265853971656.
[I 2026-04-12 01:58:43,729] Trial 28 finished with value: 0.7614861972955927 and parameters: {'n_estimators': 322, 'max_depth': 3, 'learning_rate': 0.04183880997712358, 'subsample': 0.85286268121769, 'colsample_bytree': 0.7132080811937597, 'min_child_weight': 8, 'reg_alpha': 0.7825777119724258, 'reg_lambda': 0.8320875620093721}. Best is trial 25 with value: 0.7619265853971656.
[I 2026-04-12 01:58:46,134] Trial 29 finished with value: 0.7579118897822781 and parameters: {'n_estimators': 106, 'max_depth': 3, 'learning_rate': 0.28377231272335235, 'subsample': 0.8376411533005251, 'colsample_bytree': 0.6787227514787516, 'min_child_weight': 7, 'reg_alpha': 0.8953558872965733, 'reg_lambda': 0.23562199170579}. Best is trial 25 with value: 0.7619265853971656.
[I 2026-04-12 02:13:15,612] A new study created in memory with name: no-name-16df2138-6dcf-4660-b0ed-ab81a344a022
[I 2026-04-12 02:13:17,947] Trial 0 finished with value: 7.559480134138996 and parameters: {'n_estimators': 275, 'max_depth': 4, 'learning_rate': 0.02588416033392408, 'subsample': 0.8719473526350849, 'colsample_bytree': 0.9252890035640596, 'min_child_weight': 7, 'reg_alpha': 0.16898785553253182, 'reg_lambda': 0.8415862429356589}. Best is trial 0 with value: 7.559480134138996.
[I 2026-04-12 02:13:19,790] Trial 1 finished with value: 7.6164991530680295 and parameters: {'n_estimators': 179, 'max_depth': 6, 'learning_rate': 0.10952058943451724, 'subsample': 0.8935540326960949, 'colsample_bytree': 0.7669560582757967, 'min_child_weight': 5, 'reg_alpha': 0.60258930765484, 'reg_lambda': 0.006025906433884565}. Best is trial 0 with value: 7.559480134138996.
[I 2026-04-12 02:13:26,317] Trial 2 finished with value: 8.03747886444204 and parameters: {'n_estimators': 976, 'max_depth': 4, 'learning_rate': 0.1861926739034771, 'subsample': 0.9236388912979585, 'colsample_bytree': 0.910726550099634, 'min_child_weight': 9, 'reg_alpha': 0.7432503352053546, 'reg_lambda': 0.23587613063751556}. Best is trial 0 with value: 7.559480134138996.
[I 2026-04-12 02:13:32,328] Trial 3 finished with value: 7.6154691413886235 and parameters: {'n_estimators': 854, 'max_depth': 4, 'learning_rate': 0.041352410034348634, 'subsample': 0.8348958189280462, 'colsample_bytree': 0.7310479500916052, 'min_child_weight': 9, 'reg_alpha': 0.25202303989884234, 'reg_lambda': 0.2598144161625724}. Best is trial 0 with value: 7.559480134138996.
[I 2026-04-12 02:13:37,376] Trial 4 finished with value: 7.915528436109408 and parameters: {'n_estimators': 767, 'max_depth': 4, 'learning_rate': 0.14251675179014897, 'subsample': 0.7557248276510738, 'colsample_bytree': 0.6741831077660633, 'min_child_weight': 4, 'reg_alpha': 0.24052420510389128, 'reg_lambda': 0.11791643224455262}. Best is trial 0 with value: 7.559480134138996.
[I 2026-04-12 02:13:39,167] Trial 5 finished with value: 7.609613358490563 and parameters: {'n_estimators': 331, 'max_depth': 3, 'learning_rate': 0.12796129077778837, 'subsample': 0.6356190638029111, 'colsample_bytree': 0.6946071522740906, 'min_child_weight': 4, 'reg_alpha': 0.20198700262570257, 'reg_lambda': 0.9530224079496313}. Best is trial 0 with value: 7.559480134138996.
[I 2026-04-12 02:13:41,063] Trial 6 finished with value: 7.655656799880706 and parameters: {'n_estimators': 304, 'max_depth': 4, 'learning_rate': 0.14217256496581315, 'subsample': 0.7360257580605533, 'colsample_bytree': 0.6895984055485155, 'min_child_weight': 6, 'reg_alpha': 0.44175607078621815, 'reg_lambda': 0.7904047464999937}. Best is trial 0 with value: 7.559480134138996.
[I 2026-04-12 02:13:47,148] Trial 7 finished with value: 7.712100921082135 and parameters: {'n_estimators': 835, 'max_depth': 5, 'learning_rate': 0.05659309255418991, 'subsample': 0.6946497970107631, 'colsample_bytree': 0.6829596668302144, 'min_child_weight': 7, 'reg_alpha': 0.8519777440706799, 'reg_lambda': 0.45085909672822444}. Best is trial 0 with value: 7.559480134138996.
[I 2026-04-12 02:13:51,793] Trial 8 finished with value: 7.607911373367128 and parameters: {'n_estimators': 661, 'max_depth': 4, 'learning_rate': 0.0442659273322363, 'subsample': 0.8663130913271762, 'colsample_bytree': 0.889613088171191, 'min_child_weight': 3, 'reg_alpha': 0.9558013165119867, 'reg_lambda': 0.7179211013586749}. Best is trial 0 with value: 7.559480134138996.
[I 2026-04-12 02:13:57,902] Trial 9 finished with value: 8.135803917851138 and parameters: {'n_estimators': 169, 'max_depth': 10, 'learning_rate': 0.19447336701841697, 'subsample': 0.9536576953069036, 'colsample_bytree': 0.8653749204690017, 'min_child_weight': 2, 'reg_alpha': 0.9427683070506355, 'reg_lambda': 0.9997580662014972}. Best is trial 0 with value: 7.559480134138996.
[I 2026-04-12 02:14:06,780] Trial 10 finished with value: 7.588378765549031 and parameters: {'n_estimators': 476, 'max_depth': 8, 'learning_rate': 0.010918638476271163, 'subsample': 0.9879741604733709, 'colsample_bytree': 0.9947864885388455, 'min_child_weight': 7, 'reg_alpha': 0.01567927145950937, 'reg_lambda': 0.5736154917599257}. Best is trial 0 with value: 7.559480134138996.
[I 2026-04-12 02:14:15,794] Trial 11 finished with value: 7.592656519043083 and parameters: {'n_estimators': 496, 'max_depth': 8, 'learning_rate': 0.010570296404866578, 'subsample': 0.9925487762621019, 'colsample_bytree': 0.9942116525476836, 'min_child_weight': 7, 'reg_alpha': 0.012538931970650063, 'reg_lambda': 0.5899927719184421}. Best is trial 0 with value: 7.559480134138996.
[I 2026-04-12 02:14:24,333] Trial 12 finished with value: 7.599345062178573 and parameters: {'n_estimators': 480, 'max_depth': 8, 'learning_rate': 0.011483930736138816, 'subsample': 0.998491568137532, 'colsample_bytree': 0.9845814534788683, 'min_child_weight': 10, 'reg_alpha': 0.0018281341231844352, 'reg_lambda': 0.48974703221011223}. Best is trial 0 with value: 7.559480134138996.
[I 2026-04-12 02:14:30,612] Trial 13 finished with value: 7.583421012587278 and parameters: {'n_estimators': 363, 'max_depth': 8, 'learning_rate': 0.0223817883820885, 'subsample': 0.809585518255853, 'colsample_bytree': 0.9335945887677995, 'min_child_weight': 7, 'reg_alpha': 0.1379777724306201, 'reg_lambda': 0.799212735948524}. Best is trial 0 with value: 7.559480134138996.
[I 2026-04-12 02:14:39,435] Trial 14 finished with value: 7.622823169633755 and parameters: {'n_estimators': 329, 'max_depth': 10, 'learning_rate': 0.023328319123591977, 'subsample': 0.8148889403373201, 'colsample_bytree': 0.8264506774543472, 'min_child_weight': 8, 'reg_alpha': 0.40045890643074966, 'reg_lambda': 0.8192620997669403}. Best is trial 0 with value: 7.559480134138996.
[I 2026-04-12 02:14:43,478] Trial 15 finished with value: 7.578928044349857 and parameters: {'n_estimators': 291, 'max_depth': 7, 'learning_rate': 0.023240823161725686, 'subsample': 0.7681175424871848, 'colsample_bytree': 0.9267170721185035, 'min_child_weight': 6, 'reg_alpha': 0.17624210352091418, 'reg_lambda': 0.8719032853648412}. Best is trial 0 with value: 7.559480134138996.
[I 2026-04-12 02:14:45,198] Trial 16 finished with value: 7.591939828565164 and parameters: {'n_estimators': 130, 'max_depth': 6, 'learning_rate': 0.022685725890856365, 'subsample': 0.7588293625148429, 'colsample_bytree': 0.8273869117871144, 'min_child_weight': 5, 'reg_alpha': 0.34701963314567974, 'reg_lambda': 0.9196010580064679}. Best is trial 0 with value: 7.559480134138996.
[I 2026-04-12 02:14:52,979] Trial 17 finished with value: 7.855380804992039 and parameters: {'n_estimators': 605, 'max_depth': 7, 'learning_rate': 0.07193568055851257, 'subsample': 0.6623963429749624, 'colsample_bytree': 0.6145621649091869, 'min_child_weight': 1, 'reg_alpha': 0.5618281631692967, 'reg_lambda': 0.6700549057010444}. Best is trial 0 with value: 7.559480134138996.
[I 2026-04-12 02:14:56,453] Trial 18 finished with value: 7.576102332976369 and parameters: {'n_estimators': 241, 'max_depth': 7, 'learning_rate': 0.030914462906286716, 'subsample': 0.8615438272412297, 'colsample_bytree': 0.9554824058941659, 'min_child_weight': 6, 'reg_alpha': 0.15477712032186866, 'reg_lambda': 0.37814309668527507}. Best is trial 0 with value: 7.559480134138996.
[I 2026-04-12 02:14:58,796] Trial 19 finished with value: 7.57278607962847 and parameters: {'n_estimators': 234, 'max_depth': 5, 'learning_rate': 0.03564737369952559, 'subsample': 0.8646831265016363, 'colsample_bytree': 0.9565254507975398, 'min_child_weight': 8, 'reg_alpha': 0.3261464992324889, 'reg_lambda': 0.4033834271248111}. Best is trial 0 with value: 7.559480134138996.
[I 2026-04-12 02:15:01,772] Trial 20 finished with value: 7.572615036626195 and parameters: {'n_estimators': 413, 'max_depth': 3, 'learning_rate': 0.015381619912750038, 'subsample': 0.9188709846773517, 'colsample_bytree': 0.8549996959128352, 'min_child_weight': 10, 'reg_alpha': 0.3251838095950065, 'reg_lambda': 0.3448683583587008}. Best is trial 0 with value: 7.559480134138996.
[I 2026-04-12 02:15:04,642] Trial 21 finished with value: 7.57011584435698 and parameters: {'n_estimators': 406, 'max_depth': 3, 'learning_rate': 0.015853071869312386, 'subsample': 0.90866571720869, 'colsample_bytree': 0.8671160743855819, 'min_child_weight': 10, 'reg_alpha': 0.3212559932120754, 'reg_lambda': 0.34628915385768805}. Best is trial 0 with value: 7.559480134138996.
[I 2026-04-12 02:15:07,657] Trial 22 finished with value: 7.571291741928442 and parameters: {'n_estimators': 411, 'max_depth': 3, 'learning_rate': 0.015285110528738762, 'subsample': 0.9135197703874461, 'colsample_bytree': 0.8645844340351491, 'min_child_weight': 10, 'reg_alpha': 0.5007665613777854, 'reg_lambda': 0.30280236260933696}. Best is trial 0 with value: 7.559480134138996.
[I 2026-04-12 02:15:10,565] Trial 23 finished with value: 7.571567064015446 and parameters: {'n_estimators': 410, 'max_depth': 3, 'learning_rate': 0.015570844496946085, 'subsample': 0.9473526339608147, 'colsample_bytree': 0.7908203193141555, 'min_child_weight': 9, 'reg_alpha': 0.6278797228820012, 'reg_lambda': 0.2626833624235066}. Best is trial 0 with value: 7.559480134138996.
[I 2026-04-12 02:15:14,524] Trial 24 finished with value: 7.5651296955086735 and parameters: {'n_estimators': 571, 'max_depth': 3, 'learning_rate': 0.01533141228076851, 'subsample': 0.8926401778704464, 'colsample_bytree': 0.8863222475491644, 'min_child_weight': 10, 'reg_alpha': 0.4856889990116121, 'reg_lambda': 0.5680552529937091}. Best is trial 0 with value: 7.559480134138996.
[I 2026-04-12 02:15:19,628] Trial 25 finished with value: 7.564493818441044 and parameters: {'n_estimators': 564, 'max_depth': 5, 'learning_rate': 0.017697781754605672, 'subsample': 0.886937581821427, 'colsample_bytree': 0.8928332532254504, 'min_child_weight': 8, 'reg_alpha': 0.7072071182269758, 'reg_lambda': 0.5504658332809668}. Best is trial 0 with value: 7.559480134138996.
[I 2026-04-12 02:15:25,125] Trial 26 finished with value: 7.592332562314912 and parameters: {'n_estimators': 682, 'max_depth': 5, 'learning_rate': 0.029224949999057996, 'subsample': 0.8322660015400902, 'colsample_bytree': 0.8958376151562816, 'min_child_weight': 8, 'reg_alpha': 0.7233949852321087, 'reg_lambda': 0.5836651059731576}. Best is trial 0 with value: 7.559480134138996.
[I 2026-04-12 02:15:30,199] Trial 27 finished with value: 7.566384374388634 and parameters: {'n_estimators': 589, 'max_depth': 5, 'learning_rate': 0.01979004600219449, 'subsample': 0.8781457437873257, 'colsample_bytree': 0.8278259156127873, 'min_child_weight': 9, 'reg_alpha': 0.6770635270291455, 'reg_lambda': 0.7081074224743324}. Best is trial 0 with value: 7.559480134138996.
[I 2026-04-12 02:15:35,805] Trial 28 finished with value: 8.449248671009592 and parameters: {'n_estimators': 556, 'max_depth': 6, 'learning_rate': 0.298805459203729, 'subsample': 0.9492163001865828, 'colsample_bytree': 0.9569953265025815, 'min_child_weight': 8, 'reg_alpha': 0.7909460145024179, 'reg_lambda': 0.6453800037395732}. Best is trial 0 with value: 7.559480134138996.
[I 2026-04-12 02:15:41,260] Trial 29 finished with value: 7.68846370743013 and parameters: {'n_estimators': 685, 'max_depth': 5, 'learning_rate': 0.0663874898021887, 'subsample': 0.8891993900009445, 'colsample_bytree': 0.7866524224942958, 'min_child_weight': 9, 'reg_alpha': 0.8332722948890507, 'reg_lambda': 0.17459179829806315}. Best is trial 0 with value: 7.559480134138996.
[I 2026-04-12 02:24:55,275] A new study created in memory with name: no-name-45ce0f9b-5395-4dbe-95d8-c49e0ba0ac17
[I 2026-04-12 02:25:00,638] Trial 0 finished with value: 0.6053677987423979 and parameters: {'n_estimators': 311, 'max_depth': 3, 'learning_rate': 0.11597536059652687, 'subsample': 0.7897438419991172, 'colsample_bytree': 0.6342235376923991, 'min_child_weight': 8, 'reg_alpha': 0.8411264846195504, 'reg_lambda': 0.3793813689755873}. Best is trial 0 with value: 0.6053677987423979.
[I 2026-04-12 02:25:09,875] Trial 1 finished with value: 0.5982150512626309 and parameters: {'n_estimators': 461, 'max_depth': 4, 'learning_rate': 0.012481064281277753, 'subsample': 0.7698445159653137, 'colsample_bytree': 0.7913139111274768, 'min_child_weight': 4, 'reg_alpha': 0.8417783422848064, 'reg_lambda': 0.5424975619561361}. Best is trial 0 with value: 0.6053677987423979.
[I 2026-04-12 02:25:26,225] Trial 2 finished with value: 0.5825364911975355 and parameters: {'n_estimators': 649, 'max_depth': 7, 'learning_rate': 0.09690719483426247, 'subsample': 0.8946587108188011, 'colsample_bytree': 0.9516934815932309, 'min_child_weight': 4, 'reg_alpha': 0.04159679808922445, 'reg_lambda': 0.13074528131251484}. Best is trial 0 with value: 0.6053677987423979.
[I 2026-04-12 02:25:37,464] Trial 3 finished with value: 0.5888241740264634 and parameters: {'n_estimators': 427, 'max_depth': 7, 'learning_rate': 0.08175257196331498, 'subsample': 0.9776542268037626, 'colsample_bytree': 0.8887655898604748, 'min_child_weight': 4, 'reg_alpha': 0.5445262126602207, 'reg_lambda': 0.014127682210864134}. Best is trial 0 with value: 0.6053677987423979.
[I 2026-04-12 02:25:44,545] Trial 4 finished with value: 0.5979868292264403 and parameters: {'n_estimators': 297, 'max_depth': 6, 'learning_rate': 0.10384911901583475, 'subsample': 0.7848612397949118, 'colsample_bytree': 0.6675418336160842, 'min_child_weight': 5, 'reg_alpha': 0.12980127763214722, 'reg_lambda': 0.5951114063234191}. Best is trial 0 with value: 0.6053677987423979.
[I 2026-04-12 02:26:06,336] Trial 5 finished with value: 0.5841433131915829 and parameters: {'n_estimators': 703, 'max_depth': 8, 'learning_rate': 0.07666123273566215, 'subsample': 0.675911200159965, 'colsample_bytree': 0.800433675713802, 'min_child_weight': 2, 'reg_alpha': 0.6429529451107454, 'reg_lambda': 0.4570189621423866}. Best is trial 0 with value: 0.6053677987423979.
[I 2026-04-12 02:26:21,145] Trial 6 finished with value: 0.6009624222844697 and parameters: {'n_estimators': 552, 'max_depth': 7, 'learning_rate': 0.02994333982276117, 'subsample': 0.9421129206027234, 'colsample_bytree': 0.6740485872375407, 'min_child_weight': 3, 'reg_alpha': 0.7731846805053431, 'reg_lambda': 0.675166039620837}. Best is trial 0 with value: 0.6053677987423979.
[I 2026-04-12 02:26:43,687] Trial 7 finished with value: 0.6026181726516451 and parameters: {'n_estimators': 933, 'max_depth': 6, 'learning_rate': 0.012054300519483984, 'subsample': 0.6657723349778198, 'colsample_bytree': 0.6261680821718522, 'min_child_weight': 6, 'reg_alpha': 0.10619397232817296, 'reg_lambda': 0.5484461718119025}. Best is trial 0 with value: 0.6053677987423979.
[I 2026-04-12 02:27:08,062] Trial 8 finished with value: 0.5936297502800119 and parameters: {'n_estimators': 543, 'max_depth': 10, 'learning_rate': 0.01813921197018449, 'subsample': 0.7068201821532406, 'colsample_bytree': 0.8577526360832629, 'min_child_weight': 7, 'reg_alpha': 0.5472482056808036, 'reg_lambda': 0.8702949636488377}. Best is trial 0 with value: 0.6053677987423979.
[I 2026-04-12 02:27:27,753] Trial 9 finished with value: 0.5727140627826243 and parameters: {'n_estimators': 730, 'max_depth': 7, 'learning_rate': 0.20079796737256553, 'subsample': 0.8685252577831801, 'colsample_bytree': 0.6843990771096797, 'min_child_weight': 8, 'reg_alpha': 0.6423533385581919, 'reg_lambda': 0.059147115979206966}. Best is trial 0 with value: 0.6053677987423979.
[I 2026-04-12 02:27:30,345] Trial 10 finished with value: 0.5962446403599366 and parameters: {'n_estimators': 100, 'max_depth': 3, 'learning_rate': 0.2896116185408795, 'subsample': 0.8486159314723662, 'colsample_bytree': 0.7319511189308078, 'min_child_weight': 10, 'reg_alpha': 0.9987291571982562, 'reg_lambda': 0.3235712247271184}. Best is trial 0 with value: 0.6053677987423979.
[I 2026-04-12 02:27:52,741] Trial 11 finished with value: 0.6002790388116949 and parameters: {'n_estimators': 989, 'max_depth': 5, 'learning_rate': 0.03577785014272834, 'subsample': 0.6012832935716457, 'colsample_bytree': 0.6196710136561855, 'min_child_weight': 7, 'reg_alpha': 0.30737789290372336, 'reg_lambda': 0.3042912828563628}. Best is trial 0 with value: 0.6053677987423979.
[I 2026-04-12 02:28:13,383] Trial 12 finished with value: 0.5987115289077249 and parameters: {'n_estimators': 976, 'max_depth': 3, 'learning_rate': 0.010239704033268071, 'subsample': 0.6928036883983715, 'colsample_bytree': 0.6007153972346454, 'min_child_weight': 9, 'reg_alpha': 0.3036734847324982, 'reg_lambda': 0.7699565226104923}. Best is trial 0 with value: 0.6053677987423979.
[I 2026-04-12 02:28:18,906] Trial 13 finished with value: 0.5981573535643292 and parameters: {'n_estimators': 183, 'max_depth': 5, 'learning_rate': 0.04060342272629973, 'subsample': 0.6003551266424234, 'colsample_bytree': 0.743639289311552, 'min_child_weight': 6, 'reg_alpha': 0.3267957814589164, 'reg_lambda': 0.37974000091542454}. Best is trial 0 with value: 0.6053677987423979.
[I 2026-04-12 02:28:51,763] Trial 14 finished with value: 0.5916177757037495 and parameters: {'n_estimators': 860, 'max_depth': 9, 'learning_rate': 0.15276325627122087, 'subsample': 0.742060550984308, 'colsample_bytree': 0.6473157956362834, 'min_child_weight': 8, 'reg_alpha': 0.9712226893907381, 'reg_lambda': 0.21630155086459033}. Best is trial 0 with value: 0.6053677987423979.
[I 2026-04-12 02:29:00,521] Trial 15 finished with value: 0.5987248501958069 and parameters: {'n_estimators': 330, 'max_depth': 5, 'learning_rate': 0.01859004742513412, 'subsample': 0.8105281102050863, 'colsample_bytree': 0.7294276390304526, 'min_child_weight': 10, 'reg_alpha': 0.142390091228163, 'reg_lambda': 0.48003513143394605}. Best is trial 0 with value: 0.6053677987423979.
[I 2026-04-12 02:29:17,694] Trial 16 finished with value: 0.601492283314506 and parameters: {'n_estimators': 841, 'max_depth': 4, 'learning_rate': 0.056437201128657945, 'subsample': 0.6554706331392601, 'colsample_bytree': 0.601704722868563, 'min_child_weight': 1, 'reg_alpha': 0.4027589346765241, 'reg_lambda': 0.9848206943678512}. Best is trial 0 with value: 0.6053677987423979.
[I 2026-04-12 02:29:24,402] Trial 17 finished with value: 0.5924850779963857 and parameters: {'n_estimators': 303, 'max_depth': 4, 'learning_rate': 0.14404407716245266, 'subsample': 0.7224801289126459, 'colsample_bytree': 0.702376209264464, 'min_child_weight': 6, 'reg_alpha': 0.782604095957678, 'reg_lambda': 0.6209984291220225}. Best is trial 0 with value: 0.6053677987423979.
[I 2026-04-12 02:29:31,266] Trial 18 finished with value: 0.5966547666412862 and parameters: {'n_estimators': 209, 'max_depth': 6, 'learning_rate': 0.023114941203379456, 'subsample': 0.8255123267457924, 'colsample_bytree': 0.7828242734285888, 'min_child_weight': 8, 'reg_alpha': 0.17763087535777505, 'reg_lambda': 0.7187334359980383}. Best is trial 0 with value: 0.6053677987423979.
[I 2026-04-12 02:30:02,032] Trial 19 finished with value: 0.5948512378090696 and parameters: {'n_estimators': 841, 'max_depth': 9, 'learning_rate': 0.05069894703196225, 'subsample': 0.6486019997961875, 'colsample_bytree': 0.6429616363909709, 'min_child_weight': 7, 'reg_alpha': 0.00741390584292019, 'reg_lambda': 0.41514273248793604}. Best is trial 0 with value: 0.6053677987423979.
[I 2026-04-12 02:30:10,115] Trial 20 finished with value: 0.6011755872917448 and parameters: {'n_estimators': 408, 'max_depth': 3, 'learning_rate': 0.1365909853733722, 'subsample': 0.9026460310598087, 'colsample_bytree': 0.9745759545923912, 'min_child_weight': 5, 'reg_alpha': 0.43884470542285664, 'reg_lambda': 0.2489570031803766}. Best is trial 0 with value: 0.6053677987423979.
[I 2026-04-12 02:30:27,957] Trial 21 finished with value: 0.5992669555181069 and parameters: {'n_estimators': 883, 'max_depth': 4, 'learning_rate': 0.05577951056776976, 'subsample': 0.6516025388177836, 'colsample_bytree': 0.6023128169536012, 'min_child_weight': 1, 'reg_alpha': 0.4524694526536607, 'reg_lambda': 0.9324625058085706}. Best is trial 0 with value: 0.6053677987423979.
[I 2026-04-12 02:30:43,904] Trial 22 finished with value: 0.5997080288734702 and parameters: {'n_estimators': 784, 'max_depth': 4, 'learning_rate': 0.05806648965674837, 'subsample': 0.6441307711286917, 'colsample_bytree': 0.6417548856629675, 'min_child_weight': 1, 'reg_alpha': 0.22679559125599402, 'reg_lambda': 0.8229180365502282}. Best is trial 0 with value: 0.6053677987423979.
[I 2026-04-12 02:31:00,872] Trial 23 finished with value: 0.60283346376717 and parameters: {'n_estimators': 925, 'max_depth': 3, 'learning_rate': 0.06818912785119133, 'subsample': 0.7491195362882759, 'colsample_bytree': 0.6327222458594967, 'min_child_weight': 9, 'reg_alpha': 0.38142770230636736, 'reg_lambda': 0.9730665286822588}. Best is trial 0 with value: 0.6053677987423979.
[I 2026-04-12 02:31:18,149] Trial 24 finished with value: 0.5835757712496015 and parameters: {'n_estimators': 938, 'max_depth': 3, 'learning_rate': 0.21790147736255822, 'subsample': 0.7543338483108067, 'colsample_bytree': 0.7032947302271505, 'min_child_weight': 9, 'reg_alpha': 0.7018311612617707, 'reg_lambda': 0.17151418157055165}. Best is trial 0 with value: 0.6053677987423979.
[I 2026-04-12 02:31:32,432] Trial 25 finished with value: 0.5882907264957896 and parameters: {'n_estimators': 627, 'max_depth': 5, 'learning_rate': 0.1081233963911433, 'subsample': 0.8030573963691132, 'colsample_bytree': 0.6404166042695031, 'min_child_weight': 9, 'reg_alpha': 0.8752620238721144, 'reg_lambda': 0.5429307114657294}. Best is trial 0 with value: 0.6053677987423979.
[I 2026-04-12 02:31:55,290] Trial 26 finished with value: 0.5992370924107583 and parameters: {'n_estimators': 919, 'max_depth': 6, 'learning_rate': 0.02712745298561159, 'subsample': 0.7231395833982792, 'colsample_bytree': 0.755031019931426, 'min_child_weight': 8, 'reg_alpha': 0.2230264623487156, 'reg_lambda': 0.36305242469226273}. Best is trial 0 with value: 0.6053677987423979.
[I 2026-04-12 02:32:09,688] Trial 27 finished with value: 0.6025751172168788 and parameters: {'n_estimators': 775, 'max_depth': 3, 'learning_rate': 0.07192950921015377, 'subsample': 0.7625918827677687, 'colsample_bytree': 0.8361241743283423, 'min_child_weight': 6, 'reg_alpha': 0.06504127390019743, 'reg_lambda': 0.8785263846581737}. Best is trial 0 with value: 0.6053677987423979.
[I 2026-04-12 02:32:26,835] Trial 28 finished with value: 0.6004902798652753 and parameters: {'n_estimators': 491, 'max_depth': 8, 'learning_rate': 0.014419536341796088, 'subsample': 0.7325836626428618, 'colsample_bytree': 0.6864101693309181, 'min_child_weight': 10, 'reg_alpha': 0.35405914867528054, 'reg_lambda': 0.6951640138519496}. Best is trial 0 with value: 0.6053677987423979.
[I 2026-04-12 02:32:34,932] Trial 29 finished with value: 0.6010584422126148 and parameters: {'n_estimators': 363, 'max_depth': 4, 'learning_rate': 0.0423994933780393, 'subsample': 0.7700690155117791, 'colsample_bytree': 0.7128788263153519, 'min_child_weight': 7, 'reg_alpha': 0.8943073852956707, 'reg_lambda': 0.5537612222696067}. Best is trial 0 with value: 0.6053677987423979.

[train] Skipping player 1629599 after 3 failed attempts
[train] Skipping player 202710 after 3 failed attempts
[train] Skipping player 1630598 after 3 failed attempts
[train] players processed: 140/300
[train] Skipping player 1631117 after 3 failed attempts
[train] Skipping player 1629631 after 3 failed attempts
[train] Skipping player 1630534 after 3 failed attempts
[train] Skipping player 1641764 after 3 failed attempts
[train] Skipping player 1631095 after 3 failed attempts
[train] Skipping player 203076 after 3 failed attempts
[train] Skipping player 203078 after 3 failed attempts
[train] Skipping player 1627777 after 3 failed attempts
[train] Skipping player 1627751 after 3 failed attempts
[train] Skipping player 1630590 after 3 failed attempts
[train] players processed: 150/300
[train] Skipping player 1628989 after 3 failed attempts
[train] players processed: 160/300
[train] players processed: 170/300
[train] players processed: 180/300
[train] players processed: 190/300
[train] players processed: 200/300
[train] players processed: 210/300
[train] Skipping player 1642270 after 3 failed attempts
[train] Skipping player 1641722 after 3 failed attempts
[train] Skipping player 1631213 after 3 failed attempts
[train] Skipping player 203486 after 3 failed attempts
[train] Skipping player 1642367 after 3 failed attempts
[train] Skipping player 1630552 after 3 failed attempts
[train] Skipping player 1629622 after 3 failed attempts
[train] Skipping player 1630548 after 3 failed attempts
[train] Skipping player 1641842 after 3 failed attempts
[train] players processed: 220/300
[train] Skipping player 1629750 after 3 failed attempts
[train] Skipping player 1630208 after 3 failed attempts
[train] Skipping player 1629731 after 3 failed attempts
[train] Skipping player 1641741 after 3 failed attempts
[train] Skipping player 1642275 after 3 failed attempts
[train] Skipping player 1626171 after 3 failed attempts
[train] Skipping player 1631217 after 3 failed attempts
[train] Skipping player 1630526 after 3 failed attempts
[train] Skipping player 1631323 after 3 failed attempts
[train] Skipping player 1630175 after 3 failed attempts
[train] players processed: 230/300
[train] Skipping player 1641767 after 3 failed attempts
[train] players processed: 240/300
[train] players processed: 250/300
[train] players processed: 260/300
[train] players processed: 270/300
[train] players processed: 280/300
[train] players processed: 290/300
[train] players processed: 300/300
[train] total examples: 840728
[train] training + saving models ...
[wf] points: auc_raw=0.572 brier_raw=0.269 auc_cal=0.567 brier_cal=0.249 folds=5
[optuna] Optimizing hyperparameters for points regression...
[optuna] Best params: {'n_estimators': 927, 'max_depth': 4, 'learning_rate': 0.010184934566363373, 'subsample': 0.6914019219266989, 'colsample_bytree': 0.8468150134319077, 'min_child_weight': 6, 'reg_alpha': 0.248403321943874, 'reg_lambda': 0.9999847654777212}
[optuna] Optimizing hyperparameters for points classification...
[optuna] Best params: {'n_estimators': 921, 'max_depth': 4, 'learning_rate': 0.02112538181891555, 'subsample': 0.6553044193583468, 'colsample_bytree': 0.7944155663200462, 'min_child_weight': 4, 'reg_alpha': 0.4829390837070894, 'reg_lambda': 0.09952244910273533}
[wf] assists: auc_raw=0.674 brier_raw=0.235 auc_cal=0.668 brier_cal=0.224 folds=5
[optuna] Optimizing hyperparameters for assists regression...
[optuna] Best params: {'n_estimators': 975, 'max_depth': 4, 'learning_rate': 0.01630451034947239, 'subsample': 0.7619481980534394, 'colsample_bytree': 0.9034021136411018, 'min_child_weight': 4, 'reg_alpha': 0.21755525929620345, 'reg_lambda': 0.7241874002415322}
[optuna] Optimizing hyperparameters for assists classification...
[optuna] Best params: {'n_estimators': 845, 'max_depth': 3, 'learning_rate': 0.025994939883610457, 'subsample': 0.6076058297988078, 'colsample_bytree': 0.7317029541372053, 'min_child_weight': 9, 'reg_alpha': 0.12838102010749614, 'reg_lambda': 0.8920645911735742}
[wf] rebounds: auc_raw=0.641 brier_raw=0.247 auc_cal=0.624 brier_cal=0.237 folds=5
[optuna] Optimizing hyperparameters for rebounds regression...
[optuna] Best params: {'n_estimators': 253, 'max_depth': 3, 'learning_rate': 0.024802744311628443, 'subsample': 0.6015364821252972, 'colsample_bytree': 0.7544203137971697, 'min_child_weight': 4, 'reg_alpha': 0.371353982502313, 'reg_lambda': 0.014882292288035063}
[optuna] Optimizing hyperparameters for rebounds classification...
[optuna] Best params: {'n_estimators': 468, 'max_depth': 4, 'learning_rate': 0.02473262008392927, 'subsample': 0.9047370778936332, 'colsample_bytree': 0.8897799952928089, 'min_child_weight': 8, 'reg_alpha': 0.6608876760707791, 'reg_lambda': 0.8777884224156213}
[wf] steals: auc_raw=0.727 brier_raw=0.197 auc_cal=0.720 brier_cal=0.190 folds=5
[optuna] Optimizing hyperparameters for steals regression...
[optuna] Best params: {'n_estimators': 902, 'max_depth': 4, 'learning_rate': 0.010003959194208193, 'subsample': 0.7532089111103364, 'colsample_bytree': 0.9581147435920354, 'min_child_weight': 1, 'reg_alpha': 0.995440570543306, 'reg_lambda': 0.8839519885549316}
[optuna] Optimizing hyperparameters for steals classification...
[optuna] Best params: {'n_estimators': 751, 'max_depth': 3, 'learning_rate': 0.02498048524374565, 'subsample': 0.7853136495994841, 'colsample_bytree': 0.6041017980893417, 'min_child_weight': 2, 'reg_alpha': 0.721977287659129, 'reg_lambda': 0.8351782291219739}
[wf] blocks: auc_raw=0.733 brier_raw=0.161 auc_cal=0.725 brier_cal=0.154 folds=5
[optuna] Optimizing hyperparameters for blocks regression...
[optuna] Best params: {'n_estimators': 155, 'max_depth': 4, 'learning_rate': 0.08013634860499078, 'subsample': 0.8017515518482472, 'colsample_bytree': 0.7857194812955188, 'min_child_weight': 4, 'reg_alpha': 0.6679216950521069, 'reg_lambda': 0.8299469424818872}
[optuna] Optimizing hyperparameters for blocks classification...
[optuna] Best params: {'n_estimators': 789, 'max_depth': 5, 'learning_rate': 0.01970594794915588, 'subsample': 0.6326712293950653, 'colsample_bytree': 0.9441415354970164, 'min_child_weight': 10, 'reg_alpha': 0.15250631003528559, 'reg_lambda': 0.705728418063056}
[wf] turnovers: auc_raw=0.729 brier_raw=0.208 auc_cal=0.717 brier_cal=0.203 folds=5
[optuna] Optimizing hyperparameters for turnovers regression...
[optuna] Best params: {'n_estimators': 465, 'max_depth': 4, 'learning_rate': 0.01485137265737071, 'subsample': 0.7571861937350701, 'colsample_bytree': 0.6542692756881696, 'min_child_weight': 4, 'reg_alpha': 0.7287940991684763, 'reg_lambda': 0.4296540660049556}
[optuna] Optimizing hyperparameters for turnovers classification...
[optuna] Best params: {'n_estimators': 667, 'max_depth': 4, 'learning_rate': 0.017563759065670228, 'subsample': 0.8491783884325945, 'colsample_bytree': 0.8979274787255259, 'min_child_weight': 4, 'reg_alpha': 0.7308176303849423, 'reg_lambda': 0.020868951512712466}
[wf] three_pointers: auc_raw=0.730 brier_raw=0.203 auc_cal=0.724 brier_cal=0.197 folds=5
[optuna] Optimizing hyperparameters for three_pointers regression...
[optuna] Best params: {'n_estimators': 456, 'max_depth': 4, 'learning_rate': 0.01581597499421989, 'subsample': 0.8791099692296874, 'colsample_bytree': 0.9280786449995801, 'min_child_weight': 2, 'reg_alpha': 0.8112706679002741, 'reg_lambda': 0.02497843137203054}
[optuna] Optimizing hyperparameters for three_pointers classification...
[optuna] Best params: {'n_estimators': 305, 'max_depth': 3, 'learning_rate': 0.03767874321693769, 'subsample': 0.8426746189553938, 'colsample_bytree': 0.8864597789846773, 'min_child_weight': 8, 'reg_alpha': 0.5228628420231322, 'reg_lambda': 0.8778475163634919}
[wf] pts_reb: auc_raw=0.564 brier_raw=0.273 auc_cal=0.559 brier_cal=0.250 folds=5
[optuna] Optimizing hyperparameters for pts_reb regression...
[optuna] Best params: {'n_estimators': 275, 'max_depth': 4, 'learning_rate': 0.02588416033392408, 'subsample': 0.8719473526350849, 'colsample_bytree': 0.9252890035640596, 'min_child_weight': 7, 'reg_alpha': 0.16898785553253182, 'reg_lambda': 0.8415862429356589}
[optuna] Optimizing hyperparameters for pts_reb classification...
[optuna] Best params: {'n_estimators': 311, 'max_depth': 3, 'learning_rate': 0.11597536059652687, 'subsample': 0.7897438419991172, 'colsample_bytree': 0.6342235376923991, 'min_child_weight': 8, 'reg_alpha': 0.8411264846195504, 'reg_lambda': 0.3793813689755873}[I 2026-04-12 02:47:12,158] A new study created in memory with name: no-name-284b6418-0204-4d60-9874-a83962762286
[I 2026-04-12 02:47:13,775] Trial 0 finished with value: 7.029836868175124 and parameters: {'n_estimators': 287, 'max_depth': 3, 'learning_rate': 0.07429161103423902, 'subsample': 0.9343818945370651, 'colsample_bytree': 0.8453993411364547, 'min_child_weight': 5, 'reg_alpha': 0.9851733726239161, 'reg_lambda': 0.8461758989617524}. Best is trial 0 with value: 7.029836868175124.
[I 2026-04-12 02:47:15,270] Trial 1 finished with value: 7.164081664254349 and parameters: {'n_estimators': 286, 'max_depth': 3, 'learning_rate': 0.25195187727429763, 'subsample': 0.757078071027039, 'colsample_bytree': 0.8662070032067131, 'min_child_weight': 8, 'reg_alpha': 0.8729806139929162, 'reg_lambda': 0.40202178492486085}. Best is trial 0 with value: 7.029836868175124.
[I 2026-04-12 02:47:28,169] Trial 2 finished with value: 7.100446055746204 and parameters: {'n_estimators': 570, 'max_depth': 10, 'learning_rate': 0.015182719169145384, 'subsample': 0.6567374632440112, 'colsample_bytree': 0.6367519701216864, 'min_child_weight': 4, 'reg_alpha': 0.8696008206037832, 'reg_lambda': 0.1824542502489902}. Best is trial 0 with value: 7.029836868175124.
[I 2026-04-12 02:47:44,384] Trial 3 finished with value: 7.3189710046401215 and parameters: {'n_estimators': 597, 'max_depth': 10, 'learning_rate': 0.07110665251539382, 'subsample': 0.8390234382253072, 'colsample_bytree': 0.8298132587262113, 'min_child_weight': 3, 'reg_alpha': 0.15167264201826058, 'reg_lambda': 0.40400082707255347}. Best is trial 0 with value: 7.029836868175124.
[I 2026-04-12 02:47:47,229] Trial 4 finished with value: 7.022052823461944 and parameters: {'n_estimators': 522, 'max_depth': 3, 'learning_rate': 0.015463632183761901, 'subsample': 0.6235611195867632, 'colsample_bytree': 0.6080017043593956, 'min_child_weight': 1, 'reg_alpha': 0.2662012974298993, 'reg_lambda': 0.7756464079816744}. Best is trial 4 with value: 7.022052823461944.
[I 2026-04-12 02:47:52,591] Trial 5 finished with value: 7.084706793045024 and parameters: {'n_estimators': 383, 'max_depth': 8, 'learning_rate': 0.02321968180067502, 'subsample': 0.7614180268510817, 'colsample_bytree': 0.6345153017327495, 'min_child_weight': 2, 'reg_alpha': 0.40202847704397005, 'reg_lambda': 0.3487772104805069}. Best is trial 4 with value: 7.022052823461944.
[I 2026-04-12 02:47:56,798] Trial 6 finished with value: 7.022001594027995 and parameters: {'n_estimators': 666, 'max_depth': 4, 'learning_rate': 0.013162708285933829, 'subsample': 0.8031417497139823, 'colsample_bytree': 0.6434545277263976, 'min_child_weight': 10, 'reg_alpha': 0.6618486847919431, 'reg_lambda': 0.4905077789366429}. Best is trial 6 with value: 7.022001594027995.
[I 2026-04-12 02:48:00,021] Trial 7 finished with value: 7.33024741995127 and parameters: {'n_estimators': 519, 'max_depth': 4, 'learning_rate': 0.18601596642037824, 'subsample': 0.6519445989945652, 'colsample_bytree': 0.8952735163657701, 'min_child_weight': 4, 'reg_alpha': 0.28192861483963194, 'reg_lambda': 0.5859395195878482}. Best is trial 6 with value: 7.022001594027995.
[I 2026-04-12 02:48:09,836] Trial 8 finished with value: 7.08695272077577 and parameters: {'n_estimators': 435, 'max_depth': 9, 'learning_rate': 0.01504581933570477, 'subsample': 0.6922137480867827, 'colsample_bytree': 0.971007329002471, 'min_child_weight': 3, 'reg_alpha': 0.14466295925169548, 'reg_lambda': 0.8600701852146261}. Best is trial 6 with value: 7.022001594027995.
[I 2026-04-12 02:48:19,288] Trial 9 finished with value: 7.780563946649022 and parameters: {'n_estimators': 819, 'max_depth': 7, 'learning_rate': 0.17371454690762975, 'subsample': 0.719761199375298, 'colsample_bytree': 0.7368367098783956, 'min_child_weight': 3, 'reg_alpha': 0.28981899040598535, 'reg_lambda': 0.45717730481043506}. Best is trial 6 with value: 7.022001594027995.
[I 2026-04-12 02:48:25,232] Trial 10 finished with value: 7.098935934145222 and parameters: {'n_estimators': 838, 'max_depth': 5, 'learning_rate': 0.040441513410242415, 'subsample': 0.8622050537366925, 'colsample_bytree': 0.7241248633530829, 'min_child_weight': 10, 'reg_alpha': 0.646408926963527, 'reg_lambda': 0.06019775687138845}. Best is trial 6 with value: 7.022001594027995.
[I 2026-04-12 02:48:31,134] Trial 11 finished with value: 7.024754259807175 and parameters: {'n_estimators': 693, 'max_depth': 5, 'learning_rate': 0.010457691870886208, 'subsample': 0.9861944445606027, 'colsample_bytree': 0.621531218264601, 'min_child_weight': 7, 'reg_alpha': 0.6064082592484001, 'reg_lambda': 0.6612040598446378}. Best is trial 6 with value: 7.022001594027995.
[I 2026-04-12 02:48:38,120] Trial 12 finished with value: 7.051822981154533 and parameters: {'n_estimators': 972, 'max_depth': 5, 'learning_rate': 0.03121198676946665, 'subsample': 0.6092416650464231, 'colsample_bytree': 0.70585860369666, 'min_child_weight': 1, 'reg_alpha': 0.009582551351255408, 'reg_lambda': 0.7269829215675379}. Best is trial 6 with value: 7.022001594027995.
[I 2026-04-12 02:48:39,066] Trial 13 finished with value: 7.343181144071077 and parameters: {'n_estimators': 125, 'max_depth': 3, 'learning_rate': 0.01114105651871098, 'subsample': 0.8288415648914516, 'colsample_bytree': 0.6030435675824023, 'min_child_weight': 10, 'reg_alpha': 0.556315087647853, 'reg_lambda': 0.9460295558943408}. Best is trial 6 with value: 7.022001594027995.
[I 2026-04-12 02:48:45,221] Trial 14 finished with value: 7.045689595258527 and parameters: {'n_estimators': 711, 'max_depth': 6, 'learning_rate': 0.023562309336032476, 'subsample': 0.8939353083966992, 'colsample_bytree': 0.6855312154379711, 'min_child_weight': 7, 'reg_alpha': 0.6945274647787231, 'reg_lambda': 0.5635552695313064}. Best is trial 6 with value: 7.022001594027995.
[I 2026-04-12 02:48:49,616] Trial 15 finished with value: 7.024052069559056 and parameters: {'n_estimators': 701, 'max_depth': 4, 'learning_rate': 0.01810345275173201, 'subsample': 0.7764219142968414, 'colsample_bytree': 0.7693267175951943, 'min_child_weight': 8, 'reg_alpha': 0.43560358693553924, 'reg_lambda': 0.7540375454789496}. Best is trial 6 with value: 7.022001594027995.
[I 2026-04-12 02:48:52,660] Trial 16 finished with value: 7.055235995384852 and parameters: {'n_estimators': 493, 'max_depth': 4, 'learning_rate': 0.04716675072655347, 'subsample': 0.7159500827406392, 'colsample_bytree': 0.669215672139426, 'min_child_weight': 1, 'reg_alpha': 0.7592822787883506, 'reg_lambda': 0.20117380157613918}. Best is trial 6 with value: 7.022001594027995.
[I 2026-04-12 02:48:59,776] Trial 17 finished with value: 7.3442669270472125 and parameters: {'n_estimators': 824, 'max_depth': 6, 'learning_rate': 0.09121681763592007, 'subsample': 0.8018137815408116, 'colsample_bytree': 0.7713011649470557, 'min_child_weight': 6, 'reg_alpha': 0.4940484224964086, 'reg_lambda': 0.9869591064761596}. Best is trial 6 with value: 7.022001594027995.
[I 2026-04-12 02:49:03,623] Trial 18 finished with value: 7.032368185138043 and parameters: {'n_estimators': 623, 'max_depth': 4, 'learning_rate': 0.030123957802738292, 'subsample': 0.602314509138369, 'colsample_bytree': 0.6791391798443218, 'min_child_weight': 9, 'reg_alpha': 0.35340786076645875, 'reg_lambda': 0.2791290945150745}. Best is trial 6 with value: 7.022001594027995.
[I 2026-04-12 02:49:14,106] Trial 19 finished with value: 7.040117861910635 and parameters: {'n_estimators': 973, 'max_depth': 7, 'learning_rate': 0.01021208772566046, 'subsample': 0.8991142984997235, 'colsample_bytree': 0.6020311585408602, 'min_child_weight': 6, 'reg_alpha': 0.166597355637906, 'reg_lambda': 0.5458494266911218}. Best is trial 6 with value: 7.022001594027995.
[I 2026-04-12 02:49:16,645] Trial 20 finished with value: 7.023667072782481 and parameters: {'n_estimators': 408, 'max_depth': 3, 'learning_rate': 0.020153657722790253, 'subsample': 0.6671123296203688, 'colsample_bytree': 0.995584253622841, 'min_child_weight': 5, 'reg_alpha': 0.042541973677385686, 'reg_lambda': 0.6714936296212695}. Best is trial 6 with value: 7.022001594027995.
[I 2026-04-12 02:49:18,960] Trial 21 finished with value: 7.030878675575734 and parameters: {'n_estimators': 354, 'max_depth': 3, 'learning_rate': 0.01750461093865346, 'subsample': 0.6540317815145138, 'colsample_bytree': 0.9703895815446457, 'min_child_weight': 5, 'reg_alpha': 0.00785032757511387, 'reg_lambda': 0.6645674557370018}. Best is trial 6 with value: 7.022001594027995.
[I 2026-04-12 02:49:21,799] Trial 22 finished with value: 7.02951193433781 and parameters: {'n_estimators': 451, 'max_depth': 3, 'learning_rate': 0.013595232958137518, 'subsample': 0.6829435619682277, 'colsample_bytree': 0.9225818068261029, 'min_child_weight': 2, 'reg_alpha': 0.22371941534657036, 'reg_lambda': 0.7720499849280025}. Best is trial 6 with value: 7.022001594027995.
[I 2026-04-12 02:49:23,375] Trial 23 finished with value: 7.0318763623460185 and parameters: {'n_estimators': 191, 'max_depth': 4, 'learning_rate': 0.02290375276121229, 'subsample': 0.6255227646381558, 'colsample_bytree': 0.9989703886202971, 'min_child_weight': 9, 'reg_alpha': 0.07786395403271901, 'reg_lambda': 0.6348163837258}. Best is trial 6 with value: 7.022001594027995.
[I 2026-04-12 02:49:28,536] Trial 24 finished with value: 7.036424818090099 and parameters: {'n_estimators': 669, 'max_depth': 5, 'learning_rate': 0.034129962370373475, 'subsample': 0.7287334585347134, 'colsample_bytree': 0.6529135232737502, 'min_child_weight': 7, 'reg_alpha': 0.5249835326241276, 'reg_lambda': 0.4796240001848167}. Best is trial 6 with value: 7.022001594027995.
[I 2026-04-12 02:49:32,020] Trial 25 finished with value: 7.021153672911639 and parameters: {'n_estimators': 537, 'max_depth': 3, 'learning_rate': 0.020626500153904624, 'subsample': 0.792535185942524, 'colsample_bytree': 0.7870832894479051, 'min_child_weight': 4, 'reg_alpha': 0.3169166983259083, 'reg_lambda': 0.8433219523038735}. Best is trial 25 with value: 7.021153672911639.
[I 2026-04-12 02:49:35,905] Trial 26 finished with value: 7.019970849896755 and parameters: {'n_estimators': 526, 'max_depth': 4, 'learning_rate': 0.012662745009557368, 'subsample': 0.8055052819719124, 'colsample_bytree': 0.7909505880108226, 'min_child_weight': 2, 'reg_alpha': 0.35766661786304593, 'reg_lambda': 0.8748760114996412}. Best is trial 26 with value: 7.019970849896755.
[I 2026-04-12 02:49:43,389] Trial 27 finished with value: 7.039603109027656 and parameters: {'n_estimators': 765, 'max_depth': 6, 'learning_rate': 0.013455086755056845, 'subsample': 0.7999719535707297, 'colsample_bytree': 0.796073332686477, 'min_child_weight': 4, 'reg_alpha': 0.3716301689365782, 'reg_lambda': 0.8956147757997407}. Best is trial 26 with value: 7.019970849896755.
[I 2026-04-12 02:49:47,542] Trial 28 finished with value: 7.03690273095585 and parameters: {'n_estimators': 621, 'max_depth': 4, 'learning_rate': 0.027027105953761208, 'subsample': 0.8101556560249811, 'colsample_bytree': 0.7549631345252761, 'min_child_weight': 2, 'reg_alpha': 0.4509310114582659, 'reg_lambda': 0.8300737720952511}. Best is trial 26 with value: 7.019970849896755.
[I 2026-04-12 02:49:49,889] Trial 29 finished with value: 7.054997317669898 and parameters: {'n_estimators': 276, 'max_depth': 5, 'learning_rate': 0.05627254872372207, 'subsample': 0.8609781785140287, 'colsample_bytree': 0.8249553981037965, 'min_child_weight': 4, 'reg_alpha': 0.7654806289065709, 'reg_lambda': 0.9343097709214045}. Best is trial 26 with value: 7.019970849896755.
[I 2026-04-12 02:59:54,889] A new study created in memory with name: no-name-ac7c6da7-3cd0-4ca7-9b1d-aac7d75f3617
[I 2026-04-12 03:00:13,397] Trial 0 finished with value: 0.5923000595032597 and parameters: {'n_estimators': 694, 'max_depth': 7, 'learning_rate': 0.13758823427648723, 'subsample': 0.8315904359418411, 'colsample_bytree': 0.6367836843957098, 'min_child_weight': 6, 'reg_alpha': 0.7946028198785002, 'reg_lambda': 0.9747351618038326}. Best is trial 0 with value: 0.5923000595032597.
[I 2026-04-12 03:00:26,882] Trial 1 finished with value: 0.6104080290924896 and parameters: {'n_estimators': 618, 'max_depth': 4, 'learning_rate': 0.01477478082084325, 'subsample': 0.6962833693417013, 'colsample_bytree': 0.70602023668752, 'min_child_weight': 9, 'reg_alpha': 0.12341955232485746, 'reg_lambda': 0.17267908463254078}. Best is trial 1 with value: 0.6104080290924896.
[I 2026-04-12 03:00:37,575] Trial 2 finished with value: 0.6117295362583559 and parameters: {'n_estimators': 431, 'max_depth': 5, 'learning_rate': 0.02173870219224529, 'subsample': 0.8056743739551999, 'colsample_bytree': 0.7635114388690489, 'min_child_weight': 1, 'reg_alpha': 0.5534841177853164, 'reg_lambda': 0.7341922642315708}. Best is trial 2 with value: 0.6117295362583559.
[I 2026-04-12 03:00:50,150] Trial 3 finished with value: 0.5967016894952052 and parameters: {'n_estimators': 331, 'max_depth': 9, 'learning_rate': 0.058816892341884724, 'subsample': 0.7090744449686966, 'colsample_bytree': 0.8006947275967232, 'min_child_weight': 10, 'reg_alpha': 0.06610884143852525, 'reg_lambda': 0.7646230553720931}. Best is trial 2 with value: 0.6117295362583559.
[I 2026-04-12 03:01:20,466] Trial 4 finished with value: 0.5955489222925674 and parameters: {'n_estimators': 606, 'max_depth': 10, 'learning_rate': 0.11381045030598468, 'subsample': 0.8554579427363175, 'colsample_bytree': 0.9832445215776969, 'min_child_weight': 3, 'reg_alpha': 0.15344329714371618, 'reg_lambda': 0.7534891031319597}. Best is trial 2 with value: 0.6117295362583559.
[I 2026-04-12 03:01:36,235] Trial 5 finished with value: 0.6011127032215283 and parameters: {'n_estimators': 476, 'max_depth': 7, 'learning_rate': 0.0418091557376722, 'subsample': 0.9019211034162721, 'colsample_bytree': 0.8638419490295098, 'min_child_weight': 3, 'reg_alpha': 0.2678701800904004, 'reg_lambda': 0.5889401559190924}. Best is trial 2 with value: 0.6117295362583559.
[I 2026-04-12 03:02:17,684] Trial 6 finished with value: 0.5927708037896404 and parameters: {'n_estimators': 960, 'max_depth': 9, 'learning_rate': 0.19779180227938062, 'subsample': 0.9423142893680324, 'colsample_bytree': 0.8431484881203761, 'min_child_weight': 6, 'reg_alpha': 0.46615508678176865, 'reg_lambda': 0.8321926062448808}. Best is trial 2 with value: 0.6117295362583559.
[I 2026-04-12 03:02:21,440] Trial 7 finished with value: 0.6115378125922105 and parameters: {'n_estimators': 117, 'max_depth': 4, 'learning_rate': 0.09054639122490077, 'subsample': 0.6051995018985739, 'colsample_bytree': 0.8110680433234284, 'min_child_weight': 3, 'reg_alpha': 0.14707718243220624, 'reg_lambda': 0.8333271656105653}. Best is trial 2 with value: 0.6117295362583559.
[I 2026-04-12 03:02:40,219] Trial 8 finished with value: 0.6072133605923674 and parameters: {'n_estimators': 414, 'max_depth': 8, 'learning_rate': 0.023372482394105543, 'subsample': 0.8573752836919006, 'colsample_bytree': 0.6798166610896674, 'min_child_weight': 8, 'reg_alpha': 0.04772874990614828, 'reg_lambda': 0.0680771425199681}. Best is trial 2 with value: 0.6117295362583559.
[I 2026-04-12 03:03:00,886] Trial 9 finished with value: 0.6135807348455704 and parameters: {'n_estimators': 603, 'max_depth': 5, 'learning_rate': 0.01285339010910938, 'subsample': 0.6292197971559967, 'colsample_bytree': 0.953807038131259, 'min_child_weight': 5, 'reg_alpha': 0.13269250981876013, 'reg_lambda': 0.9244051252114391}. Best is trial 9 with value: 0.6135807348455704.
[I 2026-04-12 03:03:23,036] Trial 10 finished with value: 0.6069280121363987 and parameters: {'n_estimators': 826, 'max_depth': 3, 'learning_rate': 0.010883987882281265, 'subsample': 0.6033498741125325, 'colsample_bytree': 0.9944783565110109, 'min_child_weight': 5, 'reg_alpha': 0.8987603035356684, 'reg_lambda': 0.33851178556126915}. Best is trial 9 with value: 0.6135807348455704.
[I 2026-04-12 03:03:33,979] Trial 11 finished with value: 0.6109279186405351 and parameters: {'n_estimators': 275, 'max_depth': 5, 'learning_rate': 0.02154752953216851, 'subsample': 0.7677116242394635, 'colsample_bytree': 0.9051425271967954, 'min_child_weight': 1, 'reg_alpha': 0.6016373671658389, 'reg_lambda': 0.5957180781440962}. Best is trial 9 with value: 0.6135807348455704.
[I 2026-04-12 03:03:58,422] Trial 12 finished with value: 0.6131553551480731 and parameters: {'n_estimators': 731, 'max_depth': 5, 'learning_rate': 0.030237212045696415, 'subsample': 0.7615245089167162, 'colsample_bytree': 0.7350906936526409, 'min_child_weight': 1, 'reg_alpha': 0.416847048749437, 'reg_lambda': 0.9740242891403406}. Best is trial 9 with value: 0.6135807348455704.
[I 2026-04-12 03:04:25,949] Trial 13 finished with value: 0.6095314356809054 and parameters: {'n_estimators': 753, 'max_depth': 6, 'learning_rate': 0.03558241391472443, 'subsample': 0.6952620077363993, 'colsample_bytree': 0.9292589314137684, 'min_child_weight': 4, 'reg_alpha': 0.36032982615083486, 'reg_lambda': 0.9948352077991387}. Best is trial 9 with value: 0.6135807348455704.
[I 2026-04-12 03:04:57,963] Trial 14 finished with value: 0.6128949800394067 and parameters: {'n_estimators': 909, 'max_depth': 6, 'learning_rate': 0.01083072659971664, 'subsample': 0.7494699147170135, 'colsample_bytree': 0.7404046940843265, 'min_child_weight': 7, 'reg_alpha': 0.28519592662330595, 'reg_lambda': 0.3707087523769149}. Best is trial 9 with value: 0.6135807348455704.
[I 2026-04-12 03:05:17,031] Trial 15 finished with value: 0.6145484442134274 and parameters: {'n_estimators': 765, 'max_depth': 3, 'learning_rate': 0.03141300795534552, 'subsample': 0.6586395670023512, 'colsample_bytree': 0.6437028080570993, 'min_child_weight': 2, 'reg_alpha': 0.68194919256738, 'reg_lambda': 0.9136856051009111}. Best is trial 15 with value: 0.6145484442134274.
[I 2026-04-12 03:05:37,528] Trial 16 finished with value: 0.613356535722908 and parameters: {'n_estimators': 840, 'max_depth': 3, 'learning_rate': 0.06045199977685521, 'subsample': 0.6489057889770746, 'colsample_bytree': 0.6080692110786239, 'min_child_weight': 4, 'reg_alpha': 0.7399167569482105, 'reg_lambda': 0.5688375387102333}. Best is trial 15 with value: 0.6145484442134274.
[I 2026-04-12 03:05:53,673] Trial 17 finished with value: 0.6116179210412797 and parameters: {'n_estimators': 541, 'max_depth': 4, 'learning_rate': 0.016177785706346287, 'subsample': 0.6459021259039045, 'colsample_bytree': 0.9382813005585915, 'min_child_weight': 2, 'reg_alpha': 0.6581215592089323, 'reg_lambda': 0.8780830420556401}. Best is trial 15 with value: 0.6145484442134274.
[I 2026-04-12 03:06:10,142] Trial 18 finished with value: 0.6063825603620647 and parameters: {'n_estimators': 659, 'max_depth': 3, 'learning_rate': 0.014515824724203737, 'subsample': 0.6479697802270552, 'colsample_bytree': 0.6589769204903814, 'min_child_weight': 5, 'reg_alpha': 0.9983957979273258, 'reg_lambda': 0.6762735667411651}. Best is trial 15 with value: 0.6145484442134274.
[I 2026-04-12 03:06:29,059] Trial 19 finished with value: 0.6119412643875768 and parameters: {'n_estimators': 806, 'max_depth': 4, 'learning_rate': 0.04985675408055074, 'subsample': 0.9955494147100417, 'colsample_bytree': 0.882989821274722, 'min_child_weight': 7, 'reg_alpha': 0.7233268583433502, 'reg_lambda': 0.406248380683795}. Best is trial 15 with value: 0.6145484442134274.
[I 2026-04-12 03:06:45,423] Trial 20 finished with value: 0.6110727724176664 and parameters: {'n_estimators': 556, 'max_depth': 5, 'learning_rate': 0.029155772312093053, 'subsample': 0.7267044207700033, 'colsample_bytree': 0.839648089331147, 'min_child_weight': 4, 'reg_alpha': 0.5246129437681388, 'reg_lambda': 0.8887966547724037}. Best is trial 15 with value: 0.6145484442134274.
[I 2026-04-12 03:07:04,577] Trial 21 finished with value: 0.615695632745906 and parameters: {'n_estimators': 877, 'max_depth': 3, 'learning_rate': 0.06497830596703798, 'subsample': 0.6539113083776065, 'colsample_bytree': 0.6206639638733443, 'min_child_weight': 4, 'reg_alpha': 0.7771232965464777, 'reg_lambda': 0.625962958455492}. Best is trial 21 with value: 0.615695632745906.
[I 2026-04-12 03:07:25,476] Trial 22 finished with value: 0.6009687972259604 and parameters: {'n_estimators': 994, 'max_depth': 3, 'learning_rate': 0.2779948517037253, 'subsample': 0.6664154219760945, 'colsample_bytree': 0.6121022432456905, 'min_child_weight': 2, 'reg_alpha': 0.845525514495316, 'reg_lambda': 0.48302408405947256}. Best is trial 21 with value: 0.615695632745906.
[I 2026-04-12 03:07:46,845] Trial 23 finished with value: 0.609231389641719 and parameters: {'n_estimators': 899, 'max_depth': 4, 'learning_rate': 0.08172423770061993, 'subsample': 0.6119166148054157, 'colsample_bytree': 0.6866790631808679, 'min_child_weight': 2, 'reg_alpha': 0.6597525710157195, 'reg_lambda': 0.6791756595670155}. Best is trial 21 with value: 0.615695632745906.
[I 2026-04-12 03:08:02,840] Trial 24 finished with value: 0.6106617418542826 and parameters: {'n_estimators': 762, 'max_depth': 3, 'learning_rate': 0.07451239015238262, 'subsample': 0.6747747318274093, 'colsample_bytree': 0.642510609058628, 'min_child_weight': 5, 'reg_alpha': 0.9373591868848312, 'reg_lambda': 0.26175625994021867}. Best is trial 21 with value: 0.615695632745906.
[I 2026-04-12 03:08:28,013] Trial 25 finished with value: 0.6083165748478886 and parameters: {'n_estimators': 879, 'max_depth': 6, 'learning_rate': 0.04538644439858494, 'subsample': 0.6389597032858104, 'colsample_bytree': 0.7663766824537958, 'min_child_weight': 4, 'reg_alpha': 0.7606068522702752, 'reg_lambda': 0.9134220769733121}. Best is trial 21 with value: 0.615695632745906.
[I 2026-04-12 03:08:45,975] Trial 26 finished with value: 0.6149601751595108 and parameters: {'n_estimators': 687, 'max_depth': 4, 'learning_rate': 0.028921448428804508, 'subsample': 0.7315625107829564, 'colsample_bytree': 0.60168614010471, 'min_child_weight': 3, 'reg_alpha': 0.6344270517855899, 'reg_lambda': 0.4690041672383157}. Best is trial 21 with value: 0.615695632745906.
[I 2026-04-12 03:09:03,109] Trial 27 finished with value: 0.6137891108944082 and parameters: {'n_estimators': 691, 'max_depth': 3, 'learning_rate': 0.029714874825890147, 'subsample': 0.7319598677545481, 'colsample_bytree': 0.612032946319002, 'min_child_weight': 3, 'reg_alpha': 0.6387864588221327, 'reg_lambda': 0.4769086388121924}. Best is trial 21 with value: 0.615695632745906.
[I 2026-04-12 03:09:22,240] Trial 28 finished with value: 0.6124583872497344 and parameters: {'n_estimators': 777, 'max_depth': 4, 'learning_rate': 0.03900540126275106, 'subsample': 0.6843698827671241, 'colsample_bytree': 0.6547277118389783, 'min_child_weight': 2, 'reg_alpha': 0.851851211470396, 'reg_lambda': 0.27756797383235565}. Best is trial 21 with value: 0.615695632745906.
[I 2026-04-12 03:09:38,683] Trial 29 finished with value: 0.6100464887553836 and parameters: {'n_estimators': 709, 'max_depth': 3, 'learning_rate': 0.1422945518271256, 'subsample': 0.790642218651427, 'colsample_bytree': 0.6328136996642559, 'min_child_weight': 3, 'reg_alpha': 0.8118305398133381, 'reg_lambda': 0.5320623290001735}. Best is trial 21 with value: 0.615695632745906.
