/Library/Frameworks/Python.framework/Versions/3.12/lib/python3.12/pickle.py:1753: UserWarning: [03:35:16] WARNING: /Users/runner/work/xgboost/xgboost/src/gbm/../common/error_msg.h:83: If you are loading a serialized model (like pickle in Python, RDS in R) or
configuration generated by an older version of XGBoost, please export the model by calling
`Booster.save_model` from that version first, then load it back in current version. See:

    https://xgboost.readthedocs.io/en/stable/tutorials/saving_model.html

for more details about differences between saving model and serializing.

  setstate(state)
/Users/rithv/Library/Python/3.12/lib/python/site-packages/sklearn/base.py:463: InconsistentVersionWarning: Trying to unpickle estimator IsotonicRegression from version 1.6.1 when using version 1.8.0. This might lead to breaking code or invalid results. Use at your own risk. For more info please refer to:
https://scikit-learn.org/stable/model_persistence.html#security-maintainability-limitations
  warnings.warn(
skipping incomplete per-prop bundle for 'triple_double': missing reg file
skipping incomplete per-prop bundle for 'double_double': missing reg file
[train] building examples seasons=['2022-23', '2023-24', '2024-25', '2025-26'] max_players=300 ...
[train] season 2022-23: building examples...
[train] precomputed data loaded: {'advanced': 579, 'clutch': 487, 'hustle': 576, 'shot_prof': 570, 'play_types': 427, 'on_off': 579, 'shot_zones': 397, 'q_splits': 388, 'tracking': 579, 'scoring': 579, 'yoy': 400, 'team_stats': 30, 'team_foul': 30, 'rest_splits': 30, 'standings': 30, 'opp_shot_zones': 30, 'opp_synergy': 30, 'home_away': 29, 'lineup_stats': 30, 'injury_status': 30, 'vs_opponent': 8653, 'dvp_rolling': 60, 'referee': 222}
[train] players processed: 10/300
[train] players processed: 20/300
[train] players processed: 30/300
[train] players processed: 40/300
[train] players processed: 50/300
[train] players processed: 60/300
[train] players processed: 70/300
[train] players processed: 80/300
[train] players processed: 90/300
[train] players processed: 100/300
[train] players processed: 110/300
[train] players processed: 120/300
[train] players processed: 130/300
[train] players processed: 140/300
[train] players processed: 150/300
[train] players processed: 160/300
[train] players processed: 170/300
[train] players processed: 180/300
[train] players processed: 190/300
[train] players processed: 200/300
[train] players processed: 210/300
[train] players processed: 220/300
[train] players processed: 230/300
[train] players processed: 240/300
[train] players processed: 250/300
[train] Skipping player 201145 after 3 failed attempts
[train] Skipping player 1629634 after 3 failed attempts
[train] Skipping player 1630538 after 3 failed attempts
[train] Skipping player 1629052 after 3 failed attempts
[train] Skipping player 1628418 after 3 failed attempts
[train] Skipping player 1630167 after 3 failed attempts
[train] Skipping player 204060 after 3 failed attempts
[train] Skipping player 1630543 after 3 failed attempts
[train] players processed: 260/300
[train] Skipping player 1630700 after 3 failed attempts
[train] Skipping player 1630552 after 3 failed attempts
[train] Skipping player 1629117 after 3 failed attempts
[train] Skipping player 203085 after 3 failed attempts
[train] Skipping player 1628977 after 3 failed attempts
[train] Skipping player 203115 after 3 failed attempts
[train] Skipping player 1628963 after 3 failed attempts
[train] Skipping player 1629629 after 3 failed attempts
[train] Skipping player 1629111 after 3 failed attempts
[train] Skipping player 1629642 after 3 failed attempts
[train] players processed: 270/300
[train] Skipping player 1630586 after 3 failed attempts
[train] players processed: 280/300
[train] players processed: 290/300
[train] players processed: 300/300
[train] season 2023-24: building examples...
[train] precomputed data loaded: {'advanced': 579, 'clutch': 487, 'hustle': 576, 'shot_prof': 570, 'play_types': 427, 'on_off': 579, 'shot_zones': 397, 'q_splits': 388, 'tracking': 579, 'scoring': 579, 'yoy': 400, 'team_stats': 30, 'team_foul': 30, 'rest_splits': 30, 'standings': 30, 'opp_shot_zones': 30, 'opp_synergy': 30, 'home_away': 29, 'lineup_stats': 30, 'injury_status': 30, 'vs_opponent': 8653, 'dvp_rolling': 60, 'referee': 222}
[train] players processed: 10/300
[train] players processed: 20/300
[train] players processed: 30/300
[train] Skipping player 202331 after 3 failed attempts
[train] Skipping player 203471 after 3 failed attempts
[train] Skipping player 1626156 after 3 failed attempts
[train] Skipping player 201935 after 3 failed attempts
[train] Skipping player 1626164 after 3 failed attempts
[train] Skipping player 1628386 after 3 failed attempts
[train] Skipping player 1631095 after 3 failed attempts
[train] Skipping player 201939 after 3 failed attempts
[train] Skipping player 1628389 after 3 failed attempts
[train] players processed: 40/300
[train] Skipping player 1631096 after 3 failed attempts
[train] Skipping player 201572 after 3 failed attempts
[train] Skipping player 203484 after 3 failed attempts
[train] Skipping player 203992 after 3 failed attempts
[train] Skipping player 1641706 after 3 failed attempts
[train] Skipping player 1628401 after 3 failed attempts
[train] Skipping player 203084 after 3 failed attempts
[train] Skipping player 202699 after 3 failed attempts
[train] Skipping player 1628978 after 3 failed attempts
[train] Skipping player 1629673 after 3 failed attempts
[train] players processed: 50/300
[train] Skipping player 1627759 after 3 failed attempts
[train] Skipping player 1630532 after 3 failed attempts
[train] players processed: 60/300
[train] players processed: 70/300
[train] players processed: 80/300
[train] players processed: 90/300
[train] players processed: 100/300
[train] players processed: 110/300
[train] players processed: 120/300
[train] players processed: 130/300
[train] players processed: 140/300
[train] players processed: 150/300
[train] players processed: 160/300
[train] players processed: 170/300
[train] players processed: 180/300
[train] players processed: 190/300
[train] players processed: 200/300
[train] players processed: 210/300
[train] players processed: 220/300
[train] players processed: 230/300
[train] players processed: 240/300
[train] players processed: 250/300
[train] players processed: 260/300
[train] players processed: 270/300
[train] players processed: 280/300
[train] players processed: 290/300
[train] players processed: 300/300
[train] season 2024-25: building examples...
[train] precomputed data loaded: {'advanced': 579, 'clutch': 487, 'hustle': 576, 'shot_prof': 570, 'play_types': 427, 'on_off': 579, 'shot_zones': 397, 'q_splits': 388, 'tracking': 579, 'scoring': 579, 'yoy': 400, 'team_stats': 30, 'team_foul': 30, 'rest_splits': 30, 'standings': 30, 'opp_shot_zones': 30, 'opp_synergy': 30, 'home_away': 29, 'lineup_stats': 30, 'injury_status': 30, 'vs_opponent': 8653, 'dvp_rolling': 60, 'referee': 222}
[train] players processed: 10/300
[train] players processed: 20/300
[train] players processed: 30/300
[train] players processed: 40/300
[train] players processed: 50/300
[train] Skipping player 1631114 after 3 failed attempts
[train] Skipping player 1628378 after 3 failed attempts
[train] Skipping player 203084 after 3 failed attempts
[train] Skipping player 203944 after 3 failed attempts
[train] Skipping player 1641708 after 3 failed attempts
[train] Skipping player 1628991 after 3 failed attempts
[train] Skipping player 1630217 after 3 failed attempts
[train] players processed: 60/300
[train] Skipping player 1629675 after 3 failed attempts
[train] Skipping player 1626167 after 3 failed attempts
[train] Skipping player 1626145 after 3 failed attempts
[train] Skipping player 1630596 after 3 failed attempts
[train] Skipping player 1627752 after 3 failed attempts
[train] Skipping player 1642264 after 3 failed attempts
[train] Skipping player 1630166 after 3 failed attempts
[train] Skipping player 1627759 after 3 failed attempts
[train] Skipping player 203501 after 3 failed attempts
[train] Skipping player 1631097 after 3 failed attempts
[train] players processed: 70/300
[train] players processed: 80/300
[train] players processed: 90/300
[train] players processed: 100/300
[train] players processed: 110/300
[train] players processed: 120/300
[train] players processed: 130/300
[train] Skipping player 1629130 after 3 failed attempts
[train] Skipping player 1627739 after 3 failed attempts
[train] Skipping player 1629029 after 3 failed attempts
[train] Skipping player 1630703 after 3 failed attempts
[train] Skipping player 1628976 after 3 failed attempts
[train] Skipping player 1629012 after 3 failed attempts
[train] Skipping player 201144 after 3 failed attempts
[train] Skipping player 1629599 after 3 failed attempts
[train] Skipping player 202710 after 3 failed attempts
[train] Skipping player 1630598 after 3 failed attempts
[train] players processed: 140/300
[train] Skipping player 1631117 after 3 failed attempts
[train] Skipping player 1629631 after 3 failed attempts
[train] Skipping player 1630534 after 3 failed attempts
[train] Skipping player 1641764 after 3 failed attempts
[train] Skipping player 1631095 after 3 failed attempts
[train] Skipping player 203076 after 3 failed attempts
[train] Skipping player 203078 after 3 failed attempts
[train] Skipping player 1627777 after 3 failed attempts
[train] Skipping player 1627751 after 3 failed attempts
[train] Skipping player 1630590 after 3 failed attempts
[train] players processed: 150/300
[train] Skipping player 1628989 after 3 failed attempts
[train] players processed: 160/300
[train] players processed: 170/300
[train] players processed: 180/300
[train] players processed: 190/300
[train] players processed: 200/300
[train] players processed: 210/300
[train] players processed: 220/300
[train] players processed: 230/300
[train] players processed: 240/300
[train] players processed: 250/300
[train] players processed: 260/300
[train] players processed: 270/300
[train] players processed: 280/300
[train] players processed: 290/300
[train] players processed: 300/300
[train] season 2025-26: building examples...
[train] precomputed data loaded: {'advanced': 579, 'clutch': 487, 'hustle': 576, 'shot_prof': 570, 'play_types': 427, 'on_off': 579, 'shot_zones': 397, 'q_splits': 388, 'tracking': 579, 'scoring': 579, 'yoy': 400, 'team_stats': 30, 'team_foul': 30, 'rest_splits': 30, 'standings': 30, 'opp_shot_zones': 30, 'opp_synergy': 30, 'home_away': 29, 'lineup_stats': 30, 'injury_status': 30, 'vs_opponent': 8653, 'dvp_rolling': 60, 'referee': 222}
[train] players processed: 10/300
[train] players processed: 20/300
[train] players processed: 30/300
[train] players processed: 40/300
[train] players processed: 50/300
[train] players processed: 60/300
[train] players processed: 70/300
[train] players processed: 80/300
[train] players processed: 90/300
[train] players processed: 100/300
[train] players processed: 110/300
[train] players processed: 120/300
[train] players processed: 130/300
[train] players processed: 140/300
[train] players processed: 150/300
[train] Skipping player 1630541 after 3 failed attempts
[train] Skipping player 1642844 after 3 failed attempts
[train] Skipping player 1630591 after 3 failed attempts
[train] Skipping player 1641842 after 3 failed attempts
[train] Skipping player 1629611 after 3 failed attempts
[train] Skipping player 1628989 after 3 failed attempts
[train] Skipping player 201950 after 3 failed attempts
[train] Skipping player 1631106 after 3 failed attempts
[train] players processed: 160/300
[train] Skipping player 1628386 after 3 failed attempts
[train] Skipping player 1642268 after 3 failed attempts
[train] Skipping player 1630198 after 3 failed attempts
[train] Skipping player 1629111 after 3 failed attempts
[train] Skipping player 202691 after 3 failed attempts
[train] Skipping player 1642258 after 3 failed attempts
[train] Skipping player 1631165 after 3 failed attempts
[train] Skipping player 1642349 after 3 failed attempts
[train] Skipping player 1641731 after 3 failed attempts
[train] Skipping player 1628960 after 3 failed attempts
[train] players processed: 170/300
[train] players processed: 180/300
[train] players processed: 190/300
[train] players processed: 200/300
[train] players processed: 210/300
[train] players processed: 220/300
[train] players processed: 230/300
[train] Skipping player 1628963 after 3 failed attempts
[train] Skipping player 203954 after 3 failed attempts
[train] Skipping player 1630583 after 3 failed attempts
[train] Skipping player 1629655 after 3 failed attempts
[train] Skipping player 1642874 after 3 failed attempts
[train] Skipping player 202710 after 3 failed attempts
[train] Skipping player 1641775 after 3 failed attempts
[train] Skipping player 1631243 after 3 failed attempts
[train] Skipping player 1641713 after 3 failed attempts
[train] Skipping player 1630538 after 3 failed attempts
[train] players processed: 240/300
[train] Skipping player 1629631 after 3 failed attempts
[train] Skipping player 1629011 after 3 failed attempts
[train] Skipping player 1631323 after 3 failed attempts
[train] Skipping player 1629013 after 3 failed attempts
[train] Skipping player 1630549 after 3 failed attempts
[train] Skipping player 1642366 after 3 failed attempts
[train] Skipping player 1629004 after 3 failed attempts
[train] Skipping player 1630696 after 3 failed attempts
[train] Skipping player 1627747 after 3 failed attempts
[train] players processed: 250/300
[train] players processed: 260/300
[train] players processed: 270/300
[train] players processed: 280/300
[train] players processed: 290/300
[train] players processed: 300/300
[train] total examples: 839692
[train] training + saving models ...
[wf] points: auc_raw=0.574 brier_raw=0.271 auc_cal=0.569 brier_cal=0.253 folds=5
[optuna] Optimizing hyperparameters for points regression...
[I 2026-04-12 09:49:25,616] A new study created in memory with name: no-name-3a45a2fd-d4c0-4114-bef9-366d8a5c7254
[I 2026-04-12 09:49:28,362] Trial 0 finished with value: 6.548640491828023 and parameters: {'n_estimators': 221, 'max_depth': 6, 'learning_rate': 0.05741256039471255, 'subsample': 0.6902265479411887, 'colsample_bytree': 0.9061437670348574, 'min_child_weight': 1, 'reg_alpha': 0.35496647365980694, 'reg_lambda': 0.40586762047927716}. Best is trial 0 with value: 6.548640491828023.
[I 2026-04-12 09:49:47,047] Trial 1 finished with value: 7.0049221412418206 and parameters: {'n_estimators': 925, 'max_depth': 8, 'learning_rate': 0.15900992109265763, 'subsample': 0.9003301922871079, 'colsample_bytree': 0.9900924821845439, 'min_child_weight': 5, 'reg_alpha': 0.564128875970151, 'reg_lambda': 0.18417003818403332}. Best is trial 0 with value: 6.548640491828023.
[I 2026-04-12 09:49:52,083] Trial 2 finished with value: 6.547499037575477 and parameters: {'n_estimators': 710, 'max_depth': 4, 'learning_rate': 0.06549282183629776, 'subsample': 0.7372120312988623, 'colsample_bytree': 0.6283660651671807, 'min_child_weight': 6, 'reg_alpha': 0.09867248696267195, 'reg_lambda': 0.6653145699336855}. Best is trial 2 with value: 6.547499037575477.
[I 2026-04-12 09:49:56,117] Trial 3 finished with value: 6.47628327912943 and parameters: {'n_estimators': 629, 'max_depth': 3, 'learning_rate': 0.02134813088635803, 'subsample': 0.7081645478683941, 'colsample_bytree': 0.9527438826806622, 'min_child_weight': 10, 'reg_alpha': 0.7249124957136976, 'reg_lambda': 0.4331898792794353}. Best is trial 3 with value: 6.47628327912943.
[I 2026-04-12 09:50:05,216] Trial 4 finished with value: 6.624505520232399 and parameters: {'n_estimators': 824, 'max_depth': 6, 'learning_rate': 0.054904869567858165, 'subsample': 0.8323508713271853, 'colsample_bytree': 0.8807267744171591, 'min_child_weight': 3, 'reg_alpha': 0.3953339749346545, 'reg_lambda': 0.7860103140761727}. Best is trial 3 with value: 6.47628327912943.
[I 2026-04-12 09:50:11,882] Trial 5 finished with value: 7.028645068166859 and parameters: {'n_estimators': 781, 'max_depth': 5, 'learning_rate': 0.20500163401439606, 'subsample': 0.8619888727586347, 'colsample_bytree': 0.6248588449096066, 'min_child_weight': 1, 'reg_alpha': 0.9254272952448449, 'reg_lambda': 0.6124512336798215}. Best is trial 3 with value: 6.47628327912943.
[I 2026-04-12 09:50:16,150] Trial 6 finished with value: 6.550073114427695 and parameters: {'n_estimators': 638, 'max_depth': 3, 'learning_rate': 0.1110875725341477, 'subsample': 0.8198826512795071, 'colsample_bytree': 0.7926628273047783, 'min_child_weight': 2, 'reg_alpha': 0.21144461716370688, 'reg_lambda': 0.642101576639624}. Best is trial 3 with value: 6.47628327912943.
[I 2026-04-12 09:50:20,748] Trial 7 finished with value: 6.634897446040674 and parameters: {'n_estimators': 183, 'max_depth': 9, 'learning_rate': 0.06276739821884791, 'subsample': 0.8293776078299375, 'colsample_bytree': 0.7690851931516298, 'min_child_weight': 5, 'reg_alpha': 0.9203937610957987, 'reg_lambda': 0.05109439939457183}. Best is trial 3 with value: 6.47628327912943.
[I 2026-04-12 09:50:48,886] Trial 8 finished with value: 6.974429993992487 and parameters: {'n_estimators': 921, 'max_depth': 9, 'learning_rate': 0.15764027209548212, 'subsample': 0.8683095923256383, 'colsample_bytree': 0.8578952843665771, 'min_child_weight': 4, 'reg_alpha': 0.5937916381312066, 'reg_lambda': 0.41204023961266734}. Best is trial 3 with value: 6.47628327912943.
[I 2026-04-12 09:50:54,468] Trial 9 finished with value: 6.510371941919377 and parameters: {'n_estimators': 764, 'max_depth': 4, 'learning_rate': 0.057766588249910926, 'subsample': 0.8348439334694978, 'colsample_bytree': 0.8302682748876058, 'min_child_weight': 8, 'reg_alpha': 0.2570280517711685, 'reg_lambda': 0.6593794578548157}. Best is trial 3 with value: 6.47628327912943.
[I 2026-04-12 09:50:57,345] Trial 10 finished with value: 6.482954669426898 and parameters: {'n_estimators': 400, 'max_depth': 3, 'learning_rate': 0.015000070816405236, 'subsample': 0.6021139635248767, 'colsample_bytree': 0.9869911148632965, 'min_child_weight': 10, 'reg_alpha': 0.7233818891469779, 'reg_lambda': 0.9161904484161525}. Best is trial 3 with value: 6.47628327912943.
[I 2026-04-12 09:51:00,427] Trial 11 finished with value: 6.48378713234463 and parameters: {'n_estimators': 433, 'max_depth': 3, 'learning_rate': 0.013973950804546845, 'subsample': 0.6001383805384309, 'colsample_bytree': 0.99612912360355, 'min_child_weight': 10, 'reg_alpha': 0.7322663725302959, 'reg_lambda': 0.9917603385274065}. Best is trial 3 with value: 6.47628327912943.
[I 2026-04-12 09:51:03,658] Trial 12 finished with value: 6.485127104415035 and parameters: {'n_estimators': 445, 'max_depth': 3, 'learning_rate': 0.015322257576782647, 'subsample': 0.9828229496640044, 'colsample_bytree': 0.9394105299999083, 'min_child_weight': 10, 'reg_alpha': 0.7508547492004672, 'reg_lambda': 0.9576223708582947}. Best is trial 3 with value: 6.47628327912943.
[I 2026-04-12 09:51:08,285] Trial 13 finished with value: 6.481918311763077 and parameters: {'n_estimators': 506, 'max_depth': 5, 'learning_rate': 0.025411188653554125, 'subsample': 0.6423369301741061, 'colsample_bytree': 0.727058134661185, 'min_child_weight': 8, 'reg_alpha': 0.7034072545611253, 'reg_lambda': 0.3179214746773904}. Best is trial 3 with value: 6.47628327912943.
[I 2026-04-12 09:51:13,234] Trial 14 finished with value: 6.483204414055903 and parameters: {'n_estimators': 547, 'max_depth': 5, 'learning_rate': 0.028284982943986015, 'subsample': 0.6852532535284541, 'colsample_bytree': 0.710865600038656, 'min_child_weight': 8, 'reg_alpha': 0.8302568112683006, 'reg_lambda': 0.24277939690091832}. Best is trial 3 with value: 6.47628327912943.
[I 2026-04-12 09:51:21,112] Trial 15 finished with value: 6.51932161055947 and parameters: {'n_estimators': 582, 'max_depth': 7, 'learning_rate': 0.027569065414931433, 'subsample': 0.7466322430301414, 'colsample_bytree': 0.700538997795458, 'min_child_weight': 8, 'reg_alpha': 0.6042662808554005, 'reg_lambda': 0.28755994694252807}. Best is trial 3 with value: 6.47628327912943.
[I 2026-04-12 09:51:23,801] Trial 16 finished with value: 6.486047355058323 and parameters: {'n_estimators': 272, 'max_depth': 5, 'learning_rate': 0.03207156564071361, 'subsample': 0.673012027705149, 'colsample_bytree': 0.7361705697935523, 'min_child_weight': 9, 'reg_alpha': 0.49262447198155046, 'reg_lambda': 0.47162249121130795}. Best is trial 3 with value: 6.47628327912943.
[I 2026-04-12 09:51:26,845] Trial 17 finished with value: 6.49168400324376 and parameters: {'n_estimators': 339, 'max_depth': 4, 'learning_rate': 0.010370883238076537, 'subsample': 0.7460955241272064, 'colsample_bytree': 0.6685823617163655, 'min_child_weight': 7, 'reg_alpha': 0.981800256017912, 'reg_lambda': 0.042151809997088396}. Best is trial 3 with value: 6.47628327912943.
[I 2026-04-12 09:51:29,016] Trial 18 finished with value: 6.5228251487803925 and parameters: {'n_estimators': 108, 'max_depth': 7, 'learning_rate': 0.02081981316360797, 'subsample': 0.6458691779324909, 'colsample_bytree': 0.7674019354055862, 'min_child_weight': 7, 'reg_alpha': 0.67901889036588, 'reg_lambda': 0.33087465089952417}. Best is trial 3 with value: 6.47628327912943.
[I 2026-04-12 09:51:45,778] Trial 19 finished with value: 6.6389913395041225 and parameters: {'n_estimators': 557, 'max_depth': 10, 'learning_rate': 0.03499466837109479, 'subsample': 0.6425956107298566, 'colsample_bytree': 0.8257928133918399, 'min_child_weight': 9, 'reg_alpha': 0.8375659930616358, 'reg_lambda': 0.5616149992931607}. Best is trial 3 with value: 6.47628327912943.
[I 2026-04-12 09:51:50,784] Trial 20 finished with value: 6.4989340200190355 and parameters: {'n_estimators': 664, 'max_depth': 4, 'learning_rate': 0.04094030718485131, 'subsample': 0.7723549548402981, 'colsample_bytree': 0.9183605579136533, 'min_child_weight': 9, 'reg_alpha': 0.4563311160415649, 'reg_lambda': 0.14154007693398}. Best is trial 3 with value: 6.47628327912943.
[I 2026-04-12 09:51:53,882] Trial 21 finished with value: 6.476398857654478 and parameters: {'n_estimators': 441, 'max_depth': 3, 'learning_rate': 0.018974692815999988, 'subsample': 0.6051222357576463, 'colsample_bytree': 0.959898678322398, 'min_child_weight': 10, 'reg_alpha': 0.6747229607743114, 'reg_lambda': 0.814881984249313}. Best is trial 3 with value: 6.47628327912943.
[I 2026-04-12 09:51:58,685] Trial 22 finished with value: 6.482867653334194 and parameters: {'n_estimators': 489, 'max_depth': 5, 'learning_rate': 0.021320138691684372, 'subsample': 0.6385285703372797, 'colsample_bytree': 0.945370042207488, 'min_child_weight': 10, 'reg_alpha': 0.8120250624690164, 'reg_lambda': 0.7750448897040092}. Best is trial 3 with value: 6.47628327912943.
[I 2026-04-12 09:52:01,716] Trial 23 finished with value: 6.468924281271137 and parameters: {'n_estimators': 342, 'max_depth': 4, 'learning_rate': 0.020153784469336702, 'subsample': 0.7089567649590195, 'colsample_bytree': 0.9621646954865971, 'min_child_weight': 9, 'reg_alpha': 0.6590515985153338, 'reg_lambda': 0.4983353871705074}. Best is trial 23 with value: 6.468924281271137.
[I 2026-04-12 09:52:04,425] Trial 24 finished with value: 6.497494476913665 and parameters: {'n_estimators': 348, 'max_depth': 3, 'learning_rate': 0.010704629683028767, 'subsample': 0.7127748061197724, 'colsample_bytree': 0.9642068643031363, 'min_child_weight': 9, 'reg_alpha': 0.6062116384910718, 'reg_lambda': 0.5111874812104004}. Best is trial 23 with value: 6.468924281271137.
[I 2026-04-12 09:52:07,202] Trial 25 finished with value: 6.470673679685407 and parameters: {'n_estimators': 313, 'max_depth': 4, 'learning_rate': 0.018683724481040543, 'subsample': 0.7771108572015666, 'colsample_bytree': 0.8982573110613783, 'min_child_weight': 7, 'reg_alpha': 0.6436903489425598, 'reg_lambda': 0.7732561219667381}. Best is trial 23 with value: 6.468924281271137.
[I 2026-04-12 09:52:09,772] Trial 26 finished with value: 6.490118072689996 and parameters: {'n_estimators': 316, 'max_depth': 4, 'learning_rate': 0.04543524513934139, 'subsample': 0.7778460981527795, 'colsample_bytree': 0.9048190107666098, 'min_child_weight': 7, 'reg_alpha': 0.5344031575599066, 'reg_lambda': 0.44905568436673193}. Best is trial 23 with value: 6.468924281271137.
[I 2026-04-12 09:52:11,917] Trial 27 finished with value: 6.496478647431204 and parameters: {'n_estimators': 148, 'max_depth': 6, 'learning_rate': 0.01804948222184545, 'subsample': 0.7122734712117004, 'colsample_bytree': 0.8666827610568468, 'min_child_weight': 6, 'reg_alpha': 0.42797894263130043, 'reg_lambda': 0.5472137516075416}. Best is trial 23 with value: 6.468924281271137.
[I 2026-04-12 09:52:14,018] Trial 28 finished with value: 6.49785413964277 and parameters: {'n_estimators': 256, 'max_depth': 4, 'learning_rate': 0.09402104236967442, 'subsample': 0.7830201655195757, 'colsample_bytree': 0.9209386257076452, 'min_child_weight': 7, 'reg_alpha': 0.7902773961134487, 'reg_lambda': 0.7237656879094561}. Best is trial 23 with value: 6.468924281271137.
[I 2026-04-12 09:52:17,167] Trial 29 finished with value: 6.500723836131425 and parameters: {'n_estimators': 221, 'max_depth': 6, 'learning_rate': 0.011983830699063256, 'subsample': 0.7121692623913559, 'colsample_bytree': 0.8947697247646804, 'min_child_weight': 9, 'reg_alpha': 0.32314756548392476, 'reg_lambda': 0.36565771631246}. Best is trial 23 with value: 6.468924281271137.
[optuna] Best params: {'n_estimators': 342, 'max_depth': 4, 'learning_rate': 0.020153784469336702, 'subsample': 0.7089567649590195, 'colsample_bytree': 0.9621646954865971, 'min_child_weight': 9, 'reg_alpha': 0.6590515985153338, 'reg_lambda': 0.4983353871705074}
[optuna] Optimizing hyperparameters for points classification...
[I 2026-04-12 10:05:39,536] A new study created in memory with name: no-name-4c3cb0de-365b-47a0-8ff3-e06572d1f343
[I 2026-04-12 10:05:52,114] Trial 0 finished with value: 0.5875385076929336 and parameters: {'n_estimators': 380, 'max_depth': 8, 'learning_rate': 0.18243898858384958, 'subsample': 0.9973078251100236, 'colsample_bytree': 0.6028652230782697, 'min_child_weight': 4, 'reg_alpha': 0.5936217927369867, 'reg_lambda': 0.15368383925513862}. Best is trial 0 with value: 0.5875385076929336.
[I 2026-04-12 10:06:00,890] Trial 1 finished with value: 0.6052517076875246 and parameters: {'n_estimators': 418, 'max_depth': 4, 'learning_rate': 0.1681302591444261, 'subsample': 0.8096088049321225, 'colsample_bytree': 0.9389478298801976, 'min_child_weight': 5, 'reg_alpha': 0.7744496261280482, 'reg_lambda': 0.6670983703128279}. Best is trial 1 with value: 0.6052517076875246.
[I 2026-04-12 10:06:11,262] Trial 2 finished with value: 0.6142663507804688 and parameters: {'n_estimators': 484, 'max_depth': 4, 'learning_rate': 0.0568806695047538, 'subsample': 0.7518870517872166, 'colsample_bytree': 0.7046745001583407, 'min_child_weight': 8, 'reg_alpha': 0.25920439751784163, 'reg_lambda': 0.862979434470345}. Best is trial 2 with value: 0.6142663507804688.
[I 2026-04-12 10:06:31,713] Trial 3 finished with value: 0.6163093811367009 and parameters: {'n_estimators': 980, 'max_depth': 4, 'learning_rate': 0.028761742677073144, 'subsample': 0.9986808754841674, 'colsample_bytree': 0.6453606751597145, 'min_child_weight': 4, 'reg_alpha': 0.9544039231618137, 'reg_lambda': 0.372723050933624}. Best is trial 3 with value: 0.6163093811367009.
[I 2026-04-12 10:06:37,364] Trial 4 finished with value: 0.6051937072735871 and parameters: {'n_estimators': 233, 'max_depth': 4, 'learning_rate': 0.20491094676253166, 'subsample': 0.8002402429081885, 'colsample_bytree': 0.9200970666525492, 'min_child_weight': 10, 'reg_alpha': 0.9177451677125871, 'reg_lambda': 0.3512278400361559}. Best is trial 3 with value: 0.6163093811367009.
[I 2026-04-12 10:06:55,988] Trial 5 finished with value: 0.616341335844524 and parameters: {'n_estimators': 961, 'max_depth': 3, 'learning_rate': 0.029856457870343762, 'subsample': 0.7482353286429988, 'colsample_bytree': 0.670655297849936, 'min_child_weight': 9, 'reg_alpha': 0.6954065016656891, 'reg_lambda': 0.9969868785630646}. Best is trial 5 with value: 0.616341335844524.
[I 2026-04-12 10:07:18,435] Trial 6 finished with value: 0.5925105903838666 and parameters: {'n_estimators': 316, 'max_depth': 8, 'learning_rate': 0.12206414821625142, 'subsample': 0.8578014757904275, 'colsample_bytree': 0.9280734256094234, 'min_child_weight': 1, 'reg_alpha': 0.8131284235535137, 'reg_lambda': 0.4475489820368993}. Best is trial 5 with value: 0.616341335844524.
[I 2026-04-12 10:07:30,262] Trial 7 finished with value: 0.6186594875043193 and parameters: {'n_estimators': 432, 'max_depth': 5, 'learning_rate': 0.0438402741897058, 'subsample': 0.629838124165245, 'colsample_bytree': 0.6024111571591159, 'min_child_weight': 2, 'reg_alpha': 0.5953103221808309, 'reg_lambda': 0.05523305969434933}. Best is trial 7 with value: 0.6186594875043193.
[I 2026-04-12 10:08:05,924] Trial 8 finished with value: 0.5930112141397633 and parameters: {'n_estimators': 960, 'max_depth': 8, 'learning_rate': 0.16657505946364323, 'subsample': 0.8904394483222396, 'colsample_bytree': 0.6448187454096961, 'min_child_weight': 1, 'reg_alpha': 0.2031452764670708, 'reg_lambda': 0.816854925987082}. Best is trial 7 with value: 0.6186594875043193.
[I 2026-04-12 10:08:39,134] Trial 9 finished with value: 0.6098882065769117 and parameters: {'n_estimators': 877, 'max_depth': 8, 'learning_rate': 0.0203457214836192, 'subsample': 0.8556196349741749, 'colsample_bytree': 0.8208066038362445, 'min_child_weight': 5, 'reg_alpha': 0.4331549943839904, 'reg_lambda': 0.1493157874640011}. Best is trial 7 with value: 0.6186594875043193.
[I 2026-04-12 10:08:59,360] Trial 10 finished with value: 0.6132498837477253 and parameters: {'n_estimators': 672, 'max_depth': 6, 'learning_rate': 0.010636929257845165, 'subsample': 0.6005171725226991, 'colsample_bytree': 0.7774045921681836, 'min_child_weight': 2, 'reg_alpha': 0.013335211979789818, 'reg_lambda': 0.07833464146060559}. Best is trial 7 with value: 0.6186594875043193.
[I 2026-04-12 10:09:19,248] Trial 11 finished with value: 0.6111914173468398 and parameters: {'n_estimators': 726, 'max_depth': 6, 'learning_rate': 0.05489674826669926, 'subsample': 0.6350765332080258, 'colsample_bytree': 0.71358120933906, 'min_child_weight': 8, 'reg_alpha': 0.6079669217987365, 'reg_lambda': 0.9747493766083123}. Best is trial 7 with value: 0.6186594875043193.
[I 2026-04-12 10:09:22,920] Trial 12 finished with value: 0.5988170283348226 and parameters: {'n_estimators': 136, 'max_depth': 3, 'learning_rate': 0.03242899058672944, 'subsample': 0.6911068605560653, 'colsample_bytree': 0.6024949016523999, 'min_child_weight': 7, 'reg_alpha': 0.4707557495007526, 'reg_lambda': 0.6381849110951293}. Best is trial 7 with value: 0.6186594875043193.
[I 2026-04-12 10:09:53,200] Trial 13 finished with value: 0.5989917001016516 and parameters: {'n_estimators': 610, 'max_depth': 10, 'learning_rate': 0.0699326611606731, 'subsample': 0.706673250925413, 'colsample_bytree': 0.6908606980802774, 'min_child_weight': 10, 'reg_alpha': 0.7082120851847725, 'reg_lambda': 0.012584923707550502}. Best is trial 7 with value: 0.6186594875043193.
[I 2026-04-12 10:10:09,891] Trial 14 finished with value: 0.6142769988574254 and parameters: {'n_estimators': 791, 'max_depth': 3, 'learning_rate': 0.017033285991584858, 'subsample': 0.6747817601933056, 'colsample_bytree': 0.7858427535709789, 'min_child_weight': 3, 'reg_alpha': 0.6180190234759122, 'reg_lambda': 0.2804049163257775}. Best is trial 7 with value: 0.6186594875043193.
[I 2026-04-12 10:10:24,435] Trial 15 finished with value: 0.6142621111066657 and parameters: {'n_estimators': 552, 'max_depth': 5, 'learning_rate': 0.034151514639118995, 'subsample': 0.7540729393768564, 'colsample_bytree': 0.8370676644127633, 'min_child_weight': 7, 'reg_alpha': 0.3542417444598537, 'reg_lambda': 0.5830544047938113}. Best is trial 7 with value: 0.6186594875043193.
[I 2026-04-12 10:10:47,301] Trial 16 finished with value: 0.6035584608969926 and parameters: {'n_estimators': 820, 'max_depth': 5, 'learning_rate': 0.08492030924155296, 'subsample': 0.7421817829470014, 'colsample_bytree': 0.6590631052043114, 'min_child_weight': 9, 'reg_alpha': 0.7322559853166214, 'reg_lambda': 0.751873323066667}. Best is trial 7 with value: 0.6186594875043193.
[I 2026-04-12 10:10:59,752] Trial 17 finished with value: 0.6108500223284831 and parameters: {'n_estimators': 525, 'max_depth': 3, 'learning_rate': 0.020767536483613493, 'subsample': 0.6421274824798258, 'colsample_bytree': 0.7457724534609725, 'min_child_weight': 6, 'reg_alpha': 0.49460570169006984, 'reg_lambda': 0.5071025168296083}. Best is trial 7 with value: 0.6186594875043193.
[I 2026-04-12 10:11:08,388] Trial 18 finished with value: 0.6124922323867605 and parameters: {'n_estimators': 280, 'max_depth': 5, 'learning_rate': 0.03827439010509889, 'subsample': 0.9332042176323304, 'colsample_bytree': 0.9940397315345803, 'min_child_weight': 3, 'reg_alpha': 0.836773154775283, 'reg_lambda': 0.9923600304063851}. Best is trial 7 with value: 0.6186594875043193.
[I 2026-04-12 10:11:13,187] Trial 19 finished with value: 0.6058614698668293 and parameters: {'n_estimators': 114, 'max_depth': 7, 'learning_rate': 0.10113605688538156, 'subsample': 0.6007248780601079, 'colsample_bytree': 0.6605664547848528, 'min_child_weight': 7, 'reg_alpha': 0.6519868689366045, 'reg_lambda': 0.24568491247419577}. Best is trial 7 with value: 0.6186594875043193.
[I 2026-04-12 10:11:57,539] Trial 20 finished with value: 0.6102752182503053 and parameters: {'n_estimators': 623, 'max_depth': 10, 'learning_rate': 0.011803076119466493, 'subsample': 0.7307953809616166, 'colsample_bytree': 0.7387868657633316, 'min_child_weight': 2, 'reg_alpha': 0.36397707412430935, 'reg_lambda': 0.8797372388815987}. Best is trial 7 with value: 0.6186594875043193.
[I 2026-04-12 10:12:20,289] Trial 21 finished with value: 0.617555621726441 and parameters: {'n_estimators': 985, 'max_depth': 4, 'learning_rate': 0.025945763101693078, 'subsample': 0.9656514044445885, 'colsample_bytree': 0.641835698774671, 'min_child_weight': 4, 'reg_alpha': 0.9997433657596886, 'reg_lambda': 0.43761464382107285}. Best is trial 7 with value: 0.6186594875043193.
[I 2026-04-12 10:12:43,344] Trial 22 finished with value: 0.6128118947114798 and parameters: {'n_estimators': 906, 'max_depth': 5, 'learning_rate': 0.04581758570988295, 'subsample': 0.9297527143471283, 'colsample_bytree': 0.6172227651219686, 'min_child_weight': 3, 'reg_alpha': 0.8774582263735253, 'reg_lambda': 0.43671781022957445}. Best is trial 7 with value: 0.6186594875043193.
[I 2026-04-12 10:13:04,230] Trial 23 finished with value: 0.5932305945590024 and parameters: {'n_estimators': 997, 'max_depth': 3, 'learning_rate': 0.29649143791915494, 'subsample': 0.8343335836298135, 'colsample_bytree': 0.6763104642778232, 'min_child_weight': 4, 'reg_alpha': 0.9800262504426006, 'reg_lambda': 0.2022214003998627}. Best is trial 7 with value: 0.6186594875043193.
[I 2026-04-12 10:13:23,254] Trial 24 finished with value: 0.6170432637827534 and parameters: {'n_estimators': 794, 'max_depth': 4, 'learning_rate': 0.025209288733621767, 'subsample': 0.9538134814766409, 'colsample_bytree': 0.6353326961073384, 'min_child_weight': 2, 'reg_alpha': 0.5431583432065189, 'reg_lambda': 0.5529590330069079}. Best is trial 7 with value: 0.6186594875043193.
[I 2026-04-12 10:13:46,638] Trial 25 finished with value: 0.6150655851694171 and parameters: {'n_estimators': 749, 'max_depth': 6, 'learning_rate': 0.014650883363355106, 'subsample': 0.9522803953137853, 'colsample_bytree': 0.634495395560537, 'min_child_weight': 2, 'reg_alpha': 0.06623190253215233, 'reg_lambda': 0.5317095432100883}. Best is trial 7 with value: 0.6186594875043193.
[I 2026-04-12 10:14:07,115] Trial 26 finished with value: 0.6170079983576607 and parameters: {'n_estimators': 858, 'max_depth': 4, 'learning_rate': 0.023060550437629463, 'subsample': 0.9597417920575708, 'colsample_bytree': 0.7275408163891476, 'min_child_weight': 1, 'reg_alpha': 0.5432581224134371, 'reg_lambda': 0.6924652969416355}. Best is trial 7 with value: 0.6186594875043193.
[I 2026-04-12 10:14:18,480] Trial 27 finished with value: 0.6099333412920928 and parameters: {'n_estimators': 415, 'max_depth': 5, 'learning_rate': 0.04691045130111218, 'subsample': 0.8985994358481404, 'colsample_bytree': 0.6254005330651508, 'min_child_weight': 2, 'reg_alpha': 0.389330922181892, 'reg_lambda': 0.33335098934055973}. Best is trial 7 with value: 0.6186594875043193.
[I 2026-04-12 10:14:43,925] Trial 28 finished with value: 0.6109137641128753 and parameters: {'n_estimators': 691, 'max_depth': 7, 'learning_rate': 0.024002583374493916, 'subsample': 0.8844644569038478, 'colsample_bytree': 0.8521150553176093, 'min_child_weight': 3, 'reg_alpha': 0.2547657300586502, 'reg_lambda': 0.5945492656051756}. Best is trial 7 with value: 0.6186594875043193.
[I 2026-04-12 10:15:06,247] Trial 29 finished with value: 0.615131768083948 and parameters: {'n_estimators': 907, 'max_depth': 4, 'learning_rate': 0.01635659981316404, 'subsample': 0.9681550927949463, 'colsample_bytree': 0.6146213654696575, 'min_child_weight': 4, 'reg_alpha': 0.5125909922179024, 'reg_lambda': 0.1496482290098063}. Best is trial 7 with value: 0.6186594875043193.
[optuna] Best params: {'n_estimators': 432, 'max_depth': 5, 'learning_rate': 0.0438402741897058, 'subsample': 0.629838124165245, 'colsample_bytree': 0.6024111571591159, 'min_child_weight': 2, 'reg_alpha': 0.5953103221808309, 'reg_lambda': 0.05523305969434933}
[wf] assists: auc_raw=0.675 brier_raw=0.235 auc_cal=0.665 brier_cal=0.225 folds=5
[optuna] Optimizing hyperparameters for assists regression...
[I 2026-04-12 10:29:00,190] A new study created in memory with name: no-name-219e4c42-cddc-4952-98c3-8ff70e29cdca
[I 2026-04-12 10:29:05,251] Trial 0 finished with value: 1.964224175853865 and parameters: {'n_estimators': 689, 'max_depth': 4, 'learning_rate': 0.02363224371924855, 'subsample': 0.9210021847642182, 'colsample_bytree': 0.75328283675794, 'min_child_weight': 9, 'reg_alpha': 0.9943988495077435, 'reg_lambda': 0.9010102055564364}. Best is trial 0 with value: 1.964224175853865.
[I 2026-04-12 10:29:09,118] Trial 1 finished with value: 2.072705196468323 and parameters: {'n_estimators': 536, 'max_depth': 4, 'learning_rate': 0.24018210418317862, 'subsample': 0.9501392344244091, 'colsample_bytree': 0.9308532733146376, 'min_child_weight': 3, 'reg_alpha': 0.6406271632739708, 'reg_lambda': 0.021444716587398216}. Best is trial 0 with value: 1.964224175853865.
[I 2026-04-12 10:29:15,711] Trial 2 finished with value: 2.2005376247863495 and parameters: {'n_estimators': 558, 'max_depth': 6, 'learning_rate': 0.23200741989037932, 'subsample': 0.6632919744454854, 'colsample_bytree': 0.9929113694639833, 'min_child_weight': 4, 'reg_alpha': 0.5264852065708278, 'reg_lambda': 0.4797440339503367}. Best is trial 0 with value: 1.964224175853865.
[I 2026-04-12 10:29:21,467] Trial 3 finished with value: 2.1314396835238774 and parameters: {'n_estimators': 786, 'max_depth': 4, 'learning_rate': 0.23206552142814912, 'subsample': 0.6844490939575457, 'colsample_bytree': 0.7935396180498895, 'min_child_weight': 1, 'reg_alpha': 0.18257015289873102, 'reg_lambda': 0.7586558659506295}. Best is trial 0 with value: 1.964224175853865.
[I 2026-04-12 10:29:28,856] Trial 4 finished with value: 2.0282017568249535 and parameters: {'n_estimators': 985, 'max_depth': 4, 'learning_rate': 0.10379733944430865, 'subsample': 0.905630270102973, 'colsample_bytree': 0.8908650902158637, 'min_child_weight': 4, 'reg_alpha': 0.8619693181183878, 'reg_lambda': 0.11101999019470221}. Best is trial 0 with value: 1.964224175853865.
[I 2026-04-12 10:29:32,296] Trial 5 finished with value: 1.962491891688249 and parameters: {'n_estimators': 500, 'max_depth': 3, 'learning_rate': 0.012586458295629696, 'subsample': 0.8476229716748124, 'colsample_bytree': 0.6264743801732315, 'min_child_weight': 6, 'reg_alpha': 0.253305234928355, 'reg_lambda': 0.10813362120800851}. Best is trial 5 with value: 1.962491891688249.
[I 2026-04-12 10:29:36,758] Trial 6 finished with value: 1.9723652077856764 and parameters: {'n_estimators': 572, 'max_depth': 4, 'learning_rate': 0.038147180551357386, 'subsample': 0.6176436854369657, 'colsample_bytree': 0.7733792361223113, 'min_child_weight': 8, 'reg_alpha': 0.6924273033320104, 'reg_lambda': 0.16789834850733532}. Best is trial 5 with value: 1.962491891688249.
[I 2026-04-12 10:29:55,465] Trial 7 finished with value: 2.042971310468831 and parameters: {'n_estimators': 904, 'max_depth': 8, 'learning_rate': 0.04850782692674444, 'subsample': 0.609569822943034, 'colsample_bytree': 0.9930547944406205, 'min_child_weight': 6, 'reg_alpha': 0.815562062593632, 'reg_lambda': 0.9132456475947087}. Best is trial 5 with value: 1.962491891688249.
[I 2026-04-12 10:30:03,275] Trial 8 finished with value: 1.9941297464660557 and parameters: {'n_estimators': 556, 'max_depth': 7, 'learning_rate': 0.043201283523472814, 'subsample': 0.8346222019244975, 'colsample_bytree': 0.8544736278698924, 'min_child_weight': 6, 'reg_alpha': 0.2762977557475689, 'reg_lambda': 0.5416825791848974}. Best is trial 5 with value: 1.962491891688249.
[I 2026-04-12 10:30:08,329] Trial 9 finished with value: 1.96621223473339 and parameters: {'n_estimators': 466, 'max_depth': 6, 'learning_rate': 0.020423115293298884, 'subsample': 0.7251039758910668, 'colsample_bytree': 0.7077249243628755, 'min_child_weight': 10, 'reg_alpha': 0.11672439524542211, 'reg_lambda': 0.23063465679895812}. Best is trial 5 with value: 1.962491891688249.
[I 2026-04-12 10:30:15,144] Trial 10 finished with value: 1.9863134821603758 and parameters: {'n_estimators': 185, 'max_depth': 10, 'learning_rate': 0.010573945967392485, 'subsample': 0.8066356127463434, 'colsample_bytree': 0.6085596913078012, 'min_child_weight': 7, 'reg_alpha': 0.3665503833857937, 'reg_lambda': 0.36281870433733154}. Best is trial 5 with value: 1.962491891688249.
[I 2026-04-12 10:30:17,561] Trial 11 finished with value: 1.9699511536366785 and parameters: {'n_estimators': 326, 'max_depth': 3, 'learning_rate': 0.01015532434168609, 'subsample': 0.8853324390867763, 'colsample_bytree': 0.6061340181592889, 'min_child_weight': 10, 'reg_alpha': 0.9968211515871209, 'reg_lambda': 0.9837039497122162}. Best is trial 5 with value: 1.962491891688249.
[I 2026-04-12 10:30:22,719] Trial 12 finished with value: 1.9642640869718904 and parameters: {'n_estimators': 799, 'max_depth': 3, 'learning_rate': 0.02160753289676769, 'subsample': 0.9873485734309468, 'colsample_bytree': 0.6963147248732482, 'min_child_weight': 8, 'reg_alpha': 0.018338399647847226, 'reg_lambda': 0.7235489838159664}. Best is trial 5 with value: 1.962491891688249.
[I 2026-04-12 10:30:29,236] Trial 13 finished with value: 1.962798683890451 and parameters: {'n_estimators': 725, 'max_depth': 5, 'learning_rate': 0.019988241761791488, 'subsample': 0.8556084328304975, 'colsample_bytree': 0.7060018820701687, 'min_child_weight': 9, 'reg_alpha': 0.40999571355237496, 'reg_lambda': 0.6717754314796346}. Best is trial 5 with value: 1.962491891688249.
[I 2026-04-12 10:30:33,051] Trial 14 finished with value: 1.960340381672313 and parameters: {'n_estimators': 370, 'max_depth': 5, 'learning_rate': 0.014866713650486845, 'subsample': 0.7644809679201003, 'colsample_bytree': 0.6615809544244615, 'min_child_weight': 8, 'reg_alpha': 0.4093788437619409, 'reg_lambda': 0.6385623235963878}. Best is trial 14 with value: 1.960340381672313.
[I 2026-04-12 10:30:39,453] Trial 15 finished with value: 2.0432797129961293 and parameters: {'n_estimators': 345, 'max_depth': 8, 'learning_rate': 0.09412121703045617, 'subsample': 0.7629005809203346, 'colsample_bytree': 0.6530886255781045, 'min_child_weight': 5, 'reg_alpha': 0.514805874422626, 'reg_lambda': 0.35723236139268155}. Best is trial 14 with value: 1.960340381672313.
[I 2026-04-12 10:30:40,764] Trial 16 finished with value: 2.0015320853087317 and parameters: {'n_estimators': 102, 'max_depth': 5, 'learning_rate': 0.015424525980515715, 'subsample': 0.7612577002718083, 'colsample_bytree': 0.666017017064992, 'min_child_weight': 7, 'reg_alpha': 0.28146607135232143, 'reg_lambda': 0.549422106955333}. Best is trial 14 with value: 1.960340381672313.
[I 2026-04-12 10:30:43,318] Trial 17 finished with value: 1.9657273140928881 and parameters: {'n_estimators': 357, 'max_depth': 3, 'learning_rate': 0.03324567925181379, 'subsample': 0.7770959610932853, 'colsample_bytree': 0.6472164307896199, 'min_child_weight': 2, 'reg_alpha': 0.4068064695930048, 'reg_lambda': 0.33776860120960533}. Best is trial 14 with value: 1.960340381672313.
[I 2026-04-12 10:30:45,664] Trial 18 finished with value: 1.973429995627226 and parameters: {'n_estimators': 239, 'max_depth': 5, 'learning_rate': 0.06937387263485696, 'subsample': 0.8202493087618137, 'colsample_bytree': 0.7398457187056411, 'min_child_weight': 5, 'reg_alpha': 0.21565549048299054, 'reg_lambda': 0.6534168086557508}. Best is trial 14 with value: 1.960340381672313.
[I 2026-04-12 10:31:00,663] Trial 19 finished with value: 1.9798111237126776 and parameters: {'n_estimators': 446, 'max_depth': 10, 'learning_rate': 0.01406231929262587, 'subsample': 0.7205172344034262, 'colsample_bytree': 0.8308643517684572, 'min_child_weight': 7, 'reg_alpha': 0.04137829265849147, 'reg_lambda': 0.46513767276836004}. Best is trial 14 with value: 1.960340381672313.
[I 2026-04-12 10:31:05,738] Trial 20 finished with value: 1.9703458163143543 and parameters: {'n_estimators': 436, 'max_depth': 6, 'learning_rate': 0.03000251828407093, 'subsample': 0.8586173214281596, 'colsample_bytree': 0.6357466925779608, 'min_child_weight': 8, 'reg_alpha': 0.5956080228206048, 'reg_lambda': 0.0001347812925158176}. Best is trial 14 with value: 1.960340381672313.
[I 2026-04-12 10:31:12,334] Trial 21 finished with value: 1.9612673729388064 and parameters: {'n_estimators': 673, 'max_depth': 5, 'learning_rate': 0.014407872069602175, 'subsample': 0.8681717847729882, 'colsample_bytree': 0.7005317864719165, 'min_child_weight': 9, 'reg_alpha': 0.39998790296364817, 'reg_lambda': 0.6653357374898888}. Best is trial 14 with value: 1.960340381672313.
[I 2026-04-12 10:31:21,981] Trial 22 finished with value: 1.9625890061158044 and parameters: {'n_estimators': 648, 'max_depth': 7, 'learning_rate': 0.012999837475073574, 'subsample': 0.8844382230351695, 'colsample_bytree': 0.6755983300118388, 'min_child_weight': 9, 'reg_alpha': 0.342837012758562, 'reg_lambda': 0.824720860625467}. Best is trial 14 with value: 1.960340381672313.
[I 2026-04-12 10:31:28,170] Trial 23 finished with value: 1.9616741179512447 and parameters: {'n_estimators': 614, 'max_depth': 5, 'learning_rate': 0.016656512033362054, 'subsample': 0.9518692691532064, 'colsample_bytree': 0.7364321810932454, 'min_child_weight': 7, 'reg_alpha': 0.46627043840274396, 'reg_lambda': 0.6150877503380875}. Best is trial 14 with value: 1.960340381672313.
[I 2026-04-12 10:31:34,491] Trial 24 finished with value: 1.9679688715829962 and parameters: {'n_estimators': 620, 'max_depth': 5, 'learning_rate': 0.02436336162008056, 'subsample': 0.9951733235917007, 'colsample_bytree': 0.7305453802050956, 'min_child_weight': 8, 'reg_alpha': 0.45834387339239124, 'reg_lambda': 0.611385238217387}. Best is trial 14 with value: 1.960340381672313.
[I 2026-04-12 10:31:43,733] Trial 25 finished with value: 1.9677794207679182 and parameters: {'n_estimators': 782, 'max_depth': 6, 'learning_rate': 0.017746392468408773, 'subsample': 0.9678398584758422, 'colsample_bytree': 0.8164653640217207, 'min_child_weight': 10, 'reg_alpha': 0.48858073047875306, 'reg_lambda': 0.7738232222616095}. Best is trial 14 with value: 1.960340381672313.
[I 2026-04-12 10:31:52,219] Trial 26 finished with value: 1.975337681141708 and parameters: {'n_estimators': 876, 'max_depth': 5, 'learning_rate': 0.027804398650406965, 'subsample': 0.943606383379292, 'colsample_bytree': 0.7770386521721406, 'min_child_weight': 9, 'reg_alpha': 0.5924660529849598, 'reg_lambda': 0.6004970278040991}. Best is trial 14 with value: 1.960340381672313.
[I 2026-04-12 10:31:58,696] Trial 27 finished with value: 1.9658493866275804 and parameters: {'n_estimators': 400, 'max_depth': 7, 'learning_rate': 0.016168065633512817, 'subsample': 0.7919309520138632, 'colsample_bytree': 0.6827636338050745, 'min_child_weight': 7, 'reg_alpha': 0.6956027738766453, 'reg_lambda': 0.4312471496665997}. Best is trial 14 with value: 1.960340381672313.
[I 2026-04-12 10:32:05,405] Trial 28 finished with value: 1.9690783094275108 and parameters: {'n_estimators': 278, 'max_depth': 8, 'learning_rate': 0.011963790987399574, 'subsample': 0.9246986053105206, 'colsample_bytree': 0.7283629567307272, 'min_child_weight': 8, 'reg_alpha': 0.355749930836795, 'reg_lambda': 0.8298873533379608}. Best is trial 14 with value: 1.960340381672313.
[I 2026-04-12 10:32:12,186] Trial 29 finished with value: 2.000710707818605 and parameters: {'n_estimators': 718, 'max_depth': 5, 'learning_rate': 0.06041482107509993, 'subsample': 0.8788384030400395, 'colsample_bytree': 0.7580183978948187, 'min_child_weight': 9, 'reg_alpha': 0.13666292385109935, 'reg_lambda': 0.6919145193978571}. Best is trial 14 with value: 1.960340381672313.
[optuna] Best params: {'n_estimators': 370, 'max_depth': 5, 'learning_rate': 0.014866713650486845, 'subsample': 0.7644809679201003, 'colsample_bytree': 0.6615809544244615, 'min_child_weight': 8, 'reg_alpha': 0.4093788437619409, 'reg_lambda': 0.6385623235963878}
[optuna] Optimizing hyperparameters for assists classification...
[I 2026-04-12 10:45:54,044] A new study created in memory with name: no-name-e407b576-6541-43d3-b7b8-71948e1bec5c
[I 2026-04-12 10:46:13,342] Trial 0 finished with value: 0.6944731552085551 and parameters: {'n_estimators': 611, 'max_depth': 7, 'learning_rate': 0.03351768967399445, 'subsample': 0.950545657190505, 'colsample_bytree': 0.9537998282927559, 'min_child_weight': 6, 'reg_alpha': 0.559902626267273, 'reg_lambda': 0.5729021340044872}. Best is trial 0 with value: 0.6944731552085551.
[I 2026-04-12 10:46:49,899] Trial 1 finished with value: 0.6932150026938178 and parameters: {'n_estimators': 682, 'max_depth': 10, 'learning_rate': 0.02632502443099308, 'subsample': 0.8150502850565404, 'colsample_bytree': 0.7374984791409852, 'min_child_weight': 4, 'reg_alpha': 0.04236987622053279, 'reg_lambda': 0.6886284350386155}. Best is trial 0 with value: 0.6944731552085551.
[I 2026-04-12 10:47:02,812] Trial 2 finished with value: 0.6820932370665065 and parameters: {'n_estimators': 355, 'max_depth': 8, 'learning_rate': 0.10739186783935332, 'subsample': 0.8496520074005516, 'colsample_bytree': 0.6939715853338542, 'min_child_weight': 10, 'reg_alpha': 0.9164418531340764, 'reg_lambda': 0.8803008191982957}. Best is trial 0 with value: 0.6944731552085551.
[I 2026-04-12 10:47:28,554] Trial 3 finished with value: 0.7016958579338886 and parameters: {'n_estimators': 705, 'max_depth': 7, 'learning_rate': 0.011058290334380397, 'subsample': 0.702597267224336, 'colsample_bytree': 0.7830438657079722, 'min_child_weight': 4, 'reg_alpha': 0.8636584948239759, 'reg_lambda': 0.5502255096170124}. Best is trial 3 with value: 0.7016958579338886.
[I 2026-04-12 10:47:40,034] Trial 4 finished with value: 0.6817865110612339 and parameters: {'n_estimators': 488, 'max_depth': 4, 'learning_rate': 0.18606268168971135, 'subsample': 0.6231220701634336, 'colsample_bytree': 0.9267951718392298, 'min_child_weight': 3, 'reg_alpha': 0.4167774922595887, 'reg_lambda': 0.5423966055059463}. Best is trial 3 with value: 0.7016958579338886.
[I 2026-04-12 10:48:16,094] Trial 5 finished with value: 0.7011849600522632 and parameters: {'n_estimators': 666, 'max_depth': 9, 'learning_rate': 0.011232779939626259, 'subsample': 0.8001566112660161, 'colsample_bytree': 0.7600983288332818, 'min_child_weight': 7, 'reg_alpha': 0.689816791057692, 'reg_lambda': 0.10519521498786844}. Best is trial 3 with value: 0.7016958579338886.
[I 2026-04-12 10:48:53,073] Trial 6 finished with value: 0.6819363320991159 and parameters: {'n_estimators': 691, 'max_depth': 9, 'learning_rate': 0.08750025042784743, 'subsample': 0.7227106042628938, 'colsample_bytree': 0.8716601184831715, 'min_child_weight': 4, 'reg_alpha': 0.263735918805203, 'reg_lambda': 0.7014452915711128}. Best is trial 3 with value: 0.7016958579338886.
[I 2026-04-12 10:49:18,584] Trial 7 finished with value: 0.7014604634716768 and parameters: {'n_estimators': 428, 'max_depth': 9, 'learning_rate': 0.01448215569450966, 'subsample': 0.8586280947968945, 'colsample_bytree': 0.7333122162988368, 'min_child_weight': 10, 'reg_alpha': 0.6753399197002153, 'reg_lambda': 0.03780768532770107}. Best is trial 3 with value: 0.7016958579338886.
[I 2026-04-12 10:49:23,635] Trial 8 finished with value: 0.701118488070041 and parameters: {'n_estimators': 157, 'max_depth': 4, 'learning_rate': 0.05305704309512258, 'subsample': 0.9404948859407002, 'colsample_bytree': 0.6652758171503615, 'min_child_weight': 9, 'reg_alpha': 0.012394719622992323, 'reg_lambda': 0.327419238164798}. Best is trial 3 with value: 0.7016958579338886.
[I 2026-04-12 10:49:49,146] Trial 9 finished with value: 0.6712071397837389 and parameters: {'n_estimators': 588, 'max_depth': 8, 'learning_rate': 0.15091552173311865, 'subsample': 0.8878047002078695, 'colsample_bytree': 0.8474184464901967, 'min_child_weight': 4, 'reg_alpha': 0.3071779480341824, 'reg_lambda': 0.7562595180596924}. Best is trial 3 with value: 0.7016958579338886.
[I 2026-04-12 10:50:21,121] Trial 10 finished with value: 0.6977534513023003 and parameters: {'n_estimators': 982, 'max_depth': 6, 'learning_rate': 0.02065189917884905, 'subsample': 0.7079552237179131, 'colsample_bytree': 0.630481186755255, 'min_child_weight': 1, 'reg_alpha': 0.9881009956609766, 'reg_lambda': 0.32428915539160486}. Best is trial 3 with value: 0.7016958579338886.
[I 2026-04-12 10:50:52,994] Trial 11 finished with value: 0.7027358076544219 and parameters: {'n_estimators': 914, 'max_depth': 6, 'learning_rate': 0.010005085840515042, 'subsample': 0.7352904862353256, 'colsample_bytree': 0.8021802767170283, 'min_child_weight': 8, 'reg_alpha': 0.7749030231205217, 'reg_lambda': 0.034419057801234255}. Best is trial 11 with value: 0.7027358076544219.
[I 2026-04-12 10:51:24,137] Trial 12 finished with value: 0.7019269517032638 and parameters: {'n_estimators': 910, 'max_depth': 6, 'learning_rate': 0.012218303845597113, 'subsample': 0.7115550992863846, 'colsample_bytree': 0.8010911789609153, 'min_child_weight': 8, 'reg_alpha': 0.8184315899078923, 'reg_lambda': 0.2786767873749681}. Best is trial 11 with value: 0.7027358076544219.
[I 2026-04-12 10:51:52,341] Trial 13 finished with value: 0.7022524349471724 and parameters: {'n_estimators': 952, 'max_depth': 5, 'learning_rate': 0.01810406872318601, 'subsample': 0.636601878836325, 'colsample_bytree': 0.8433087744874517, 'min_child_weight': 8, 'reg_alpha': 0.7990740891765247, 'reg_lambda': 0.22287325454255086}. Best is trial 11 with value: 0.7027358076544219.
[I 2026-04-12 10:52:16,261] Trial 14 finished with value: 0.6959946344822654 and parameters: {'n_estimators': 840, 'max_depth': 5, 'learning_rate': 0.0393597998683334, 'subsample': 0.6044366452271897, 'colsample_bytree': 0.8631614854298862, 'min_child_weight': 8, 'reg_alpha': 0.7239094011543873, 'reg_lambda': 0.15274788368000775}. Best is trial 11 with value: 0.7027358076544219.
[I 2026-04-12 10:52:36,234] Trial 15 finished with value: 0.7034156650271626 and parameters: {'n_estimators': 832, 'max_depth': 3, 'learning_rate': 0.01908704189576373, 'subsample': 0.6572010863405863, 'colsample_bytree': 0.9891165384616187, 'min_child_weight': 6, 'reg_alpha': 0.5747917521919557, 'reg_lambda': 0.26075009222284834}. Best is trial 15 with value: 0.7034156650271626.
[I 2026-04-12 10:52:55,706] Trial 16 finished with value: 0.7029962364422324 and parameters: {'n_estimators': 814, 'max_depth': 3, 'learning_rate': 0.02044643104613185, 'subsample': 0.7524810472643293, 'colsample_bytree': 0.9997378322088605, 'min_child_weight': 6, 'reg_alpha': 0.5186411764234818, 'reg_lambda': 0.39741912474430213}. Best is trial 15 with value: 0.7034156650271626.
[I 2026-04-12 10:53:14,454] Trial 17 finished with value: 0.6787259056089563 and parameters: {'n_estimators': 784, 'max_depth': 3, 'learning_rate': 0.28004404112630965, 'subsample': 0.653160749492011, 'colsample_bytree': 0.9958802057438768, 'min_child_weight': 6, 'reg_alpha': 0.5051761996224712, 'reg_lambda': 0.41745752043520046}. Best is trial 15 with value: 0.7034156650271626.
[I 2026-04-12 10:53:33,715] Trial 18 finished with value: 0.6990648924361932 and parameters: {'n_estimators': 809, 'max_depth': 3, 'learning_rate': 0.060675180578090286, 'subsample': 0.7628348272112009, 'colsample_bytree': 0.9992639399016547, 'min_child_weight': 5, 'reg_alpha': 0.5687667260702621, 'reg_lambda': 0.4175185617305719}. Best is trial 15 with value: 0.7034156650271626.
[I 2026-04-12 10:53:42,049] Trial 19 finished with value: 0.7019545990143552 and parameters: {'n_estimators': 267, 'max_depth': 4, 'learning_rate': 0.023472416161641262, 'subsample': 0.6715028269876704, 'colsample_bytree': 0.9280940267620398, 'min_child_weight': 2, 'reg_alpha': 0.358730860075974, 'reg_lambda': 0.9839563984856433}. Best is trial 15 with value: 0.7034156650271626.
[I 2026-04-12 10:54:00,304] Trial 20 finished with value: 0.7027880007442493 and parameters: {'n_estimators': 774, 'max_depth': 3, 'learning_rate': 0.03543420486100873, 'subsample': 0.7776048278183987, 'colsample_bytree': 0.9535577641189248, 'min_child_weight': 6, 'reg_alpha': 0.18216237581075906, 'reg_lambda': 0.43129199328853707}. Best is trial 15 with value: 0.7034156650271626.
[I 2026-04-12 10:54:18,646] Trial 21 finished with value: 0.7033854639483801 and parameters: {'n_estimators': 775, 'max_depth': 3, 'learning_rate': 0.03339351014737501, 'subsample': 0.7675546770726769, 'colsample_bytree': 0.9584066905460766, 'min_child_weight': 6, 'reg_alpha': 0.15199909433082864, 'reg_lambda': 0.4305712313041266}. Best is trial 15 with value: 0.7034156650271626.
[I 2026-04-12 10:54:39,976] Trial 22 finished with value: 0.7029850923922061 and parameters: {'n_estimators': 860, 'max_depth': 3, 'learning_rate': 0.01890176317814776, 'subsample': 0.7574528941938581, 'colsample_bytree': 0.966037925859917, 'min_child_weight': 5, 'reg_alpha': 0.15640019961077745, 'reg_lambda': 0.20193711224029426}. Best is trial 15 with value: 0.7034156650271626.
[I 2026-04-12 10:54:59,727] Trial 23 finished with value: 0.7037920903848411 and parameters: {'n_estimators': 742, 'max_depth': 4, 'learning_rate': 0.028336606041970195, 'subsample': 0.6770759760338787, 'colsample_bytree': 0.901913127798563, 'min_child_weight': 7, 'reg_alpha': 0.4562307800677479, 'reg_lambda': 0.45395690381272613}. Best is trial 23 with value: 0.7037920903848411.
[I 2026-04-12 10:55:18,859] Trial 24 finished with value: 0.6996475993044039 and parameters: {'n_estimators': 748, 'max_depth': 4, 'learning_rate': 0.049868639421155145, 'subsample': 0.6796338358995861, 'colsample_bytree': 0.903701481205107, 'min_child_weight': 7, 'reg_alpha': 0.44257025380620374, 'reg_lambda': 0.6245492791171663}. Best is trial 23 with value: 0.7037920903848411.
[I 2026-04-12 10:55:36,044] Trial 25 finished with value: 0.7035686468152015 and parameters: {'n_estimators': 549, 'max_depth': 5, 'learning_rate': 0.027823894220518734, 'subsample': 0.6712100718452259, 'colsample_bytree': 0.895744925223054, 'min_child_weight': 7, 'reg_alpha': 0.6334880910282894, 'reg_lambda': 0.4927608056691294}. Best is trial 23 with value: 0.7037920903848411.
[I 2026-04-12 10:55:52,296] Trial 26 finished with value: 0.7038867944539449 and parameters: {'n_estimators': 530, 'max_depth': 5, 'learning_rate': 0.026506607571515906, 'subsample': 0.6719991109832519, 'colsample_bytree': 0.8970881569321312, 'min_child_weight': 9, 'reg_alpha': 0.6126952524112463, 'reg_lambda': 0.4964110230106538}. Best is trial 26 with value: 0.7038867944539449.
[I 2026-04-12 10:56:07,781] Trial 27 finished with value: 0.702332001465759 and parameters: {'n_estimators': 512, 'max_depth': 5, 'learning_rate': 0.027533019099127264, 'subsample': 0.9999419728074387, 'colsample_bytree': 0.8937874082374954, 'min_child_weight': 7, 'reg_alpha': 0.6196393885802113, 'reg_lambda': 0.5218568831024991}. Best is trial 26 with value: 0.7038867944539449.
[I 2026-04-12 10:56:21,151] Trial 28 finished with value: 0.6981343735117826 and parameters: {'n_estimators': 448, 'max_depth': 5, 'learning_rate': 0.06419422470747391, 'subsample': 0.6064043928933726, 'colsample_bytree': 0.9038616730896273, 'min_child_weight': 9, 'reg_alpha': 0.4243836497296629, 'reg_lambda': 0.6266798767140965}. Best is trial 26 with value: 0.7038867944539449.
[I 2026-04-12 10:56:38,826] Trial 29 finished with value: 0.7003187738669946 and parameters: {'n_estimators': 589, 'max_depth': 5, 'learning_rate': 0.03972042737081456, 'subsample': 0.6737497509839525, 'colsample_bytree': 0.8232143971954508, 'min_child_weight': 9, 'reg_alpha': 0.6336262638690839, 'reg_lambda': 0.8083814600648631}. Best is trial 26 with value: 0.7038867944539449.
[optuna] Best params: {'n_estimators': 530, 'max_depth': 5, 'learning_rate': 0.026506607571515906, 'subsample': 0.6719991109832519, 'colsample_bytree': 0.8970881569321312, 'min_child_weight': 9, 'reg_alpha': 0.6126952524112463, 'reg_lambda': 0.4964110230106538}
[wf] rebounds: auc_raw=0.642 brier_raw=0.250 auc_cal=0.629 brier_cal=0.233 folds=5
[optuna] Optimizing hyperparameters for rebounds regression...
[I 2026-04-12 11:11:54,552] A new study created in memory with name: no-name-29c0154c-3de5-4e57-861b-b9f17f574df8
[I 2026-04-12 11:11:56,790] Trial 0 finished with value: 2.6317917401682185 and parameters: {'n_estimators': 249, 'max_depth': 4, 'learning_rate': 0.08542918904079232, 'subsample': 0.9707923893533342, 'colsample_bytree': 0.9185786576288125, 'min_child_weight': 2, 'reg_alpha': 0.08623456008906805, 'reg_lambda': 0.001742045694132055}. Best is trial 0 with value: 2.6317917401682185.
[I 2026-04-12 11:12:15,613] Trial 1 finished with value: 2.743781767982552 and parameters: {'n_estimators': 947, 'max_depth': 8, 'learning_rate': 0.05847436834526102, 'subsample': 0.7024680019334753, 'colsample_bytree': 0.9421887753310595, 'min_child_weight': 9, 'reg_alpha': 0.7900252546573638, 'reg_lambda': 0.9853577232760776}. Best is trial 0 with value: 2.6317917401682185.
[I 2026-04-12 11:12:23,345] Trial 2 finished with value: 2.93636331058364 and parameters: {'n_estimators': 670, 'max_depth': 6, 'learning_rate': 0.24888273284533355, 'subsample': 0.8600182539254377, 'colsample_bytree': 0.6734308773543228, 'min_child_weight': 6, 'reg_alpha': 0.9983838479537678, 'reg_lambda': 0.7034598859033003}. Best is trial 0 with value: 2.6317917401682185.
[I 2026-04-12 11:12:27,971] Trial 3 finished with value: 2.8059805263236863 and parameters: {'n_estimators': 167, 'max_depth': 9, 'learning_rate': 0.18220324798369775, 'subsample': 0.9786082955743366, 'colsample_bytree': 0.9299579239268814, 'min_child_weight': 6, 'reg_alpha': 0.5323987546854217, 'reg_lambda': 0.9663978413867979}. Best is trial 0 with value: 2.6317917401682185.
[I 2026-04-12 11:12:31,469] Trial 4 finished with value: 2.7232567124209726 and parameters: {'n_estimators': 118, 'max_depth': 9, 'learning_rate': 0.09713101084522402, 'subsample': 0.8019634822465811, 'colsample_bytree': 0.7909212359624794, 'min_child_weight': 3, 'reg_alpha': 0.22671727697759703, 'reg_lambda': 0.4817625590077296}. Best is trial 0 with value: 2.6317917401682185.
[I 2026-04-12 11:12:35,521] Trial 5 finished with value: 2.630296776580795 and parameters: {'n_estimators': 546, 'max_depth': 3, 'learning_rate': 0.011434617293468776, 'subsample': 0.8336654008440545, 'colsample_bytree': 0.6737638692693435, 'min_child_weight': 7, 'reg_alpha': 0.9088509288200113, 'reg_lambda': 0.883231157926259}. Best is trial 5 with value: 2.630296776580795.
[I 2026-04-12 11:12:38,976] Trial 6 finished with value: 2.6794021630158493 and parameters: {'n_estimators': 516, 'max_depth': 3, 'learning_rate': 0.17878599095747885, 'subsample': 0.6767450622495805, 'colsample_bytree': 0.9039031582997535, 'min_child_weight': 6, 'reg_alpha': 0.6798359087804051, 'reg_lambda': 0.28524376284792696}. Best is trial 5 with value: 2.630296776580795.
[I 2026-04-12 11:12:50,285] Trial 7 finished with value: 2.7058320654356223 and parameters: {'n_estimators': 947, 'max_depth': 6, 'learning_rate': 0.07206016413003825, 'subsample': 0.9355165359039006, 'colsample_bytree': 0.9188296582444532, 'min_child_weight': 2, 'reg_alpha': 0.2105373902111023, 'reg_lambda': 0.0629346091430989}. Best is trial 5 with value: 2.630296776580795.
[I 2026-04-12 11:13:05,579] Trial 8 finished with value: 2.89381896410956 and parameters: {'n_estimators': 483, 'max_depth': 9, 'learning_rate': 0.2182648274070683, 'subsample': 0.8896654786789686, 'colsample_bytree': 0.9174703025257714, 'min_child_weight': 10, 'reg_alpha': 0.8113771160582195, 'reg_lambda': 0.5690592061787252}. Best is trial 5 with value: 2.630296776580795.
[I 2026-04-12 11:13:21,977] Trial 9 finished with value: 2.9364410747057996 and parameters: {'n_estimators': 698, 'max_depth': 8, 'learning_rate': 0.25136640229485546, 'subsample': 0.9018233182711073, 'colsample_bytree': 0.7637286464214531, 'min_child_weight': 8, 'reg_alpha': 0.34096204819291265, 'reg_lambda': 0.8300278557430765}. Best is trial 5 with value: 2.630296776580795.
[I 2026-04-12 11:13:25,920] Trial 10 finished with value: 2.62767150476996 and parameters: {'n_estimators': 359, 'max_depth': 4, 'learning_rate': 0.011729122227588398, 'subsample': 0.6094099098955015, 'colsample_bytree': 0.6095836692137679, 'min_child_weight': 4, 'reg_alpha': 0.9535542019982941, 'reg_lambda': 0.3847031469018635}. Best is trial 10 with value: 2.62767150476996.
[I 2026-04-12 11:13:30,096] Trial 11 finished with value: 2.629217025012467 and parameters: {'n_estimators': 355, 'max_depth': 4, 'learning_rate': 0.010010871620383765, 'subsample': 0.7517190110366337, 'colsample_bytree': 0.604713471551782, 'min_child_weight': 4, 'reg_alpha': 0.9724942711428055, 'reg_lambda': 0.3507811928692411}. Best is trial 10 with value: 2.62767150476996.
[I 2026-04-12 11:13:34,969] Trial 12 finished with value: 2.624884770047881 and parameters: {'n_estimators': 382, 'max_depth': 5, 'learning_rate': 0.011770353156885476, 'subsample': 0.6131015227845676, 'colsample_bytree': 0.6304787782474103, 'min_child_weight': 4, 'reg_alpha': 0.6227352469689171, 'reg_lambda': 0.3126143510543366}. Best is trial 12 with value: 2.624884770047881.
[I 2026-04-12 11:13:39,232] Trial 13 finished with value: 2.6249315174759817 and parameters: {'n_estimators': 352, 'max_depth': 5, 'learning_rate': 0.022658708279702525, 'subsample': 0.6071643707133214, 'colsample_bytree': 0.6366464435759501, 'min_child_weight': 4, 'reg_alpha': 0.6157979213975421, 'reg_lambda': 0.22005367037201606}. Best is trial 12 with value: 2.624884770047881.
[I 2026-04-12 11:13:44,063] Trial 14 finished with value: 2.6223817489646506 and parameters: {'n_estimators': 395, 'max_depth': 5, 'learning_rate': 0.023760706545111494, 'subsample': 0.609945078698398, 'colsample_bytree': 0.7014352578488943, 'min_child_weight': 1, 'reg_alpha': 0.555883800461112, 'reg_lambda': 0.2025844894230101}. Best is trial 14 with value: 2.6223817489646506.
[I 2026-04-12 11:13:57,290] Trial 15 finished with value: 2.670524641936166 and parameters: {'n_estimators': 701, 'max_depth': 7, 'learning_rate': 0.025962125353934003, 'subsample': 0.6618695539798393, 'colsample_bytree': 0.7257326606328223, 'min_child_weight': 1, 'reg_alpha': 0.4376007528124912, 'reg_lambda': 0.17476117998149987}. Best is trial 14 with value: 2.6223817489646506.
[I 2026-04-12 11:14:02,613] Trial 16 finished with value: 2.6295678030335203 and parameters: {'n_estimators': 432, 'max_depth': 5, 'learning_rate': 0.02477348462682488, 'subsample': 0.7386328186263266, 'colsample_bytree': 0.7255347131929772, 'min_child_weight': 1, 'reg_alpha': 0.4721631348986825, 'reg_lambda': 0.12551536560613116}. Best is trial 14 with value: 2.6223817489646506.
[I 2026-04-12 11:14:05,829] Trial 17 finished with value: 2.6292296256572136 and parameters: {'n_estimators': 247, 'max_depth': 5, 'learning_rate': 0.036115577105506703, 'subsample': 0.6489622679194867, 'colsample_bytree': 0.8428241105786026, 'min_child_weight': 3, 'reg_alpha': 0.6693617469620959, 'reg_lambda': 0.5168382512534531}. Best is trial 14 with value: 2.6223817489646506.
[I 2026-04-12 11:14:16,687] Trial 18 finished with value: 2.640253221024549 and parameters: {'n_estimators': 601, 'max_depth': 7, 'learning_rate': 0.016985625834138228, 'subsample': 0.7313325405117425, 'colsample_bytree': 0.6818862231782153, 'min_child_weight': 5, 'reg_alpha': 0.3681277080235656, 'reg_lambda': 0.4045748363901287}. Best is trial 14 with value: 2.6223817489646506.
[I 2026-04-12 11:14:29,307] Trial 19 finished with value: 2.683207317449229 and parameters: {'n_estimators': 820, 'max_depth': 6, 'learning_rate': 0.03922702811372898, 'subsample': 0.6006544447144053, 'colsample_bytree': 0.8386285209133043, 'min_child_weight': 2, 'reg_alpha': 0.564237382683192, 'reg_lambda': 0.25268292757289357}. Best is trial 14 with value: 2.6223817489646506.
[I 2026-04-12 11:14:47,188] Trial 20 finished with value: 2.6618074647933 and parameters: {'n_estimators': 262, 'max_depth': 10, 'learning_rate': 0.015848065718534806, 'subsample': 0.7754825809025664, 'colsample_bytree': 0.991462593195444, 'min_child_weight': 1, 'reg_alpha': 0.7384775762257665, 'reg_lambda': 0.6459146893502934}. Best is trial 14 with value: 2.6223817489646506.
[I 2026-04-12 11:14:51,960] Trial 21 finished with value: 2.621552298025912 and parameters: {'n_estimators': 396, 'max_depth': 5, 'learning_rate': 0.018744298252845015, 'subsample': 0.6279925435967445, 'colsample_bytree': 0.6387755937560894, 'min_child_weight': 4, 'reg_alpha': 0.5971972929238814, 'reg_lambda': 0.25922176566575206}. Best is trial 21 with value: 2.621552298025912.
[I 2026-04-12 11:14:56,731] Trial 22 finished with value: 2.626229733135199 and parameters: {'n_estimators': 412, 'max_depth': 5, 'learning_rate': 0.015351379298338175, 'subsample': 0.6378280782792451, 'colsample_bytree': 0.64685797809769, 'min_child_weight': 5, 'reg_alpha': 0.5821766793743062, 'reg_lambda': 0.3087876212800744}. Best is trial 21 with value: 2.621552298025912.
[I 2026-04-12 11:15:01,117] Trial 23 finished with value: 2.6223443128456685 and parameters: {'n_estimators': 447, 'max_depth': 4, 'learning_rate': 0.03363984204086944, 'subsample': 0.7052068050595031, 'colsample_bytree': 0.7195202526948326, 'min_child_weight': 3, 'reg_alpha': 0.4120931905201626, 'reg_lambda': 0.127144844162993}. Best is trial 21 with value: 2.621552298025912.
[I 2026-04-12 11:15:06,743] Trial 24 finished with value: 2.6303553246711946 and parameters: {'n_estimators': 596, 'max_depth': 4, 'learning_rate': 0.03696817635586251, 'subsample': 0.6936175808907868, 'colsample_bytree': 0.7163059187924302, 'min_child_weight': 3, 'reg_alpha': 0.38354231779853726, 'reg_lambda': 0.1242151875705706}. Best is trial 21 with value: 2.621552298025912.
[I 2026-04-12 11:15:09,233] Trial 25 finished with value: 2.627753167739079 and parameters: {'n_estimators': 282, 'max_depth': 3, 'learning_rate': 0.03113408053984629, 'subsample': 0.7164879532745952, 'colsample_bytree': 0.753834345947211, 'min_child_weight': 2, 'reg_alpha': 0.513389575154491, 'reg_lambda': 0.17785134336283268}. Best is trial 21 with value: 2.621552298025912.
[I 2026-04-12 11:15:13,596] Trial 26 finished with value: 2.6429570595516094 and parameters: {'n_estimators': 469, 'max_depth': 4, 'learning_rate': 0.048029950494012076, 'subsample': 0.6412128321933421, 'colsample_bytree': 0.6956697034148618, 'min_child_weight': 3, 'reg_alpha': 0.26468359452514967, 'reg_lambda': 0.010096267232664338}. Best is trial 21 with value: 2.621552298025912.
[I 2026-04-12 11:15:18,282] Trial 27 finished with value: 2.6305852802961107 and parameters: {'n_estimators': 310, 'max_depth': 6, 'learning_rate': 0.019828758537819013, 'subsample': 0.6833122780949206, 'colsample_bytree': 0.7659245369976622, 'min_child_weight': 1, 'reg_alpha': 0.437167775875814, 'reg_lambda': 0.09009520674779255}. Best is trial 21 with value: 2.621552298025912.
[I 2026-04-12 11:15:23,452] Trial 28 finished with value: 2.632573769540485 and parameters: {'n_estimators': 444, 'max_depth': 5, 'learning_rate': 0.02925841381225103, 'subsample': 0.6361803004829012, 'colsample_bytree': 0.8174685299331836, 'min_child_weight': 5, 'reg_alpha': 0.33369550873914355, 'reg_lambda': 0.4377131916208631}. Best is trial 21 with value: 2.621552298025912.
[I 2026-04-12 11:15:25,074] Trial 29 finished with value: 2.6314350179586485 and parameters: {'n_estimators': 174, 'max_depth': 3, 'learning_rate': 0.05056796997679076, 'subsample': 0.7701994631909379, 'colsample_bytree': 0.6547276097685859, 'min_child_weight': 2, 'reg_alpha': 0.8437887849663007, 'reg_lambda': 0.03524837535215558}. Best is trial 21 with value: 2.621552298025912.
[optuna] Best params: {'n_estimators': 396, 'max_depth': 5, 'learning_rate': 0.018744298252845015, 'subsample': 0.6279925435967445, 'colsample_bytree': 0.6387755937560894, 'min_child_weight': 4, 'reg_alpha': 0.5971972929238814, 'reg_lambda': 0.25922176566575206}
[optuna] Optimizing hyperparameters for rebounds classification...
[I 2026-04-12 11:27:13,545] A new study created in memory with name: no-name-2b703816-8f0a-44bb-a115-3dfc60ec3ddf
[I 2026-04-12 11:27:35,746] Trial 0 finished with value: 0.6389805407682183 and parameters: {'n_estimators': 935, 'max_depth': 5, 'learning_rate': 0.15368347303140314, 'subsample': 0.9977919770602736, 'colsample_bytree': 0.9655473875827792, 'min_child_weight': 1, 'reg_alpha': 0.14592499899246358, 'reg_lambda': 0.3832193558003031}. Best is trial 0 with value: 0.6389805407682183.
[I 2026-04-12 11:28:12,829] Trial 1 finished with value: 0.6409617590046462 and parameters: {'n_estimators': 935, 'max_depth': 8, 'learning_rate': 0.15628151394570863, 'subsample': 0.8118060674460558, 'colsample_bytree': 0.9538391748292734, 'min_child_weight': 5, 'reg_alpha': 0.5769526238463516, 'reg_lambda': 0.7048569228361435}. Best is trial 1 with value: 0.6409617590046462.
[I 2026-04-12 11:28:30,546] Trial 2 finished with value: 0.6666816906308857 and parameters: {'n_estimators': 427, 'max_depth': 7, 'learning_rate': 0.02124279834677209, 'subsample': 0.8749179805904307, 'colsample_bytree': 0.671329514910038, 'min_child_weight': 3, 'reg_alpha': 0.43034046704812645, 'reg_lambda': 0.09854779009697678}. Best is trial 2 with value: 0.6666816906308857.
[I 2026-04-12 11:28:46,011] Trial 3 finished with value: 0.6296417011926677 and parameters: {'n_estimators': 458, 'max_depth': 6, 'learning_rate': 0.233583901579797, 'subsample': 0.9450258097688378, 'colsample_bytree': 0.9462631031775761, 'min_child_weight': 3, 'reg_alpha': 0.041163586913691486, 'reg_lambda': 0.9947289423492297}. Best is trial 2 with value: 0.6666816906308857.
[I 2026-04-12 11:29:06,612] Trial 4 finished with value: 0.6449849090320834 and parameters: {'n_estimators': 515, 'max_depth': 7, 'learning_rate': 0.08524450380022079, 'subsample': 0.8267951801095718, 'colsample_bytree': 0.6959262740439882, 'min_child_weight': 6, 'reg_alpha': 0.5320266632463235, 'reg_lambda': 0.10051529460295705}. Best is trial 2 with value: 0.6666816906308857.
[I 2026-04-12 11:29:24,896] Trial 5 finished with value: 0.6664815070643305 and parameters: {'n_estimators': 459, 'max_depth': 6, 'learning_rate': 0.025415270302178637, 'subsample': 0.8936754995445311, 'colsample_bytree': 0.8174031080908992, 'min_child_weight': 3, 'reg_alpha': 0.5900853315756079, 'reg_lambda': 0.8352977478562058}. Best is trial 2 with value: 0.6666816906308857.
[I 2026-04-12 11:29:39,891] Trial 6 finished with value: 0.635682660972682 and parameters: {'n_estimators': 231, 'max_depth': 9, 'learning_rate': 0.19318786871526475, 'subsample': 0.9486298370104302, 'colsample_bytree': 0.8799197722486372, 'min_child_weight': 3, 'reg_alpha': 0.20379260545227373, 'reg_lambda': 0.9216770510786584}. Best is trial 2 with value: 0.6666816906308857.
[I 2026-04-12 11:30:25,587] Trial 7 finished with value: 0.6553446296286447 and parameters: {'n_estimators': 944, 'max_depth': 8, 'learning_rate': 0.024259431964709168, 'subsample': 0.8011353525516068, 'colsample_bytree': 0.6537675163448426, 'min_child_weight': 7, 'reg_alpha': 0.9321652597636249, 'reg_lambda': 0.8774543764108996}. Best is trial 2 with value: 0.6666816906308857.
[I 2026-04-12 11:30:58,609] Trial 8 finished with value: 0.6415154695930336 and parameters: {'n_estimators': 546, 'max_depth': 9, 'learning_rate': 0.16808493451774623, 'subsample': 0.701726868213933, 'colsample_bytree': 0.7563688009629767, 'min_child_weight': 3, 'reg_alpha': 0.5766159613275224, 'reg_lambda': 0.5464374680465112}. Best is trial 2 with value: 0.6666816906308857.
[I 2026-04-12 11:31:05,004] Trial 9 finished with value: 0.6627558492106163 and parameters: {'n_estimators': 141, 'max_depth': 5, 'learning_rate': 0.018781372767600685, 'subsample': 0.9795779798420482, 'colsample_bytree': 0.9217006514937585, 'min_child_weight': 4, 'reg_alpha': 0.3753604516889153, 'reg_lambda': 0.24610519403589348}. Best is trial 2 with value: 0.6666816906308857.
[I 2026-04-12 11:31:24,811] Trial 10 finished with value: 0.6643435221013748 and parameters: {'n_estimators': 700, 'max_depth': 3, 'learning_rate': 0.011017612653378875, 'subsample': 0.627419024084244, 'colsample_bytree': 0.6063893972011491, 'min_child_weight': 9, 'reg_alpha': 0.8434232172472007, 'reg_lambda': 0.012617049198259067}. Best is trial 2 with value: 0.6666816906308857.
[I 2026-04-12 11:31:37,847] Trial 11 finished with value: 0.6660857585182589 and parameters: {'n_estimators': 324, 'max_depth': 6, 'learning_rate': 0.037180520405078216, 'subsample': 0.886135790077333, 'colsample_bytree': 0.8301274280893101, 'min_child_weight': 1, 'reg_alpha': 0.731348938053127, 'reg_lambda': 0.6233303046666658}. Best is trial 2 with value: 0.6666816906308857.
[I 2026-04-12 11:31:57,625] Trial 12 finished with value: 0.6650672539830751 and parameters: {'n_estimators': 713, 'max_depth': 4, 'learning_rate': 0.05525893458503419, 'subsample': 0.8731124877760812, 'colsample_bytree': 0.763534284725449, 'min_child_weight': 2, 'reg_alpha': 0.3751236958644727, 'reg_lambda': 0.36834750118313575}. Best is trial 2 with value: 0.6666816906308857.
[I 2026-04-12 11:32:15,893] Trial 13 finished with value: 0.6671234446890465 and parameters: {'n_estimators': 347, 'max_depth': 7, 'learning_rate': 0.010856146754257065, 'subsample': 0.7463050656351735, 'colsample_bytree': 0.8448612431892246, 'min_child_weight': 5, 'reg_alpha': 0.36398679774182496, 'reg_lambda': 0.7924517408474865}. Best is trial 13 with value: 0.6671234446890465.
[I 2026-04-12 11:32:46,443] Trial 14 finished with value: 0.6636849490758694 and parameters: {'n_estimators': 353, 'max_depth': 10, 'learning_rate': 0.010375667152523553, 'subsample': 0.7289363134055431, 'colsample_bytree': 0.7159751394488223, 'min_child_weight': 8, 'reg_alpha': 0.3485710669379128, 'reg_lambda': 0.731073240333721}. Best is trial 13 with value: 0.6671234446890465.
[I 2026-04-12 11:33:15,373] Trial 15 finished with value: 0.6633775159770576 and parameters: {'n_estimators': 679, 'max_depth': 7, 'learning_rate': 0.019227743163160355, 'subsample': 0.7321241269118803, 'colsample_bytree': 0.8552475864486698, 'min_child_weight': 5, 'reg_alpha': 0.24535662091204014, 'reg_lambda': 0.233703041734371}. Best is trial 13 with value: 0.6671234446890465.
[I 2026-04-12 11:33:32,791] Trial 16 finished with value: 0.6683216851106486 and parameters: {'n_estimators': 345, 'max_depth': 7, 'learning_rate': 0.014356805818764019, 'subsample': 0.6640338205319819, 'colsample_bytree': 0.786717064708073, 'min_child_weight': 10, 'reg_alpha': 0.416025608798015, 'reg_lambda': 0.4415704360985664}. Best is trial 16 with value: 0.6683216851106486.
[I 2026-04-12 11:33:40,536] Trial 17 finished with value: 0.662710657079093 and parameters: {'n_estimators': 112, 'max_depth': 8, 'learning_rate': 0.014256822736388182, 'subsample': 0.6080369876530259, 'colsample_bytree': 0.7812543326769185, 'min_child_weight': 10, 'reg_alpha': 0.00497781817088272, 'reg_lambda': 0.4550400307335881}. Best is trial 16 with value: 0.6683216851106486.
[I 2026-04-12 11:33:49,669] Trial 18 finished with value: 0.6673815268061377 and parameters: {'n_estimators': 248, 'max_depth': 5, 'learning_rate': 0.039235533748243664, 'subsample': 0.6989513341856095, 'colsample_bytree': 0.8874818012992463, 'min_child_weight': 7, 'reg_alpha': 0.6694943758635858, 'reg_lambda': 0.5921876042369641}. Best is trial 16 with value: 0.6683216851106486.
[I 2026-04-12 11:33:57,281] Trial 19 finished with value: 0.6679681793074399 and parameters: {'n_estimators': 230, 'max_depth': 4, 'learning_rate': 0.04049763903814249, 'subsample': 0.6517027072763149, 'colsample_bytree': 0.9184915355131064, 'min_child_weight': 10, 'reg_alpha': 0.7134261884034888, 'reg_lambda': 0.5988552231051311}. Best is trial 16 with value: 0.6683216851106486.
[I 2026-04-12 11:34:03,443] Trial 20 finished with value: 0.6682900057058294 and parameters: {'n_estimators': 211, 'max_depth': 3, 'learning_rate': 0.07127115554907683, 'subsample': 0.6532858175453674, 'colsample_bytree': 0.9984357556557437, 'min_child_weight': 10, 'reg_alpha': 0.7767390854951596, 'reg_lambda': 0.42416416013116665}. Best is trial 16 with value: 0.6683216851106486.
[I 2026-04-12 11:34:10,055] Trial 21 finished with value: 0.6685469879909381 and parameters: {'n_estimators': 234, 'max_depth': 3, 'learning_rate': 0.0865145709742773, 'subsample': 0.6534965724370225, 'colsample_bytree': 0.9030827244186248, 'min_child_weight': 10, 'reg_alpha': 0.7892603171538494, 'reg_lambda': 0.4531461194687514}. Best is trial 21 with value: 0.6685469879909381.
[I 2026-04-12 11:34:15,226] Trial 22 finished with value: 0.6667833030821775 and parameters: {'n_estimators': 174, 'max_depth': 3, 'learning_rate': 0.11037100127274202, 'subsample': 0.6459229654213015, 'colsample_bytree': 0.9794238939525844, 'min_child_weight': 9, 'reg_alpha': 0.9443756906110046, 'reg_lambda': 0.44690982887947056}. Best is trial 21 with value: 0.6685469879909381.
[I 2026-04-12 11:34:23,779] Trial 23 finished with value: 0.6680703010056948 and parameters: {'n_estimators': 275, 'max_depth': 4, 'learning_rate': 0.07225181984683993, 'subsample': 0.6778413765091101, 'colsample_bytree': 0.8994643789906532, 'min_child_weight': 9, 'reg_alpha': 0.793702722389885, 'reg_lambda': 0.3384566469132431}. Best is trial 21 with value: 0.6685469879909381.
[I 2026-04-12 11:34:34,374] Trial 24 finished with value: 0.6657380029620068 and parameters: {'n_estimators': 379, 'max_depth': 3, 'learning_rate': 0.10682763714865705, 'subsample': 0.7721653938314981, 'colsample_bytree': 0.9921557457248303, 'min_child_weight': 10, 'reg_alpha': 0.8447793641383354, 'reg_lambda': 0.26656633125549967}. Best is trial 21 with value: 0.6685469879909381.
[I 2026-04-12 11:34:38,445] Trial 25 finished with value: 0.665573540948039 and parameters: {'n_estimators': 101, 'max_depth': 4, 'learning_rate': 0.056767897533576965, 'subsample': 0.6003480147347786, 'colsample_bytree': 0.7951203225388751, 'min_child_weight': 8, 'reg_alpha': 0.9981070899625236, 'reg_lambda': 0.4954419032805504}. Best is trial 21 with value: 0.6685469879909381.
[I 2026-04-12 11:34:43,698] Trial 26 finished with value: 0.6581817894530879 and parameters: {'n_estimators': 183, 'max_depth': 3, 'learning_rate': 0.2981255590283933, 'subsample': 0.6689652702259311, 'colsample_bytree': 0.9979753872162253, 'min_child_weight': 8, 'reg_alpha': 0.46260827153141443, 'reg_lambda': 0.32899787356975774}. Best is trial 21 with value: 0.6685469879909381.
[I 2026-04-12 11:34:53,328] Trial 27 finished with value: 0.6621035215332814 and parameters: {'n_estimators': 285, 'max_depth': 5, 'learning_rate': 0.07526135778874637, 'subsample': 0.6953995149195503, 'colsample_bytree': 0.8605805789959373, 'min_child_weight': 10, 'reg_alpha': 0.6775858211745136, 'reg_lambda': 0.41943897138050124}. Best is trial 21 with value: 0.6685469879909381.
[I 2026-04-12 11:35:10,172] Trial 28 finished with value: 0.6536050420032553 and parameters: {'n_estimators': 600, 'max_depth': 4, 'learning_rate': 0.11332253068044193, 'subsample': 0.630258734598892, 'colsample_bytree': 0.7425659883284537, 'min_child_weight': 9, 'reg_alpha': 0.7960232728505646, 'reg_lambda': 0.5273020641825087}. Best is trial 21 with value: 0.6685469879909381.
[I 2026-04-12 11:35:19,056] Trial 29 finished with value: 0.6680137710563718 and parameters: {'n_estimators': 197, 'max_depth': 6, 'learning_rate': 0.030156632587826616, 'subsample': 0.6693626499184591, 'colsample_bytree': 0.9298404409472241, 'min_child_weight': 7, 'reg_alpha': 0.6139186432646584, 'reg_lambda': 0.6886693814379868}. Best is trial 21 with value: 0.6685469879909381.
[optuna] Best params: {'n_estimators': 234, 'max_depth': 3, 'learning_rate': 0.0865145709742773, 'subsample': 0.6534965724370225, 'colsample_bytree': 0.9030827244186248, 'min_child_weight': 10, 'reg_alpha': 0.7892603171538494, 'reg_lambda': 0.4531461194687514}
[wf] steals: auc_raw=0.723 brier_raw=0.197 auc_cal=0.714 brier_cal=0.192 folds=5
[optuna] Optimizing hyperparameters for steals regression...
[I 2026-04-12 11:49:15,426] A new study created in memory with name: no-name-cfcbbb5d-319d-468a-98b5-b017f1be3388
[I 2026-04-12 11:49:22,974] Trial 0 finished with value: 1.085847840939836 and parameters: {'n_estimators': 675, 'max_depth': 6, 'learning_rate': 0.2565505264269335, 'subsample': 0.9307948528172473, 'colsample_bytree': 0.7834767006463357, 'min_child_weight': 10, 'reg_alpha': 0.6459848219581241, 'reg_lambda': 0.12430137875528213}. Best is trial 0 with value: 1.085847840939836.
[I 2026-04-12 11:49:34,583] Trial 1 finished with value: 1.0116121216245908 and parameters: {'n_estimators': 562, 'max_depth': 8, 'learning_rate': 0.08504365856773463, 'subsample': 0.996416843733965, 'colsample_bytree': 0.972022643663772, 'min_child_weight': 1, 'reg_alpha': 0.24325581201074142, 'reg_lambda': 0.073076964113311}. Best is trial 1 with value: 1.0116121216245908.
[I 2026-04-12 11:49:37,487] Trial 2 finished with value: 0.9696852466919859 and parameters: {'n_estimators': 220, 'max_depth': 6, 'learning_rate': 0.04535157326587243, 'subsample': 0.6786839448632204, 'colsample_bytree': 0.7750564710210974, 'min_child_weight': 5, 'reg_alpha': 0.9985744059078083, 'reg_lambda': 0.19277010034910314}. Best is trial 2 with value: 0.9696852466919859.
[I 2026-04-12 11:49:43,196] Trial 3 finished with value: 0.9764174301867798 and parameters: {'n_estimators': 378, 'max_depth': 7, 'learning_rate': 0.04013481297524274, 'subsample': 0.6139078445820999, 'colsample_bytree': 0.9819511481624729, 'min_child_weight': 5, 'reg_alpha': 0.35291099914721147, 'reg_lambda': 0.6668015484950983}. Best is trial 2 with value: 0.9696852466919859.
[I 2026-04-12 11:49:50,208] Trial 4 finished with value: 0.9699201435387387 and parameters: {'n_estimators': 754, 'max_depth': 5, 'learning_rate': 0.02878474935480562, 'subsample': 0.9231439565477112, 'colsample_bytree': 0.8733359791800901, 'min_child_weight': 8, 'reg_alpha': 0.5485126043364931, 'reg_lambda': 0.6185770075391797}. Best is trial 2 with value: 0.9696852466919859.
[I 2026-04-12 11:49:59,822] Trial 5 finished with value: 0.9791205042191562 and parameters: {'n_estimators': 793, 'max_depth': 6, 'learning_rate': 0.03924760051262504, 'subsample': 0.7056556580555543, 'colsample_bytree': 0.8719001755047545, 'min_child_weight': 5, 'reg_alpha': 0.3648020493702523, 'reg_lambda': 0.7163121708411123}. Best is trial 2 with value: 0.9696852466919859.
[I 2026-04-12 11:50:01,911] Trial 6 finished with value: 0.9671793848388343 and parameters: {'n_estimators': 276, 'max_depth': 3, 'learning_rate': 0.09877177791512011, 'subsample': 0.6693068290731601, 'colsample_bytree': 0.7992835516082623, 'min_child_weight': 7, 'reg_alpha': 0.3133840739205985, 'reg_lambda': 0.6458298771504642}. Best is trial 6 with value: 0.9671793848388343.
[I 2026-04-12 11:50:07,862] Trial 7 finished with value: 0.9855640021993181 and parameters: {'n_estimators': 721, 'max_depth': 4, 'learning_rate': 0.09540508122142008, 'subsample': 0.7430206767942826, 'colsample_bytree': 0.7321665641534304, 'min_child_weight': 2, 'reg_alpha': 0.9682035739182436, 'reg_lambda': 0.38494412842002934}. Best is trial 6 with value: 0.9671793848388343.
[I 2026-04-12 11:50:40,025] Trial 8 finished with value: 1.0124703018181047 and parameters: {'n_estimators': 589, 'max_depth': 10, 'learning_rate': 0.07881276390170251, 'subsample': 0.9664413980915366, 'colsample_bytree': 0.8986840793006852, 'min_child_weight': 3, 'reg_alpha': 0.37599465330475756, 'reg_lambda': 0.6996722962820123}. Best is trial 6 with value: 0.9671793848388343.
[I 2026-04-12 11:50:53,630] Trial 9 finished with value: 0.9649432393084257 and parameters: {'n_estimators': 739, 'max_depth': 7, 'learning_rate': 0.010243766015139039, 'subsample': 0.7074496472528464, 'colsample_bytree': 0.8680118239390748, 'min_child_weight': 9, 'reg_alpha': 0.536027097895102, 'reg_lambda': 0.36808843920388}. Best is trial 9 with value: 0.9649432393084257.
[I 2026-04-12 11:51:24,441] Trial 10 finished with value: 0.9738005131183064 and parameters: {'n_estimators': 907, 'max_depth': 10, 'learning_rate': 0.010096601553857576, 'subsample': 0.8259410895772403, 'colsample_bytree': 0.6051999990326898, 'min_child_weight': 10, 'reg_alpha': 0.01856606225296986, 'reg_lambda': 0.9064243497167843}. Best is trial 9 with value: 0.9649432393084257.
[I 2026-04-12 11:51:26,104] Trial 11 finished with value: 0.9670903417826883 and parameters: {'n_estimators': 144, 'max_depth': 3, 'learning_rate': 0.010110682335712676, 'subsample': 0.6018002496550426, 'colsample_bytree': 0.6819582957788825, 'min_child_weight': 8, 'reg_alpha': 0.7473196295469766, 'reg_lambda': 0.3872649340168022}. Best is trial 9 with value: 0.9649432393084257.
[I 2026-04-12 11:51:29,326] Trial 12 finished with value: 0.9676203432957505 and parameters: {'n_estimators': 100, 'max_depth': 8, 'learning_rate': 0.011277316942184843, 'subsample': 0.6044406023289659, 'colsample_bytree': 0.668543900403481, 'min_child_weight': 8, 'reg_alpha': 0.7188712076217201, 'reg_lambda': 0.3385334527953742}. Best is trial 9 with value: 0.9649432393084257.
[I 2026-04-12 11:51:33,543] Trial 13 finished with value: 0.9614130564991472 and parameters: {'n_estimators': 455, 'max_depth': 3, 'learning_rate': 0.01766634651124881, 'subsample': 0.8169106308773436, 'colsample_bytree': 0.6933717624732092, 'min_child_weight': 8, 'reg_alpha': 0.7840179806312928, 'reg_lambda': 0.4117212137882506}. Best is trial 13 with value: 0.9614130564991472.
[I 2026-04-12 11:51:43,698] Trial 14 finished with value: 0.9707148022545674 and parameters: {'n_estimators': 400, 'max_depth': 8, 'learning_rate': 0.018644582725146946, 'subsample': 0.8114867092112774, 'colsample_bytree': 0.9223102049926774, 'min_child_weight': 9, 'reg_alpha': 0.8545589279108509, 'reg_lambda': 0.4938223824012648}. Best is trial 13 with value: 0.9614130564991472.
[I 2026-04-12 11:51:53,503] Trial 15 finished with value: 0.9641263235645918 and parameters: {'n_estimators': 972, 'max_depth': 4, 'learning_rate': 0.018233119243488916, 'subsample': 0.8526406268404018, 'colsample_bytree': 0.8382129824392655, 'min_child_weight': 7, 'reg_alpha': 0.5406078518050488, 'reg_lambda': 0.2475906085978084}. Best is trial 13 with value: 0.9614130564991472.
[I 2026-04-12 11:52:03,076] Trial 16 finished with value: 0.9652617665157907 and parameters: {'n_estimators': 928, 'max_depth': 4, 'learning_rate': 0.020610305707328882, 'subsample': 0.8590311390271522, 'colsample_bytree': 0.7254008618158005, 'min_child_weight': 6, 'reg_alpha': 0.8377441338144329, 'reg_lambda': 0.2072766006761837}. Best is trial 13 with value: 0.9614130564991472.
[I 2026-04-12 11:52:07,338] Trial 17 finished with value: 0.9621255577101351 and parameters: {'n_estimators': 418, 'max_depth': 4, 'learning_rate': 0.019085644192586626, 'subsample': 0.8707231450967722, 'colsample_bytree': 0.6067112598487218, 'min_child_weight': 6, 'reg_alpha': 0.6269866750159308, 'reg_lambda': 0.5157854786491698}. Best is trial 13 with value: 0.9614130564991472.
[I 2026-04-12 11:52:11,222] Trial 18 finished with value: 0.9621921525736667 and parameters: {'n_estimators': 439, 'max_depth': 3, 'learning_rate': 0.02700706828607262, 'subsample': 0.7586327398182984, 'colsample_bytree': 0.604847301412185, 'min_child_weight': 4, 'reg_alpha': 0.6697221888037576, 'reg_lambda': 0.5079579854388537}. Best is trial 13 with value: 0.9614130564991472.
[I 2026-04-12 11:52:18,280] Trial 19 finished with value: 0.9627077861154746 and parameters: {'n_estimators': 505, 'max_depth': 5, 'learning_rate': 0.016718543240052647, 'subsample': 0.8856922875943023, 'colsample_bytree': 0.6520630067279626, 'min_child_weight': 6, 'reg_alpha': 0.8402471328622394, 'reg_lambda': 0.9031018119942937}. Best is trial 13 with value: 0.9614130564991472.
[I 2026-04-12 11:52:22,210] Trial 20 finished with value: 1.0195211634456682 and parameters: {'n_estimators': 351, 'max_depth': 4, 'learning_rate': 0.2546578049753502, 'subsample': 0.7727789450263903, 'colsample_bytree': 0.7144909620337562, 'min_child_weight': 7, 'reg_alpha': 0.17442808983788627, 'reg_lambda': 0.5352357491759555}. Best is trial 13 with value: 0.9614130564991472.
[I 2026-04-12 11:52:26,593] Trial 21 finished with value: 0.9622933466650798 and parameters: {'n_estimators': 470, 'max_depth': 3, 'learning_rate': 0.02812127854462909, 'subsample': 0.7784875680667651, 'colsample_bytree': 0.600262730297023, 'min_child_weight': 4, 'reg_alpha': 0.6657966205199982, 'reg_lambda': 0.5325563513014322}. Best is trial 13 with value: 0.9614130564991472.
[I 2026-04-12 11:52:30,922] Trial 22 finished with value: 0.9628005085311963 and parameters: {'n_estimators': 447, 'max_depth': 3, 'learning_rate': 0.027126137221391573, 'subsample': 0.8930000123894991, 'colsample_bytree': 0.630883967509472, 'min_child_weight': 4, 'reg_alpha': 0.6619737062215538, 'reg_lambda': 0.46190229881854983}. Best is trial 13 with value: 0.9614130564991472.
[I 2026-04-12 11:52:34,690] Trial 23 finished with value: 0.9620236471366215 and parameters: {'n_estimators': 293, 'max_depth': 5, 'learning_rate': 0.014474513755948467, 'subsample': 0.7566781200466165, 'colsample_bytree': 0.6354953815941639, 'min_child_weight': 3, 'reg_alpha': 0.46280970837609303, 'reg_lambda': 0.2654333379680026}. Best is trial 13 with value: 0.9614130564991472.
[I 2026-04-12 11:52:38,558] Trial 24 finished with value: 0.9619269135966126 and parameters: {'n_estimators': 301, 'max_depth': 5, 'learning_rate': 0.013978154924691736, 'subsample': 0.8169445961110492, 'colsample_bytree': 0.6818732817996576, 'min_child_weight': 2, 'reg_alpha': 0.4535937935138091, 'reg_lambda': 0.29303497903857467}. Best is trial 13 with value: 0.9614130564991472.
[I 2026-04-12 11:52:42,055] Trial 25 finished with value: 0.9615887291094518 and parameters: {'n_estimators': 268, 'max_depth': 5, 'learning_rate': 0.014018579943227931, 'subsample': 0.823015657188291, 'colsample_bytree': 0.6904315441878507, 'min_child_weight': 1, 'reg_alpha': 0.44848193863290675, 'reg_lambda': 0.0031997012526018276}. Best is trial 13 with value: 0.9614130564991472.
[I 2026-04-12 11:52:44,914] Trial 26 finished with value: 0.9616331073621802 and parameters: {'n_estimators': 206, 'max_depth': 5, 'learning_rate': 0.013662350694947778, 'subsample': 0.8304982665124429, 'colsample_bytree': 0.6950564672629381, 'min_child_weight': 1, 'reg_alpha': 0.4353810715014693, 'reg_lambda': 0.006134635636246499}. Best is trial 13 with value: 0.9614130564991472.
[I 2026-04-12 11:52:47,777] Trial 27 finished with value: 0.9626980524179735 and parameters: {'n_estimators': 206, 'max_depth': 5, 'learning_rate': 0.013619680221541891, 'subsample': 0.8343354272997725, 'colsample_bytree': 0.7547557105944138, 'min_child_weight': 1, 'reg_alpha': 0.17352584526630133, 'reg_lambda': 0.004454917719196483}. Best is trial 13 with value: 0.9614130564991472.
[I 2026-04-12 11:52:50,758] Trial 28 finished with value: 0.9626471641398513 and parameters: {'n_estimators': 188, 'max_depth': 6, 'learning_rate': 0.022112954236791015, 'subsample': 0.7938260051355177, 'colsample_bytree': 0.7042361456030763, 'min_child_weight': 2, 'reg_alpha': 0.44661859794462033, 'reg_lambda': 0.011968578469946362}. Best is trial 13 with value: 0.9614130564991472.
[I 2026-04-12 11:53:02,648] Trial 29 finished with value: 0.9972253591626173 and parameters: {'n_estimators': 625, 'max_depth': 7, 'learning_rate': 0.05854977925095704, 'subsample': 0.916294528180376, 'colsample_bytree': 0.8250409574058332, 'min_child_weight': 1, 'reg_alpha': 0.6025822715596115, 'reg_lambda': 0.11125550401214622}. Best is trial 13 with value: 0.9614130564991472.
[optuna] Best params: {'n_estimators': 455, 'max_depth': 3, 'learning_rate': 0.01766634651124881, 'subsample': 0.8169106308773436, 'colsample_bytree': 0.6933717624732092, 'min_child_weight': 8, 'reg_alpha': 0.7840179806312928, 'reg_lambda': 0.4117212137882506}
[optuna] Optimizing hyperparameters for steals classification...
[I 2026-04-12 12:00:35,056] A new study created in memory with name: no-name-4d103426-a6a3-4c34-add2-d6dde6ed6337
[I 2026-04-12 12:00:48,438] Trial 0 finished with value: 0.7577259546929522 and parameters: {'n_estimators': 652, 'max_depth': 4, 'learning_rate': 0.027527478529468324, 'subsample': 0.7698793015291273, 'colsample_bytree': 0.7035453499700816, 'min_child_weight': 5, 'reg_alpha': 0.7728416860489391, 'reg_lambda': 0.2967815863114943}. Best is trial 0 with value: 0.7577259546929522.
[I 2026-04-12 12:00:56,781] Trial 1 finished with value: 0.7531011759625355 and parameters: {'n_estimators': 214, 'max_depth': 7, 'learning_rate': 0.03837774376794413, 'subsample': 0.918740634286591, 'colsample_bytree': 0.9318880009320415, 'min_child_weight': 2, 'reg_alpha': 0.4448091918917668, 'reg_lambda': 0.21706687929597968}. Best is trial 0 with value: 0.7577259546929522.
[I 2026-04-12 12:01:26,083] Trial 2 finished with value: 0.7395862131480475 and parameters: {'n_estimators': 631, 'max_depth': 9, 'learning_rate': 0.057344904845014144, 'subsample': 0.8057372360418764, 'colsample_bytree': 0.8037913178227306, 'min_child_weight': 1, 'reg_alpha': 0.1591644788979334, 'reg_lambda': 0.07905020839298638}. Best is trial 0 with value: 0.7577259546929522.
[I 2026-04-12 12:01:30,820] Trial 3 finished with value: 0.7570829895888715 and parameters: {'n_estimators': 208, 'max_depth': 3, 'learning_rate': 0.12119928199584777, 'subsample': 0.846579147681213, 'colsample_bytree': 0.7677802399771986, 'min_child_weight': 3, 'reg_alpha': 0.24032650618606655, 'reg_lambda': 0.6878484902913171}. Best is trial 0 with value: 0.7577259546929522.
[I 2026-04-12 12:01:42,464] Trial 4 finished with value: 0.7510258506020366 and parameters: {'n_estimators': 617, 'max_depth': 3, 'learning_rate': 0.10884402516178592, 'subsample': 0.6403044332085643, 'colsample_bytree': 0.8585740776094947, 'min_child_weight': 1, 'reg_alpha': 0.5841788192232575, 'reg_lambda': 0.8483000505127605}. Best is trial 0 with value: 0.7577259546929522.
[I 2026-04-12 12:02:09,215] Trial 5 finished with value: 0.7193608033537238 and parameters: {'n_estimators': 978, 'max_depth': 6, 'learning_rate': 0.2076982832332727, 'subsample': 0.7694803458232868, 'colsample_bytree': 0.7443046293653377, 'min_child_weight': 8, 'reg_alpha': 0.7745485700656191, 'reg_lambda': 0.08895211799788239}. Best is trial 0 with value: 0.7577259546929522.
[I 2026-04-12 12:02:50,205] Trial 6 finished with value: 0.7462000093702195 and parameters: {'n_estimators': 820, 'max_depth': 10, 'learning_rate': 0.019539813749326684, 'subsample': 0.6039494278373955, 'colsample_bytree': 0.6806890112883321, 'min_child_weight': 9, 'reg_alpha': 0.0685464410226535, 'reg_lambda': 0.13025113338986283}. Best is trial 0 with value: 0.7577259546929522.
[I 2026-04-12 12:02:56,280] Trial 7 finished with value: 0.7512460252955184 and parameters: {'n_estimators': 115, 'max_depth': 8, 'learning_rate': 0.08658317306662806, 'subsample': 0.7727535767649201, 'colsample_bytree': 0.6666513527438781, 'min_child_weight': 1, 'reg_alpha': 0.40502212862459674, 'reg_lambda': 0.1801464108280959}. Best is trial 0 with value: 0.7577259546929522.
[I 2026-04-12 12:03:44,554] Trial 8 finished with value: 0.7419097169175237 and parameters: {'n_estimators': 777, 'max_depth': 9, 'learning_rate': 0.0369495864897499, 'subsample': 0.9235255341655322, 'colsample_bytree': 0.739657626380181, 'min_child_weight': 3, 'reg_alpha': 0.891292060314024, 'reg_lambda': 0.30412581035481634}. Best is trial 0 with value: 0.7577259546929522.
[I 2026-04-12 12:04:19,956] Trial 9 finished with value: 0.7561595086338424 and parameters: {'n_estimators': 732, 'max_depth': 6, 'learning_rate': 0.016982680819893414, 'subsample': 0.6456394774264287, 'colsample_bytree': 0.7551422041654867, 'min_child_weight': 1, 'reg_alpha': 0.7223966147658264, 'reg_lambda': 0.5319705371309926}. Best is trial 0 with value: 0.7577259546929522.
[I 2026-04-12 12:04:36,142] Trial 10 finished with value: 0.7587744160418156 and parameters: {'n_estimators': 415, 'max_depth': 4, 'learning_rate': 0.012469292377871463, 'subsample': 0.7171144948708922, 'colsample_bytree': 0.6000383530849028, 'min_child_weight': 6, 'reg_alpha': 0.995699623119106, 'reg_lambda': 0.39387094716674187}. Best is trial 10 with value: 0.7587744160418156.
[I 2026-04-12 12:04:51,967] Trial 11 finished with value: 0.7585196275541487 and parameters: {'n_estimators': 433, 'max_depth': 4, 'learning_rate': 0.01069730469439169, 'subsample': 0.7061672488142671, 'colsample_bytree': 0.6122225118487028, 'min_child_weight': 6, 'reg_alpha': 0.9753801705691094, 'reg_lambda': 0.4027941945026314}. Best is trial 10 with value: 0.7587744160418156.
[I 2026-04-12 12:05:08,897] Trial 12 finished with value: 0.7588145450249227 and parameters: {'n_estimators': 414, 'max_depth': 5, 'learning_rate': 0.010208649081336745, 'subsample': 0.7010617026719109, 'colsample_bytree': 0.6001592630639986, 'min_child_weight': 6, 'reg_alpha': 0.9864536325982387, 'reg_lambda': 0.4576927211132796}. Best is trial 12 with value: 0.7588145450249227.
[I 2026-04-12 12:05:26,934] Trial 13 finished with value: 0.7590918016691212 and parameters: {'n_estimators': 434, 'max_depth': 5, 'learning_rate': 0.01016957411242756, 'subsample': 0.7024882772851025, 'colsample_bytree': 0.600497816016759, 'min_child_weight': 6, 'reg_alpha': 0.9799904653190656, 'reg_lambda': 0.5799311629721668}. Best is trial 13 with value: 0.7590918016691212.
[I 2026-04-12 12:05:43,757] Trial 14 finished with value: 0.7590956210520312 and parameters: {'n_estimators': 429, 'max_depth': 5, 'learning_rate': 0.010442255371444385, 'subsample': 0.6976897754691583, 'colsample_bytree': 0.646368259209052, 'min_child_weight': 7, 'reg_alpha': 0.6232378209878997, 'reg_lambda': 0.6038641248040714}. Best is trial 14 with value: 0.7590956210520312.
[I 2026-04-12 12:06:00,190] Trial 15 finished with value: 0.7579714391638506 and parameters: {'n_estimators': 472, 'max_depth': 5, 'learning_rate': 0.019064592231538856, 'subsample': 0.6767186738331992, 'colsample_bytree': 0.991223557927485, 'min_child_weight': 8, 'reg_alpha': 0.5790693041090033, 'reg_lambda': 0.6795458668633113}. Best is trial 14 with value: 0.7590956210520312.
[I 2026-04-12 12:06:13,473] Trial 16 finished with value: 0.7556630346881448 and parameters: {'n_estimators': 297, 'max_depth': 7, 'learning_rate': 0.02723083708692436, 'subsample': 0.9886820641125686, 'colsample_bytree': 0.6493438447133821, 'min_child_weight': 10, 'reg_alpha': 0.3230678469397289, 'reg_lambda': 0.9536045176344599}. Best is trial 14 with value: 0.7590956210520312.
[I 2026-04-12 12:06:29,731] Trial 17 finished with value: 0.7181186789212841 and parameters: {'n_estimators': 523, 'max_depth': 5, 'learning_rate': 0.29098906384413703, 'subsample': 0.7352806915225769, 'colsample_bytree': 0.8589074446958835, 'min_child_weight': 5, 'reg_alpha': 0.6356981937398938, 'reg_lambda': 0.6221201310817607}. Best is trial 14 with value: 0.7590956210520312.
[I 2026-04-12 12:06:43,407] Trial 18 finished with value: 0.7589115166107508 and parameters: {'n_estimators': 314, 'max_depth': 6, 'learning_rate': 0.015444921589203072, 'subsample': 0.6018460030526438, 'colsample_bytree': 0.643973918756438, 'min_child_weight': 7, 'reg_alpha': 0.8339414736000048, 'reg_lambda': 0.7797366720082011}. Best is trial 14 with value: 0.7590956210520312.
[I 2026-04-12 12:06:55,354] Trial 19 finished with value: 0.7585303421963387 and parameters: {'n_estimators': 319, 'max_depth': 5, 'learning_rate': 0.02533694977085812, 'subsample': 0.837338652678684, 'colsample_bytree': 0.699869928477579, 'min_child_weight': 4, 'reg_alpha': 0.650404351903896, 'reg_lambda': 0.5610969742772642}. Best is trial 14 with value: 0.7590956210520312.
[I 2026-04-12 12:07:27,430] Trial 20 finished with value: 0.742674886997191 and parameters: {'n_estimators': 540, 'max_depth': 7, 'learning_rate': 0.06572381061138828, 'subsample': 0.6650271168843727, 'colsample_bytree': 0.6528472022771258, 'min_child_weight': 7, 'reg_alpha': 0.8755898863961336, 'reg_lambda': 0.7921600643957274}. Best is trial 14 with value: 0.7590956210520312.
[I 2026-04-12 12:07:46,334] Trial 21 finished with value: 0.759127958494002 and parameters: {'n_estimators': 327, 'max_depth': 6, 'learning_rate': 0.014724344406312491, 'subsample': 0.6057175347834352, 'colsample_bytree': 0.6339384962887051, 'min_child_weight': 7, 'reg_alpha': 0.859444082309876, 'reg_lambda': 0.7873418277107269}. Best is trial 21 with value: 0.759127958494002.
[I 2026-04-12 12:08:03,814] Trial 22 finished with value: 0.7592568397509152 and parameters: {'n_estimators': 361, 'max_depth': 6, 'learning_rate': 0.013281302828392431, 'subsample': 0.6331852493990135, 'colsample_bytree': 0.634760528413837, 'min_child_weight': 7, 'reg_alpha': 0.8924973537277291, 'reg_lambda': 0.8789462626689951}. Best is trial 22 with value: 0.7592568397509152.
[I 2026-04-12 12:08:26,189] Trial 23 finished with value: 0.7568261437269437 and parameters: {'n_estimators': 353, 'max_depth': 8, 'learning_rate': 0.014622352137521985, 'subsample': 0.6351338226508532, 'colsample_bytree': 0.7081625564939276, 'min_child_weight': 8, 'reg_alpha': 0.7081598141206495, 'reg_lambda': 0.9892314986357835}. Best is trial 22 with value: 0.7592568397509152.
[I 2026-04-12 12:08:37,300] Trial 24 finished with value: 0.758407174736259 and parameters: {'n_estimators': 220, 'max_depth': 6, 'learning_rate': 0.022270342600930557, 'subsample': 0.6205970509815355, 'colsample_bytree': 0.6354659266583296, 'min_child_weight': 7, 'reg_alpha': 0.5264099184526287, 'reg_lambda': 0.8807479401514599}. Best is trial 22 with value: 0.7592568397509152.
[I 2026-04-12 12:08:44,818] Trial 25 finished with value: 0.7560589060879945 and parameters: {'n_estimators': 108, 'max_depth': 8, 'learning_rate': 0.03853105056964934, 'subsample': 0.6763653995896592, 'colsample_bytree': 0.8033598207838941, 'min_child_weight': 9, 'reg_alpha': 0.8272255545129807, 'reg_lambda': 0.7486985623166968}. Best is trial 22 with value: 0.7592568397509152.
[I 2026-04-12 12:08:58,597] Trial 26 finished with value: 0.7579794242203874 and parameters: {'n_estimators': 264, 'max_depth': 7, 'learning_rate': 0.015249765398973143, 'subsample': 0.663453298956542, 'colsample_bytree': 0.6824710380268009, 'min_child_weight': 9, 'reg_alpha': 0.902466083162724, 'reg_lambda': 0.9078573727308299}. Best is trial 22 with value: 0.7592568397509152.
[I 2026-04-12 12:09:10,833] Trial 27 finished with value: 0.7586827915920614 and parameters: {'n_estimators': 363, 'max_depth': 4, 'learning_rate': 0.013105224317738725, 'subsample': 0.7339475982078366, 'colsample_bytree': 0.6318706232484596, 'min_child_weight': 7, 'reg_alpha': 0.7039811080742163, 'reg_lambda': 0.6982098583588722}. Best is trial 22 with value: 0.7592568397509152.
[I 2026-04-12 12:09:28,707] Trial 28 finished with value: 0.7544147177628805 and parameters: {'n_estimators': 486, 'max_depth': 6, 'learning_rate': 0.03180567761873668, 'subsample': 0.6281900936325556, 'colsample_bytree': 0.7139500287678993, 'min_child_weight': 10, 'reg_alpha': 0.7950451299183333, 'reg_lambda': 0.8205057058263298}. Best is trial 22 with value: 0.7592568397509152.
[I 2026-04-12 12:09:48,276] Trial 29 finished with value: 0.756627520538095 and parameters: {'n_estimators': 579, 'max_depth': 5, 'learning_rate': 0.022623592385058594, 'subsample': 0.7501748523451973, 'colsample_bytree': 0.7199322910979616, 'min_child_weight': 5, 'reg_alpha': 0.4963324624612843, 'reg_lambda': 0.9273860017216938}. Best is trial 22 with value: 0.7592568397509152.
[optuna] Best params: {'n_estimators': 361, 'max_depth': 6, 'learning_rate': 0.013281302828392431, 'subsample': 0.6331852493990135, 'colsample_bytree': 0.634760528413837, 'min_child_weight': 7, 'reg_alpha': 0.8924973537277291, 'reg_lambda': 0.8789462626689951}
[wf] blocks: auc_raw=0.724 brier_raw=0.163 auc_cal=0.714 brier_cal=0.157 folds=5
[optuna] Optimizing hyperparameters for blocks regression...
[I 2026-04-12 12:22:19,130] A new study created in memory with name: no-name-0b0f1294-dd26-483e-9004-c93d6ca3df3e
[I 2026-04-12 12:22:31,282] Trial 0 finished with value: 0.7891211202440953 and parameters: {'n_estimators': 627, 'max_depth': 7, 'learning_rate': 0.05091841150133878, 'subsample': 0.6782608552998544, 'colsample_bytree': 0.870211743850417, 'min_child_weight': 8, 'reg_alpha': 0.6510352258611433, 'reg_lambda': 0.7706073258277191}. Best is trial 0 with value: 0.7891211202440953.
[I 2026-04-12 12:22:52,215] Trial 1 finished with value: 0.8935591987821978 and parameters: {'n_estimators': 678, 'max_depth': 8, 'learning_rate': 0.2152504229168485, 'subsample': 0.665255313665137, 'colsample_bytree': 0.8147411400345559, 'min_child_weight': 1, 'reg_alpha': 0.19310975776004635, 'reg_lambda': 0.09273116968194706}. Best is trial 0 with value: 0.7891211202440953.
[I 2026-04-12 12:22:57,404] Trial 2 finished with value: 0.7606119827467093 and parameters: {'n_estimators': 602, 'max_depth': 3, 'learning_rate': 0.039891435968169756, 'subsample': 0.6920548457813961, 'colsample_bytree': 0.9443048995758709, 'min_child_weight': 9, 'reg_alpha': 0.8926666023300408, 'reg_lambda': 0.604695973850408}. Best is trial 2 with value: 0.7606119827467093.
[I 2026-04-12 12:23:09,810] Trial 3 finished with value: 0.820149635165381 and parameters: {'n_estimators': 612, 'max_depth': 7, 'learning_rate': 0.11538400479087794, 'subsample': 0.895046432903416, 'colsample_bytree': 0.9079057532957061, 'min_child_weight': 6, 'reg_alpha': 0.5933832127740902, 'reg_lambda': 0.8345229781218303}. Best is trial 2 with value: 0.7606119827467093.
[I 2026-04-12 12:23:19,115] Trial 4 finished with value: 0.7647916044250915 and parameters: {'n_estimators': 919, 'max_depth': 4, 'learning_rate': 0.023569224555850837, 'subsample': 0.8146533052220021, 'colsample_bytree': 0.965931143376579, 'min_child_weight': 3, 'reg_alpha': 0.15448521048137198, 'reg_lambda': 0.03223985650607042}. Best is trial 2 with value: 0.7606119827467093.
[I 2026-04-12 12:23:27,525] Trial 5 finished with value: 0.7822191389710922 and parameters: {'n_estimators': 458, 'max_depth': 7, 'learning_rate': 0.0533539369729428, 'subsample': 0.9056286698526789, 'colsample_bytree': 0.8303911695305471, 'min_child_weight': 7, 'reg_alpha': 0.1897933506552022, 'reg_lambda': 0.07674384827287328}. Best is trial 2 with value: 0.7606119827467093.
[I 2026-04-12 12:23:49,265] Trial 6 finished with value: 0.8035685742262122 and parameters: {'n_estimators': 707, 'max_depth': 8, 'learning_rate': 0.05384707119478201, 'subsample': 0.6576397542128557, 'colsample_bytree': 0.8701577150139552, 'min_child_weight': 1, 'reg_alpha': 0.8689546057648369, 'reg_lambda': 0.7193415992695098}. Best is trial 2 with value: 0.7606119827467093.
[I 2026-04-12 12:24:02,051] Trial 7 finished with value: 0.7908610418876516 and parameters: {'n_estimators': 567, 'max_depth': 8, 'learning_rate': 0.044513323997008414, 'subsample': 0.6883831667708625, 'colsample_bytree': 0.6558124014100136, 'min_child_weight': 10, 'reg_alpha': 0.8536286654050149, 'reg_lambda': 0.030025824798985745}. Best is trial 2 with value: 0.7606119827467093.
[I 2026-04-12 12:24:12,320] Trial 8 finished with value: 0.7822478096467996 and parameters: {'n_estimators': 641, 'max_depth': 7, 'learning_rate': 0.03838949273298834, 'subsample': 0.8882282851526057, 'colsample_bytree': 0.6168837364492362, 'min_child_weight': 8, 'reg_alpha': 0.09706488352743115, 'reg_lambda': 0.2174197509864486}. Best is trial 2 with value: 0.7606119827467093.
[I 2026-04-12 12:24:15,927] Trial 9 finished with value: 0.8008931200971018 and parameters: {'n_estimators': 295, 'max_depth': 5, 'learning_rate': 0.16072430697480922, 'subsample': 0.6679975270540924, 'colsample_bytree': 0.9065043414967205, 'min_child_weight': 8, 'reg_alpha': 0.7043139293692862, 'reg_lambda': 0.9462838983076942}. Best is trial 2 with value: 0.7606119827467093.
[I 2026-04-12 12:24:17,395] Trial 10 finished with value: 0.7631196996943219 and parameters: {'n_estimators': 137, 'max_depth': 3, 'learning_rate': 0.011453353453532685, 'subsample': 0.769990200634536, 'colsample_bytree': 0.7142972473701669, 'min_child_weight': 10, 'reg_alpha': 0.4106969550870638, 'reg_lambda': 0.4764985137293357}. Best is trial 2 with value: 0.7606119827467093.
[I 2026-04-12 12:24:18,897] Trial 11 finished with value: 0.7628334908855683 and parameters: {'n_estimators': 146, 'max_depth': 3, 'learning_rate': 0.011107424871602434, 'subsample': 0.7643275930988283, 'colsample_bytree': 0.7329629598086285, 'min_child_weight': 10, 'reg_alpha': 0.407655274421261, 'reg_lambda': 0.4959008133642149}. Best is trial 2 with value: 0.7606119827467093.
[I 2026-04-12 12:24:34,472] Trial 12 finished with value: 0.7663694002160235 and parameters: {'n_estimators': 412, 'max_depth': 10, 'learning_rate': 0.011462277599898468, 'subsample': 0.7630649676126132, 'colsample_bytree': 0.7431769778884668, 'min_child_weight': 10, 'reg_alpha': 0.4064266372431196, 'reg_lambda': 0.4997036965703254}. Best is trial 2 with value: 0.7606119827467093.
[I 2026-04-12 12:24:41,129] Trial 13 finished with value: 0.7600841009364716 and parameters: {'n_estimators': 825, 'max_depth': 3, 'learning_rate': 0.02246001421102644, 'subsample': 0.8269987032601966, 'colsample_bytree': 0.7616558721310136, 'min_child_weight': 4, 'reg_alpha': 0.981366792584419, 'reg_lambda': 0.33391372351732246}. Best is trial 13 with value: 0.7600841009364716.
[I 2026-04-12 12:24:50,797] Trial 14 finished with value: 0.7677805131795575 and parameters: {'n_estimators': 848, 'max_depth': 5, 'learning_rate': 0.022311720293631758, 'subsample': 0.9675940726266224, 'colsample_bytree': 0.9937613046609542, 'min_child_weight': 4, 'reg_alpha': 0.9494527323741409, 'reg_lambda': 0.3308021734535648}. Best is trial 13 with value: 0.7600841009364716.
[I 2026-04-12 12:24:59,575] Trial 15 finished with value: 0.7672671511504799 and parameters: {'n_estimators': 800, 'max_depth': 5, 'learning_rate': 0.02285721391224456, 'subsample': 0.6140782470337053, 'colsample_bytree': 0.7874918913078705, 'min_child_weight': 4, 'reg_alpha': 0.7832002827081617, 'reg_lambda': 0.6426854995646597}. Best is trial 13 with value: 0.7600841009364716.
[I 2026-04-12 12:25:06,609] Trial 16 finished with value: 0.7844640429407104 and parameters: {'n_estimators': 778, 'max_depth': 4, 'learning_rate': 0.08269368255809285, 'subsample': 0.8279851468160584, 'colsample_bytree': 0.6810989756696243, 'min_child_weight': 5, 'reg_alpha': 0.9712212713784754, 'reg_lambda': 0.3323899249420708}. Best is trial 13 with value: 0.7600841009364716.
[I 2026-04-12 12:25:13,859] Trial 17 finished with value: 0.7626313079868632 and parameters: {'n_estimators': 969, 'max_depth': 3, 'learning_rate': 0.030704312484013726, 'subsample': 0.7257675155202796, 'colsample_bytree': 0.7709107075069065, 'min_child_weight': 3, 'reg_alpha': 0.9844142957054469, 'reg_lambda': 0.5993498041922602}. Best is trial 13 with value: 0.7600841009364716.
[I 2026-04-12 12:25:18,489] Trial 18 finished with value: 0.7594108962480973 and parameters: {'n_estimators': 474, 'max_depth': 4, 'learning_rate': 0.016403028437870462, 'subsample': 0.856963691294316, 'colsample_bytree': 0.9495417305661122, 'min_child_weight': 6, 'reg_alpha': 0.769263520490812, 'reg_lambda': 0.330471411496684}. Best is trial 18 with value: 0.7594108962480973.
[I 2026-04-12 12:25:22,643] Trial 19 finished with value: 0.7586474549452921 and parameters: {'n_estimators': 422, 'max_depth': 4, 'learning_rate': 0.016847439350813887, 'subsample': 0.8577145344393686, 'colsample_bytree': 0.8527684823475836, 'min_child_weight': 6, 'reg_alpha': 0.7644878932907029, 'reg_lambda': 0.333360067761331}. Best is trial 19 with value: 0.7586474549452921.
[I 2026-04-12 12:25:29,137] Trial 20 finished with value: 0.7623788395764591 and parameters: {'n_estimators': 450, 'max_depth': 6, 'learning_rate': 0.0172791029781329, 'subsample': 0.9862752226860537, 'colsample_bytree': 0.9239127974024008, 'min_child_weight': 6, 'reg_alpha': 0.5387330593857598, 'reg_lambda': 0.20118448844496736}. Best is trial 19 with value: 0.7586474549452921.
[I 2026-04-12 12:25:32,355] Trial 21 finished with value: 0.7590084218958484 and parameters: {'n_estimators': 319, 'max_depth': 4, 'learning_rate': 0.017090744343174424, 'subsample': 0.8554648371734971, 'colsample_bytree': 0.8439127767849807, 'min_child_weight': 5, 'reg_alpha': 0.7538258227748816, 'reg_lambda': 0.3720691594822828}. Best is trial 19 with value: 0.7586474549452921.
[I 2026-04-12 12:25:35,574] Trial 22 finished with value: 0.7583570692512255 and parameters: {'n_estimators': 306, 'max_depth': 4, 'learning_rate': 0.015978886571679826, 'subsample': 0.8589789545028976, 'colsample_bytree': 0.8550354850556162, 'min_child_weight': 5, 'reg_alpha': 0.7118177784164199, 'reg_lambda': 0.4189212590683599}. Best is trial 22 with value: 0.7583570692512255.
[I 2026-04-12 12:25:38,539] Trial 23 finished with value: 0.758055655670056 and parameters: {'n_estimators': 281, 'max_depth': 4, 'learning_rate': 0.01554636834777709, 'subsample': 0.8577449651568424, 'colsample_bytree': 0.8634983028493138, 'min_child_weight': 5, 'reg_alpha': 0.7424184181468789, 'reg_lambda': 0.40560961286374814}. Best is trial 23 with value: 0.758055655670056.
[I 2026-04-12 12:25:42,762] Trial 24 finished with value: 0.7614953658728834 and parameters: {'n_estimators': 268, 'max_depth': 6, 'learning_rate': 0.014948571299857808, 'subsample': 0.9571321912871219, 'colsample_bytree': 0.8704145387762768, 'min_child_weight': 7, 'reg_alpha': 0.6502684665095223, 'reg_lambda': 0.2245415089089886}. Best is trial 23 with value: 0.758055655670056.
[I 2026-04-12 12:25:46,910] Trial 25 finished with value: 0.7629927810793345 and parameters: {'n_estimators': 363, 'max_depth': 5, 'learning_rate': 0.030480972486828923, 'subsample': 0.9339718295094966, 'colsample_bytree': 0.851647986346155, 'min_child_weight': 3, 'reg_alpha': 0.559156473975909, 'reg_lambda': 0.42390129780150076}. Best is trial 23 with value: 0.758055655670056.
[I 2026-04-12 12:25:49,234] Trial 26 finished with value: 0.7584817516267249 and parameters: {'n_estimators': 213, 'max_depth': 4, 'learning_rate': 0.014564932225149013, 'subsample': 0.8630915327528532, 'colsample_bytree': 0.8046051702868701, 'min_child_weight': 5, 'reg_alpha': 0.8153749039913248, 'reg_lambda': 0.42551016491371785}. Best is trial 23 with value: 0.758055655670056.
[I 2026-04-12 12:25:52,204] Trial 27 finished with value: 0.7769134974356495 and parameters: {'n_estimators': 215, 'max_depth': 6, 'learning_rate': 0.07640787317960433, 'subsample': 0.9230015455705965, 'colsample_bytree': 0.8040776776363233, 'min_child_weight': 5, 'reg_alpha': 0.6601044941009812, 'reg_lambda': 0.4170809088413406}. Best is trial 23 with value: 0.758055655670056.
[I 2026-04-12 12:25:55,233] Trial 28 finished with value: 0.7586507474010828 and parameters: {'n_estimators': 235, 'max_depth': 5, 'learning_rate': 0.013613672222958575, 'subsample': 0.7917121720487018, 'colsample_bytree': 0.7916356202937347, 'min_child_weight': 2, 'reg_alpha': 0.8258727025171899, 'reg_lambda': 0.5719232860890662}. Best is trial 23 with value: 0.758055655670056.
[I 2026-04-12 12:25:57,303] Trial 29 finished with value: 0.7600125924643168 and parameters: {'n_estimators': 196, 'max_depth': 4, 'learning_rate': 0.028589480865881582, 'subsample': 0.8768608903272868, 'colsample_bytree': 0.8756270548146841, 'min_child_weight': 7, 'reg_alpha': 0.46944750637404953, 'reg_lambda': 0.7089338391892792}. Best is trial 23 with value: 0.758055655670056.
[optuna] Best params: {'n_estimators': 281, 'max_depth': 4, 'learning_rate': 0.01554636834777709, 'subsample': 0.8577449651568424, 'colsample_bytree': 0.8634983028493138, 'min_child_weight': 5, 'reg_alpha': 0.7424184181468789, 'reg_lambda': 0.40560961286374814}
[optuna] Optimizing hyperparameters for blocks classification...
[I 2026-04-12 12:32:23,557] A new study created in memory with name: no-name-ded01e05-de72-4252-affa-b59f12f08dd1
[I 2026-04-12 12:32:26,893] Trial 0 finished with value: 0.7570455370548793 and parameters: {'n_estimators': 162, 'max_depth': 4, 'learning_rate': 0.11081803680428647, 'subsample': 0.7180962620338365, 'colsample_bytree': 0.9532982462036077, 'min_child_weight': 9, 'reg_alpha': 0.6243545204037456, 'reg_lambda': 0.2574524185683873}. Best is trial 0 with value: 0.7570455370548793.
[I 2026-04-12 12:32:59,255] Trial 1 finished with value: 0.7266185348142504 and parameters: {'n_estimators': 783, 'max_depth': 10, 'learning_rate': 0.06143007463253679, 'subsample': 0.9565163549506525, 'colsample_bytree': 0.9667572299045635, 'min_child_weight': 7, 'reg_alpha': 0.5006721583012704, 'reg_lambda': 0.021633192269033374}. Best is trial 0 with value: 0.7570455370548793.
[I 2026-04-12 12:33:17,286] Trial 2 finished with value: 0.7530235865073098 and parameters: {'n_estimators': 651, 'max_depth': 7, 'learning_rate': 0.021334243248086138, 'subsample': 0.630547865168025, 'colsample_bytree': 0.715315399661561, 'min_child_weight': 8, 'reg_alpha': 0.6863531588133739, 'reg_lambda': 0.5736460798503572}. Best is trial 0 with value: 0.7570455370548793.
[I 2026-04-12 12:33:27,079] Trial 3 finished with value: 0.7495176615255256 and parameters: {'n_estimators': 216, 'max_depth': 9, 'learning_rate': 0.03810946940795637, 'subsample': 0.7884152079295156, 'colsample_bytree': 0.9118358724657901, 'min_child_weight': 7, 'reg_alpha': 0.955003684381912, 'reg_lambda': 0.8388428271638545}. Best is trial 0 with value: 0.7570455370548793.
[I 2026-04-12 12:33:39,307] Trial 4 finished with value: 0.7558175405393067 and parameters: {'n_estimators': 615, 'max_depth': 4, 'learning_rate': 0.03749305319174429, 'subsample': 0.9567315174444024, 'colsample_bytree': 0.8542103793794126, 'min_child_weight': 2, 'reg_alpha': 0.6236481679467334, 'reg_lambda': 0.8828021743201674}. Best is trial 0 with value: 0.7570455370548793.
[I 2026-04-12 12:33:51,317] Trial 5 finished with value: 0.735008728898711 and parameters: {'n_estimators': 725, 'max_depth': 3, 'learning_rate': 0.2142501265674111, 'subsample': 0.8247382958426288, 'colsample_bytree': 0.8886803810847523, 'min_child_weight': 2, 'reg_alpha': 0.5669494386675117, 'reg_lambda': 0.8661474146758054}. Best is trial 0 with value: 0.7570455370548793.
[I 2026-04-12 12:34:04,095] Trial 6 finished with value: 0.7564196576857465 and parameters: {'n_estimators': 407, 'max_depth': 6, 'learning_rate': 0.010064300964185579, 'subsample': 0.648193435401153, 'colsample_bytree': 0.6629639610996696, 'min_child_weight': 3, 'reg_alpha': 0.31082904398190314, 'reg_lambda': 0.028600242268487786}. Best is trial 0 with value: 0.7570455370548793.
[I 2026-04-12 12:34:37,495] Trial 7 finished with value: 0.7292250275559816 and parameters: {'n_estimators': 866, 'max_depth': 8, 'learning_rate': 0.05585373399154945, 'subsample': 0.6805366234910931, 'colsample_bytree': 0.6896044623730025, 'min_child_weight': 3, 'reg_alpha': 0.3988944834638323, 'reg_lambda': 0.0676145326186417}. Best is trial 0 with value: 0.7570455370548793.
[I 2026-04-12 12:34:56,752] Trial 8 finished with value: 0.7500303745766257 and parameters: {'n_estimators': 734, 'max_depth': 4, 'learning_rate': 0.07777613163744662, 'subsample': 0.8131343411417074, 'colsample_bytree': 0.7268576841126412, 'min_child_weight': 7, 'reg_alpha': 0.21356352946819734, 'reg_lambda': 0.15351728281583954}. Best is trial 0 with value: 0.7570455370548793.
[I 2026-04-12 12:35:17,556] Trial 9 finished with value: 0.756247111161858 and parameters: {'n_estimators': 411, 'max_depth': 7, 'learning_rate': 0.011204580379738168, 'subsample': 0.7038110726197632, 'colsample_bytree': 0.6559858552244918, 'min_child_weight': 8, 'reg_alpha': 0.43303320778795795, 'reg_lambda': 0.5182720845389707}. Best is trial 0 with value: 0.7570455370548793.
[I 2026-04-12 12:35:22,172] Trial 10 finished with value: 0.7490251615742416 and parameters: {'n_estimators': 124, 'max_depth': 5, 'learning_rate': 0.16434684592397378, 'subsample': 0.7517180794679322, 'colsample_bytree': 0.9894668309209649, 'min_child_weight': 10, 'reg_alpha': 0.9005447480688094, 'reg_lambda': 0.28843934042563}. Best is trial 0 with value: 0.7570455370548793.
[I 2026-04-12 12:35:34,734] Trial 11 finished with value: 0.7361847054132523 and parameters: {'n_estimators': 400, 'max_depth': 5, 'learning_rate': 0.12512926827607385, 'subsample': 0.6250260621929326, 'colsample_bytree': 0.6027985740329334, 'min_child_weight': 4, 'reg_alpha': 0.2091506549937446, 'reg_lambda': 0.29911997155096537}. Best is trial 0 with value: 0.7570455370548793.
[I 2026-04-12 12:35:50,697] Trial 12 finished with value: 0.7564055456971626 and parameters: {'n_estimators': 341, 'max_depth': 6, 'learning_rate': 0.01032003969522026, 'subsample': 0.7048733789151695, 'colsample_bytree': 0.8020189130898134, 'min_child_weight': 5, 'reg_alpha': 0.09890180183313615, 'reg_lambda': 0.28806884171286246}. Best is trial 0 with value: 0.7570455370548793.
[I 2026-04-12 12:35:57,546] Trial 13 finished with value: 0.7440461984930795 and parameters: {'n_estimators': 289, 'max_depth': 3, 'learning_rate': 0.2946460779816323, 'subsample': 0.6086666462562379, 'colsample_bytree': 0.7856333260011092, 'min_child_weight': 1, 'reg_alpha': 0.7236590490804387, 'reg_lambda': 0.1829000501010128}. Best is trial 0 with value: 0.7570455370548793.
[I 2026-04-12 12:36:13,570] Trial 14 finished with value: 0.7331404706160596 and parameters: {'n_estimators': 500, 'max_depth': 6, 'learning_rate': 0.10350400973419292, 'subsample': 0.7472378001447816, 'colsample_bytree': 0.790387715039242, 'min_child_weight': 10, 'reg_alpha': 0.3425920494940303, 'reg_lambda': 0.40903137419405733}. Best is trial 0 with value: 0.7570455370548793.
[I 2026-04-12 12:36:19,422] Trial 15 finished with value: 0.7543226668839405 and parameters: {'n_estimators': 138, 'max_depth': 5, 'learning_rate': 0.020379779226474534, 'subsample': 0.8880573910642828, 'colsample_bytree': 0.6052752494203841, 'min_child_weight': 5, 'reg_alpha': 0.834439684230622, 'reg_lambda': 0.004078315509502942}. Best is trial 0 with value: 0.7570455370548793.
[I 2026-04-12 12:36:33,588] Trial 16 finished with value: 0.7577983736195117 and parameters: {'n_estimators': 495, 'max_depth': 4, 'learning_rate': 0.01844326054483768, 'subsample': 0.666324767883174, 'colsample_bytree': 0.842857988134392, 'min_child_weight': 4, 'reg_alpha': 0.013406009775382144, 'reg_lambda': 0.6725561897667138}. Best is trial 16 with value: 0.7577983736195117.
[I 2026-04-12 12:36:47,594] Trial 17 finished with value: 0.756841056875387 and parameters: {'n_estimators': 538, 'max_depth': 4, 'learning_rate': 0.02349200401532124, 'subsample': 0.7518478331209726, 'colsample_bytree': 0.9361747343077822, 'min_child_weight': 9, 'reg_alpha': 0.008974481047249589, 'reg_lambda': 0.6753272501317806}. Best is trial 16 with value: 0.7577983736195117.
[I 2026-04-12 12:37:10,086] Trial 18 finished with value: 0.7525246474330909 and parameters: {'n_estimators': 953, 'max_depth': 4, 'learning_rate': 0.03566974018651714, 'subsample': 0.6826782023353519, 'colsample_bytree': 0.8517562023153653, 'min_child_weight': 6, 'reg_alpha': 0.5331044410339518, 'reg_lambda': 0.6939700067541424}. Best is trial 16 with value: 0.7577983736195117.
[I 2026-04-12 12:37:15,300] Trial 19 finished with value: 0.7560014358061103 and parameters: {'n_estimators': 222, 'max_depth': 3, 'learning_rate': 0.09832788514374792, 'subsample': 0.8527344498663543, 'colsample_bytree': 0.8496763657720544, 'min_child_weight': 4, 'reg_alpha': 0.7898856644463212, 'reg_lambda': 0.4214255110515209}. Best is trial 16 with value: 0.7577983736195117.
[I 2026-04-12 12:37:38,643] Trial 20 finished with value: 0.7578570017493289 and parameters: {'n_estimators': 480, 'max_depth': 5, 'learning_rate': 0.014555192191012074, 'subsample': 0.7261678296738285, 'colsample_bytree': 0.9466162526572649, 'min_child_weight': 6, 'reg_alpha': 0.0010860179292557226, 'reg_lambda': 0.706697664989426}. Best is trial 20 with value: 0.7578570017493289.
[I 2026-04-12 12:37:53,622] Trial 21 finished with value: 0.7580000314012871 and parameters: {'n_estimators': 487, 'max_depth': 5, 'learning_rate': 0.01653677580474115, 'subsample': 0.725643424118126, 'colsample_bytree': 0.946028031290856, 'min_child_weight': 6, 'reg_alpha': 0.013672027771084554, 'reg_lambda': 0.7207540678211111}. Best is trial 21 with value: 0.7580000314012871.
[I 2026-04-12 12:38:08,938] Trial 22 finished with value: 0.7572781567086138 and parameters: {'n_estimators': 492, 'max_depth': 5, 'learning_rate': 0.015938207408634518, 'subsample': 0.6585637556429552, 'colsample_bytree': 0.8982854993946643, 'min_child_weight': 6, 'reg_alpha': 0.030683248682876352, 'reg_lambda': 0.7361650038234138}. Best is trial 21 with value: 0.7580000314012871.
[I 2026-04-12 12:38:26,419] Trial 23 finished with value: 0.7573819601024845 and parameters: {'n_estimators': 582, 'max_depth': 5, 'learning_rate': 0.016119531714741255, 'subsample': 0.7646967652269284, 'colsample_bytree': 0.9935343115014404, 'min_child_weight': 4, 'reg_alpha': 0.12435160786504262, 'reg_lambda': 0.9662252739185327}. Best is trial 21 with value: 0.7580000314012871.
[I 2026-04-12 12:38:42,309] Trial 24 finished with value: 0.7532526232369965 and parameters: {'n_estimators': 470, 'max_depth': 6, 'learning_rate': 0.02818968571365586, 'subsample': 0.7147840891560839, 'colsample_bytree': 0.9353388245533333, 'min_child_weight': 5, 'reg_alpha': 0.14496977278028103, 'reg_lambda': 0.5701529209537657}. Best is trial 21 with value: 0.7580000314012871.
[I 2026-04-12 12:38:56,915] Trial 25 finished with value: 0.7547744871268158 and parameters: {'n_estimators': 323, 'max_depth': 7, 'learning_rate': 0.014494065764024237, 'subsample': 0.6768004327903023, 'colsample_bytree': 0.8697092676094943, 'min_child_weight': 6, 'reg_alpha': 0.004024430159259733, 'reg_lambda': 0.7590588608131368}. Best is trial 21 with value: 0.7580000314012871.
[I 2026-04-12 12:39:15,772] Trial 26 finished with value: 0.7570722906811407 and parameters: {'n_estimators': 632, 'max_depth': 5, 'learning_rate': 0.0139683263658889, 'subsample': 0.7238646130317485, 'colsample_bytree': 0.8188965321519258, 'min_child_weight': 3, 'reg_alpha': 0.24126343129895694, 'reg_lambda': 0.6386839851068984}. Best is trial 21 with value: 0.7580000314012871.
[I 2026-04-12 12:39:25,968] Trial 27 finished with value: 0.756772727809705 and parameters: {'n_estimators': 454, 'max_depth': 3, 'learning_rate': 0.0280798727972976, 'subsample': 0.7827066845539535, 'colsample_bytree': 0.9200621923102297, 'min_child_weight': 5, 'reg_alpha': 0.11651642971018905, 'reg_lambda': 0.8019415922229389}. Best is trial 21 with value: 0.7580000314012871.
[I 2026-04-12 12:39:42,064] Trial 28 finished with value: 0.7574348758345277 and parameters: {'n_estimators': 571, 'max_depth': 4, 'learning_rate': 0.018328982900026058, 'subsample': 0.8588467569809102, 'colsample_bytree': 0.9696402474033397, 'min_child_weight': 6, 'reg_alpha': 0.07282896991252924, 'reg_lambda': 0.9808081084598492}. Best is trial 21 with value: 0.7580000314012871.
[I 2026-04-12 12:39:55,787] Trial 29 finished with value: 0.7572554085210281 and parameters: {'n_estimators': 538, 'max_depth': 4, 'learning_rate': 0.027480871190710805, 'subsample': 0.7230714127615859, 'colsample_bytree': 0.7688343163928472, 'min_child_weight': 8, 'reg_alpha': 0.16869262161152782, 'reg_lambda': 0.6116151709152257}. Best is trial 21 with value: 0.7580000314012871.
[optuna] Best params: {'n_estimators': 487, 'max_depth': 5, 'learning_rate': 0.01653677580474115, 'subsample': 0.725643424118126, 'colsample_bytree': 0.946028031290856, 'min_child_weight': 6, 'reg_alpha': 0.013672027771084554, 'reg_lambda': 0.7207540678211111}
[wf] turnovers: auc_raw=0.730 brier_raw=0.209 auc_cal=0.721 brier_cal=0.203 folds=5
[optuna] Optimizing hyperparameters for turnovers regression...
[I 2026-04-12 12:54:15,564] A new study created in memory with name: no-name-4ff913f8-deef-407f-8d6a-b4c7a74509b0
[I 2026-04-12 12:54:45,224] Trial 0 finished with value: 1.327792124152017 and parameters: {'n_estimators': 481, 'max_depth': 10, 'learning_rate': 0.09602630122471965, 'subsample': 0.7662476892255513, 'colsample_bytree': 0.7254124615718819, 'min_child_weight': 2, 'reg_alpha': 0.31449465903720697, 'reg_lambda': 0.13499378779328586}. Best is trial 0 with value: 1.327792124152017.
[I 2026-04-12 12:55:24,315] Trial 1 finished with value: 1.3533392790546266 and parameters: {'n_estimators': 546, 'max_depth': 10, 'learning_rate': 0.13692145937867425, 'subsample': 0.6520409355348864, 'colsample_bytree': 0.9295240381681029, 'min_child_weight': 1, 'reg_alpha': 0.23049256503052906, 'reg_lambda': 0.4354255420404759}. Best is trial 0 with value: 1.327792124152017.
[I 2026-04-12 12:55:35,413] Trial 2 finished with value: 1.262628561576616 and parameters: {'n_estimators': 550, 'max_depth': 7, 'learning_rate': 0.04185908528532036, 'subsample': 0.7632955146426726, 'colsample_bytree': 0.8070499127004258, 'min_child_weight': 2, 'reg_alpha': 0.24344386813050656, 'reg_lambda': 0.8168599252320602}. Best is trial 2 with value: 1.262628561576616.
[I 2026-04-12 12:55:52,200] Trial 3 finished with value: 1.2766055920606505 and parameters: {'n_estimators': 779, 'max_depth': 7, 'learning_rate': 0.04863503611517491, 'subsample': 0.8173544282236634, 'colsample_bytree': 0.6999177004797831, 'min_child_weight': 2, 'reg_alpha': 0.43269336295610905, 'reg_lambda': 0.6860277392245983}. Best is trial 2 with value: 1.262628561576616.
[I 2026-04-12 12:55:59,845] Trial 4 finished with value: 1.2976593644934777 and parameters: {'n_estimators': 789, 'max_depth': 4, 'learning_rate': 0.13115593452845437, 'subsample': 0.6433848225915844, 'colsample_bytree': 0.7357532598917434, 'min_child_weight': 10, 'reg_alpha': 0.26676804002222043, 'reg_lambda': 0.9719126359779949}. Best is trial 2 with value: 1.262628561576616.
[I 2026-04-12 12:56:08,142] Trial 5 finished with value: 1.2836686963659538 and parameters: {'n_estimators': 196, 'max_depth': 10, 'learning_rate': 0.06508312254719462, 'subsample': 0.9593603126547201, 'colsample_bytree': 0.9465908955576097, 'min_child_weight': 10, 'reg_alpha': 0.438005563157299, 'reg_lambda': 0.035643971204465275}. Best is trial 2 with value: 1.262628561576616.
[I 2026-04-12 12:56:46,853] Trial 6 finished with value: 1.2694843086610423 and parameters: {'n_estimators': 818, 'max_depth': 10, 'learning_rate': 0.01953677213402803, 'subsample': 0.8678436498044009, 'colsample_bytree': 0.9224501563865639, 'min_child_weight': 6, 'reg_alpha': 0.11513815840979946, 'reg_lambda': 0.9739407838250552}. Best is trial 2 with value: 1.262628561576616.
[I 2026-04-12 12:56:54,050] Trial 7 finished with value: 1.2489873345815772 and parameters: {'n_estimators': 822, 'max_depth': 3, 'learning_rate': 0.010149750341870016, 'subsample': 0.8924707750541645, 'colsample_bytree': 0.8032398216876628, 'min_child_weight': 1, 'reg_alpha': 0.25370666976875667, 'reg_lambda': 0.9975099112660204}. Best is trial 7 with value: 1.2489873345815772.
[I 2026-04-12 12:57:01,354] Trial 8 finished with value: 1.3617800736073575 and parameters: {'n_estimators': 231, 'max_depth': 9, 'learning_rate': 0.20121544695215052, 'subsample': 0.7502254838093588, 'colsample_bytree': 0.6336420864789092, 'min_child_weight': 9, 'reg_alpha': 0.7494935395895913, 'reg_lambda': 0.975203072455891}. Best is trial 7 with value: 1.2489873345815772.
[I 2026-04-12 12:57:13,443] Trial 9 finished with value: 1.3153854094091608 and parameters: {'n_estimators': 328, 'max_depth': 9, 'learning_rate': 0.09573620960035255, 'subsample': 0.6492515722548414, 'colsample_bytree': 0.7330909196148827, 'min_child_weight': 5, 'reg_alpha': 0.6926856185628716, 'reg_lambda': 0.31968748469586794}. Best is trial 7 with value: 1.2489873345815772.
[I 2026-04-12 12:57:22,228] Trial 10 finished with value: 1.2492132867137848 and parameters: {'n_estimators': 971, 'max_depth': 3, 'learning_rate': 0.010752037548328925, 'subsample': 0.9981537688740328, 'colsample_bytree': 0.8439300828079273, 'min_child_weight': 5, 'reg_alpha': 0.00488251545732965, 'reg_lambda': 0.6310455298515224}. Best is trial 7 with value: 1.2489873345815772.
[I 2026-04-12 12:57:31,796] Trial 11 finished with value: 1.2488189996108292 and parameters: {'n_estimators': 992, 'max_depth': 3, 'learning_rate': 0.01002962792908547, 'subsample': 0.9883939301295113, 'colsample_bytree': 0.8476303204403902, 'min_child_weight': 5, 'reg_alpha': 0.010904516789124996, 'reg_lambda': 0.6809716867967774}. Best is trial 11 with value: 1.2488189996108292.
[I 2026-04-12 12:57:44,408] Trial 12 finished with value: 1.2468212318670742 and parameters: {'n_estimators': 987, 'max_depth': 5, 'learning_rate': 0.010754192458101436, 'subsample': 0.9016150559710884, 'colsample_bytree': 0.8550472440466245, 'min_child_weight': 7, 'reg_alpha': 0.977370904549772, 'reg_lambda': 0.7771209206581345}. Best is trial 12 with value: 1.2468212318670742.
[I 2026-04-12 12:57:55,945] Trial 13 finished with value: 1.2482279636324258 and parameters: {'n_estimators': 991, 'max_depth': 5, 'learning_rate': 0.020943959252299978, 'subsample': 0.9228116791997875, 'colsample_bytree': 0.8754559530473668, 'min_child_weight': 7, 'reg_alpha': 0.9773657432284222, 'reg_lambda': 0.7406835278535261}. Best is trial 12 with value: 1.2468212318670742.
[I 2026-04-12 12:58:05,797] Trial 14 finished with value: 1.250968896919508 and parameters: {'n_estimators': 687, 'max_depth': 5, 'learning_rate': 0.022271250765760482, 'subsample': 0.9196456690626537, 'colsample_bytree': 0.9954937628776108, 'min_child_weight': 7, 'reg_alpha': 0.9974655227600687, 'reg_lambda': 0.7835668968061831}. Best is trial 12 with value: 1.2468212318670742.
[I 2026-04-12 12:58:19,463] Trial 15 finished with value: 1.2493452479282023 and parameters: {'n_estimators': 918, 'max_depth': 5, 'learning_rate': 0.021409852066442987, 'subsample': 0.8399620745452264, 'colsample_bytree': 0.8829767575703941, 'min_child_weight': 8, 'reg_alpha': 0.9922553495165799, 'reg_lambda': 0.5344694528957145}. Best is trial 12 with value: 1.2468212318670742.
[I 2026-04-12 12:58:30,824] Trial 16 finished with value: 1.249300646207258 and parameters: {'n_estimators': 669, 'max_depth': 6, 'learning_rate': 0.016487953928262047, 'subsample': 0.9291544667615129, 'colsample_bytree': 0.8632030635769101, 'min_child_weight': 7, 'reg_alpha': 0.8296054750155967, 'reg_lambda': 0.8334423269695458}. Best is trial 12 with value: 1.2468212318670742.
[I 2026-04-12 12:58:36,950] Trial 17 finished with value: 1.2501480269868135 and parameters: {'n_estimators': 398, 'max_depth': 6, 'learning_rate': 0.030913032740666164, 'subsample': 0.8887335980677344, 'colsample_bytree': 0.7781144876717454, 'min_child_weight': 4, 'reg_alpha': 0.8600861500002664, 'reg_lambda': 0.5238605581004642}. Best is trial 12 with value: 1.2468212318670742.
[I 2026-04-12 12:58:47,634] Trial 18 finished with value: 1.2490309644527984 and parameters: {'n_estimators': 884, 'max_depth': 5, 'learning_rate': 0.01373054519104363, 'subsample': 0.7110677158674029, 'colsample_bytree': 0.8961044828021192, 'min_child_weight': 7, 'reg_alpha': 0.6130895594438317, 'reg_lambda': 0.3650514919021869}. Best is trial 12 with value: 1.2468212318670742.
[I 2026-04-12 12:58:54,300] Trial 19 finished with value: 1.2465248423377 and parameters: {'n_estimators': 672, 'max_depth': 4, 'learning_rate': 0.03159061701125955, 'subsample': 0.8385789082993755, 'colsample_bytree': 0.9855788345040205, 'min_child_weight': 8, 'reg_alpha': 0.8775644976821606, 'reg_lambda': 0.7663413010183452}. Best is trial 19 with value: 1.2465248423377.
[I 2026-04-12 12:59:01,533] Trial 20 finished with value: 1.2493358083900346 and parameters: {'n_estimators': 726, 'max_depth': 4, 'learning_rate': 0.03383185286677689, 'subsample': 0.8103850316021844, 'colsample_bytree': 0.9995398751786042, 'min_child_weight': 9, 'reg_alpha': 0.8764686811962069, 'reg_lambda': 0.8735992870354553}. Best is trial 19 with value: 1.2465248423377.
[I 2026-04-12 12:59:10,560] Trial 21 finished with value: 1.2477659007067006 and parameters: {'n_estimators': 895, 'max_depth': 4, 'learning_rate': 0.029153819218828817, 'subsample': 0.8555710049134815, 'colsample_bytree': 0.9681361410996694, 'min_child_weight': 8, 'reg_alpha': 0.9197827411468975, 'reg_lambda': 0.7373054888456833}. Best is trial 19 with value: 1.2465248423377.
[I 2026-04-12 12:59:17,189] Trial 22 finished with value: 1.2487527627046406 and parameters: {'n_estimators': 643, 'max_depth': 4, 'learning_rate': 0.03215592617006832, 'subsample': 0.8539271486543891, 'colsample_bytree': 0.9635963422746586, 'min_child_weight': 8, 'reg_alpha': 0.5948307460140203, 'reg_lambda': 0.6159037187887293}. Best is trial 19 with value: 1.2465248423377.
[I 2026-04-12 12:59:25,761] Trial 23 finished with value: 1.2565438102843232 and parameters: {'n_estimators': 888, 'max_depth': 4, 'learning_rate': 0.06310024303099666, 'subsample': 0.8341224760716841, 'colsample_bytree': 0.9712894683563613, 'min_child_weight': 8, 'reg_alpha': 0.7797304860732779, 'reg_lambda': 0.7644264649418834}. Best is trial 19 with value: 1.2465248423377.
[I 2026-04-12 12:59:35,574] Trial 24 finished with value: 1.2483132697399477 and parameters: {'n_estimators': 600, 'max_depth': 6, 'learning_rate': 0.01454650305248346, 'subsample': 0.8705597554222108, 'colsample_bytree': 0.9164464939127032, 'min_child_weight': 9, 'reg_alpha': 0.8809103464689028, 'reg_lambda': 0.8683299292074922}. Best is trial 19 with value: 1.2465248423377.
[I 2026-04-12 12:59:44,428] Trial 25 finished with value: 1.2486553930972284 and parameters: {'n_estimators': 903, 'max_depth': 4, 'learning_rate': 0.0270605964010149, 'subsample': 0.7738617731192385, 'colsample_bytree': 0.9652296783296064, 'min_child_weight': 6, 'reg_alpha': 0.9133348866302387, 'reg_lambda': 0.5923463883205756}. Best is trial 19 with value: 1.2465248423377.
[I 2026-04-12 12:59:52,938] Trial 26 finished with value: 1.2537980550936547 and parameters: {'n_estimators': 742, 'max_depth': 5, 'learning_rate': 0.042552437372343876, 'subsample': 0.9512655733240541, 'colsample_bytree': 0.9074964227829646, 'min_child_weight': 8, 'reg_alpha': 0.7016218674842611, 'reg_lambda': 0.8989352242218988}. Best is trial 19 with value: 1.2465248423377.
[I 2026-04-12 13:00:01,455] Trial 27 finished with value: 1.2515458886727089 and parameters: {'n_estimators': 850, 'max_depth': 3, 'learning_rate': 0.07569522805434128, 'subsample': 0.7943291325685072, 'colsample_bytree': 0.6198665520971023, 'min_child_weight': 6, 'reg_alpha': 0.9328868893959321, 'reg_lambda': 0.704985622893343}. Best is trial 19 with value: 1.2465248423377.
[I 2026-04-12 13:00:23,790] Trial 28 finished with value: 1.4195808585809582 and parameters: {'n_estimators': 928, 'max_depth': 7, 'learning_rate': 0.2973664620080327, 'subsample': 0.8857443776236502, 'colsample_bytree': 0.8255422656006349, 'min_child_weight': 4, 'reg_alpha': 0.7969004103797045, 'reg_lambda': 0.46958283571180676}. Best is trial 19 with value: 1.2465248423377.
[I 2026-04-12 13:00:30,002] Trial 29 finished with value: 1.2475739595988689 and parameters: {'n_estimators': 588, 'max_depth': 4, 'learning_rate': 0.03761974961143057, 'subsample': 0.7165264820176523, 'colsample_bytree': 0.7729128801325916, 'min_child_weight': 9, 'reg_alpha': 0.6008478551308339, 'reg_lambda': 0.19849365186472717}. Best is trial 19 with value: 1.2465248423377.
[optuna] Best params: {'n_estimators': 672, 'max_depth': 4, 'learning_rate': 0.03159061701125955, 'subsample': 0.8385789082993755, 'colsample_bytree': 0.9855788345040205, 'min_child_weight': 8, 'reg_alpha': 0.8775644976821606, 'reg_lambda': 0.7663413010183452}
[optuna] Optimizing hyperparameters for turnovers classification...
[I 2026-04-12 13:13:21,605] A new study created in memory with name: no-name-e19a7cf0-3274-4b41-a3cf-cb3fe0c2634a
[I 2026-04-12 13:13:40,569] Trial 0 finished with value: 0.7354661694472822 and parameters: {'n_estimators': 706, 'max_depth': 6, 'learning_rate': 0.07316810535154256, 'subsample': 0.9763107650803398, 'colsample_bytree': 0.9637494878349899, 'min_child_weight': 4, 'reg_alpha': 0.3334220339598444, 'reg_lambda': 0.11768733692075595}. Best is trial 0 with value: 0.7354661694472822.
[I 2026-04-12 13:14:06,748] Trial 1 finished with value: 0.7305975853254049 and parameters: {'n_estimators': 805, 'max_depth': 7, 'learning_rate': 0.08639360032198003, 'subsample': 0.6679536094891034, 'colsample_bytree': 0.8798231775958076, 'min_child_weight': 10, 'reg_alpha': 0.6584951564368833, 'reg_lambda': 0.4394717892532679}. Best is trial 0 with value: 0.7354661694472822.
[I 2026-04-12 13:14:33,298] Trial 2 finished with value: 0.723156914765652 and parameters: {'n_estimators': 492, 'max_depth': 10, 'learning_rate': 0.15864698112293263, 'subsample': 0.7329809593162527, 'colsample_bytree': 0.8119154547818836, 'min_child_weight': 10, 'reg_alpha': 0.5998723196001576, 'reg_lambda': 0.3863416917590682}. Best is trial 0 with value: 0.7354661694472822.
[I 2026-04-12 13:14:52,408] Trial 3 finished with value: 0.737554016282517 and parameters: {'n_estimators': 543, 'max_depth': 7, 'learning_rate': 0.07014954178339831, 'subsample': 0.9081332519434513, 'colsample_bytree': 0.7807403458461232, 'min_child_weight': 7, 'reg_alpha': 0.6901015023123572, 'reg_lambda': 0.344542390362679}. Best is trial 3 with value: 0.737554016282517.
[I 2026-04-12 13:15:25,492] Trial 4 finished with value: 0.7349583363370888 and parameters: {'n_estimators': 549, 'max_depth': 10, 'learning_rate': 0.04968168617733199, 'subsample': 0.983265152060856, 'colsample_bytree': 0.8051417230874988, 'min_child_weight': 8, 'reg_alpha': 0.289093007989187, 'reg_lambda': 0.8866974210075785}. Best is trial 3 with value: 0.737554016282517.
[I 2026-04-12 13:16:01,651] Trial 5 finished with value: 0.7360534659178708 and parameters: {'n_estimators': 709, 'max_depth': 8, 'learning_rate': 0.055128620151150526, 'subsample': 0.6591200552377203, 'colsample_bytree': 0.9583205899656234, 'min_child_weight': 3, 'reg_alpha': 0.2958324898979985, 'reg_lambda': 0.9445439782436946}. Best is trial 3 with value: 0.737554016282517.
[I 2026-04-12 13:16:27,607] Trial 6 finished with value: 0.7449795134293735 and parameters: {'n_estimators': 976, 'max_depth': 4, 'learning_rate': 0.07007977159508068, 'subsample': 0.6594781096697026, 'colsample_bytree': 0.8183095996134887, 'min_child_weight': 7, 'reg_alpha': 0.77733966847533, 'reg_lambda': 0.8851949090074541}. Best is trial 6 with value: 0.7449795134293735.
[I 2026-04-12 13:16:32,494] Trial 7 finished with value: 0.7422323046230138 and parameters: {'n_estimators': 113, 'max_depth': 4, 'learning_rate': 0.021905235187213684, 'subsample': 0.7635433087542993, 'colsample_bytree': 0.6189116608863472, 'min_child_weight': 8, 'reg_alpha': 0.7908965889457859, 'reg_lambda': 0.8839000018669156}. Best is trial 6 with value: 0.7449795134293735.
[I 2026-04-12 13:16:41,161] Trial 8 finished with value: 0.7525441658802164 and parameters: {'n_estimators': 311, 'max_depth': 3, 'learning_rate': 0.05360984008415663, 'subsample': 0.9588602665891905, 'colsample_bytree': 0.944973376181511, 'min_child_weight': 5, 'reg_alpha': 0.2178079892621193, 'reg_lambda': 0.6040374530774509}. Best is trial 8 with value: 0.7525441658802164.
[I 2026-04-12 13:16:55,599] Trial 9 finished with value: 0.7354789986992576 and parameters: {'n_estimators': 282, 'max_depth': 8, 'learning_rate': 0.09140880980451811, 'subsample': 0.6747110540092016, 'colsample_bytree': 0.6132154851511369, 'min_child_weight': 4, 'reg_alpha': 0.3427124402944224, 'reg_lambda': 0.8431849556361402}. Best is trial 8 with value: 0.7525441658802164.
[I 2026-04-12 13:17:05,392] Trial 10 finished with value: 0.7463256406538428 and parameters: {'n_estimators': 315, 'max_depth': 3, 'learning_rate': 0.01567716442512233, 'subsample': 0.8533831137706793, 'colsample_bytree': 0.7134293441550916, 'min_child_weight': 1, 'reg_alpha': 0.02508560176957031, 'reg_lambda': 0.6767241654038246}. Best is trial 8 with value: 0.7525441658802164.
[I 2026-04-12 13:17:13,679] Trial 11 finished with value: 0.7396745992634326 and parameters: {'n_estimators': 283, 'max_depth': 3, 'learning_rate': 0.01023248386366248, 'subsample': 0.8628318561457715, 'colsample_bytree': 0.7132866465442024, 'min_child_weight': 1, 'reg_alpha': 0.016848743668250177, 'reg_lambda': 0.6110342527212721}. Best is trial 8 with value: 0.7525441658802164.
[I 2026-04-12 13:17:22,922] Trial 12 finished with value: 0.7500355195801892 and parameters: {'n_estimators': 337, 'max_depth': 3, 'learning_rate': 0.02497289939971211, 'subsample': 0.8594194101178958, 'colsample_bytree': 0.7044484150914133, 'min_child_weight': 1, 'reg_alpha': 0.006965257632404909, 'reg_lambda': 0.6391991841435376}. Best is trial 8 with value: 0.7525441658802164.
[I 2026-04-12 13:17:37,008] Trial 13 finished with value: 0.751798825341373 and parameters: {'n_estimators': 408, 'max_depth': 5, 'learning_rate': 0.026198681677406986, 'subsample': 0.9135098525604419, 'colsample_bytree': 0.8974344366766341, 'min_child_weight': 3, 'reg_alpha': 0.1621719269286137, 'reg_lambda': 0.647262740524003}. Best is trial 8 with value: 0.7525441658802164.
[I 2026-04-12 13:17:42,519] Trial 14 finished with value: 0.7500577706348152 and parameters: {'n_estimators': 130, 'max_depth': 5, 'learning_rate': 0.03509332401770515, 'subsample': 0.9291176676201593, 'colsample_bytree': 0.8970791185658716, 'min_child_weight': 5, 'reg_alpha': 0.1527344753811642, 'reg_lambda': 0.1702512525314947}. Best is trial 8 with value: 0.7525441658802164.
[I 2026-04-12 13:17:53,833] Trial 15 finished with value: 0.7250081080872484 and parameters: {'n_estimators': 378, 'max_depth': 5, 'learning_rate': 0.29711158298389956, 'subsample': 0.921651082020692, 'colsample_bytree': 0.9940966506425868, 'min_child_weight': 3, 'reg_alpha': 0.500609718181946, 'reg_lambda': 0.732359129448779}. Best is trial 8 with value: 0.7525441658802164.
[I 2026-04-12 13:18:07,143] Trial 16 finished with value: 0.7512212791022856 and parameters: {'n_estimators': 410, 'max_depth': 5, 'learning_rate': 0.03479202928976596, 'subsample': 0.9978331032127301, 'colsample_bytree': 0.8889190696405839, 'min_child_weight': 6, 'reg_alpha': 0.9504208647560937, 'reg_lambda': 0.548804803015784}. Best is trial 8 with value: 0.7525441658802164.
[I 2026-04-12 13:18:13,149] Trial 17 finished with value: 0.7484826997639746 and parameters: {'n_estimators': 204, 'max_depth': 4, 'learning_rate': 0.14525116006174155, 'subsample': 0.8253293579918738, 'colsample_bytree': 0.920497182497596, 'min_child_weight': 3, 'reg_alpha': 0.1755396066775847, 'reg_lambda': 0.7717939167421318}. Best is trial 8 with value: 0.7525441658802164.
[I 2026-04-12 13:18:35,692] Trial 18 finished with value: 0.7492157775906099 and parameters: {'n_estimators': 656, 'max_depth': 6, 'learning_rate': 0.03504299637465414, 'subsample': 0.9436610887353729, 'colsample_bytree': 0.8565955970236592, 'min_child_weight': 5, 'reg_alpha': 0.16034446131687238, 'reg_lambda': 0.271295427691145}. Best is trial 8 with value: 0.7525441658802164.
[I 2026-04-12 13:18:49,875] Trial 19 finished with value: 0.7516770808718276 and parameters: {'n_estimators': 437, 'max_depth': 4, 'learning_rate': 0.015571235266888491, 'subsample': 0.6005248415701804, 'colsample_bytree': 0.9413599472189951, 'min_child_weight': 2, 'reg_alpha': 0.44363966641235164, 'reg_lambda': 0.5182713540424684}. Best is trial 8 with value: 0.7525441658802164.
[I 2026-04-12 13:18:56,548] Trial 20 finished with value: 0.749014257753261 and parameters: {'n_estimators': 191, 'max_depth': 5, 'learning_rate': 0.13099824585053732, 'subsample': 0.8983523076841732, 'colsample_bytree': 0.8505926816159378, 'min_child_weight': 4, 'reg_alpha': 0.4330878073807635, 'reg_lambda': 0.47320378223204296}. Best is trial 8 with value: 0.7525441658802164.
[I 2026-04-12 13:19:11,215] Trial 21 finished with value: 0.7515928635038203 and parameters: {'n_estimators': 449, 'max_depth': 4, 'learning_rate': 0.013815475788310237, 'subsample': 0.6189534149593326, 'colsample_bytree': 0.9347921575221797, 'min_child_weight': 2, 'reg_alpha': 0.4662893035547431, 'reg_lambda': 0.522620393679988}. Best is trial 8 with value: 0.7525441658802164.
[I 2026-04-12 13:19:23,543] Trial 22 finished with value: 0.7512460180054549 and parameters: {'n_estimators': 465, 'max_depth': 3, 'learning_rate': 0.021231273362952722, 'subsample': 0.7724423460589872, 'colsample_bytree': 0.9872886784475039, 'min_child_weight': 2, 'reg_alpha': 0.2221672858939085, 'reg_lambda': 0.6099171861464192}. Best is trial 8 with value: 0.7525441658802164.
[I 2026-04-12 13:19:42,039] Trial 23 finished with value: 0.7527516179636787 and parameters: {'n_estimators': 610, 'max_depth': 4, 'learning_rate': 0.01603350093578852, 'subsample': 0.7152598698220346, 'colsample_bytree': 0.9227193949260691, 'min_child_weight': 2, 'reg_alpha': 0.5281959271100883, 'reg_lambda': 0.7504997128846209}. Best is trial 23 with value: 0.7527516179636787.
[I 2026-04-12 13:20:03,723] Trial 24 finished with value: 0.7508197502003005 and parameters: {'n_estimators': 603, 'max_depth': 6, 'learning_rate': 0.026800999455702985, 'subsample': 0.7271520972115666, 'colsample_bytree': 0.9109698492970979, 'min_child_weight': 6, 'reg_alpha': 0.5381953375655724, 'reg_lambda': 0.7662819107758533}. Best is trial 23 with value: 0.7527516179636787.
[I 2026-04-12 13:20:24,381] Trial 25 finished with value: 0.7504053715195369 and parameters: {'n_estimators': 800, 'max_depth': 3, 'learning_rate': 0.010575020113126435, 'subsample': 0.9557464968605726, 'colsample_bytree': 0.8518853526949459, 'min_child_weight': 3, 'reg_alpha': 0.10208758441218967, 'reg_lambda': 0.7149686726468846}. Best is trial 23 with value: 0.7527516179636787.
[I 2026-04-12 13:20:32,725] Trial 26 finished with value: 0.7514354188182178 and parameters: {'n_estimators': 228, 'max_depth': 5, 'learning_rate': 0.046373170902805974, 'subsample': 0.8112413602655163, 'colsample_bytree': 0.968851337754048, 'min_child_weight': 4, 'reg_alpha': 0.2399329087444551, 'reg_lambda': 0.8076570039666789}. Best is trial 23 with value: 0.7527516179636787.
[I 2026-04-12 13:20:51,166] Trial 27 finished with value: 0.7529731842769942 and parameters: {'n_estimators': 609, 'max_depth': 4, 'learning_rate': 0.02005906810631835, 'subsample': 0.7184456467558655, 'colsample_bytree': 0.9268879172362599, 'min_child_weight': 5, 'reg_alpha': 0.3693207599593977, 'reg_lambda': 0.9968896693065301}. Best is trial 27 with value: 0.7529731842769942.
[I 2026-04-12 13:21:10,669] Trial 28 finished with value: 0.7525921493352846 and parameters: {'n_estimators': 632, 'max_depth': 4, 'learning_rate': 0.016719683726334006, 'subsample': 0.6971226340206731, 'colsample_bytree': 0.758394065941051, 'min_child_weight': 5, 'reg_alpha': 0.39734683550106376, 'reg_lambda': 0.959602227225343}. Best is trial 27 with value: 0.7529731842769942.
[I 2026-04-12 13:21:38,463] Trial 29 finished with value: 0.7519584910270775 and parameters: {'n_estimators': 743, 'max_depth': 6, 'learning_rate': 0.018420126544775716, 'subsample': 0.7164258239508179, 'colsample_bytree': 0.7639233994653157, 'min_child_weight': 7, 'reg_alpha': 0.36434816737148146, 'reg_lambda': 0.9731013654400971}. Best is trial 27 with value: 0.7529731842769942.
[optuna] Best params: {'n_estimators': 609, 'max_depth': 4, 'learning_rate': 0.02005906810631835, 'subsample': 0.7184456467558655, 'colsample_bytree': 0.9268879172362599, 'min_child_weight': 5, 'reg_alpha': 0.3693207599593977, 'reg_lambda': 0.9968896693065301}
[wf] three_pointers: auc_raw=0.734 brier_raw=0.203 auc_cal=0.727 brier_cal=0.197 folds=5
[optuna] Optimizing hyperparameters for three_pointers regression...
[I 2026-04-12 13:35:31,414] A new study created in memory with name: no-name-b7cba7d6-de44-47c1-8c32-88f55082e9c9
[I 2026-04-12 13:35:36,709] Trial 0 finished with value: 1.3486703243713027 and parameters: {'n_estimators': 162, 'max_depth': 10, 'learning_rate': 0.02866313920446222, 'subsample': 0.6662621504204064, 'colsample_bytree': 0.9962833262075166, 'min_child_weight': 9, 'reg_alpha': 0.010203415391874637, 'reg_lambda': 0.2124670530460151}. Best is trial 0 with value: 1.3486703243713027.
[I 2026-04-12 13:35:39,748] Trial 1 finished with value: 1.3437057991500116 and parameters: {'n_estimators': 326, 'max_depth': 5, 'learning_rate': 0.04639663727055722, 'subsample': 0.6951767239911885, 'colsample_bytree': 0.6938589635409488, 'min_child_weight': 1, 'reg_alpha': 0.7698336524499001, 'reg_lambda': 0.9089233581025624}. Best is trial 1 with value: 1.3437057991500116.
[I 2026-04-12 13:35:56,612] Trial 2 finished with value: 1.3713188119536943 and parameters: {'n_estimators': 492, 'max_depth': 10, 'learning_rate': 0.028413494037797294, 'subsample': 0.8965536398736055, 'colsample_bytree': 0.9760592981516185, 'min_child_weight': 5, 'reg_alpha': 0.18701276167692304, 'reg_lambda': 0.5612079724119788}. Best is trial 1 with value: 1.3437057991500116.
[I 2026-04-12 13:35:58,094] Trial 3 finished with value: 1.3403140620278937 and parameters: {'n_estimators': 155, 'max_depth': 4, 'learning_rate': 0.04003778582091012, 'subsample': 0.6139916608421142, 'colsample_bytree': 0.9285880788165075, 'min_child_weight': 3, 'reg_alpha': 0.248059652143499, 'reg_lambda': 0.7440654664918736}. Best is trial 3 with value: 1.3403140620278937.
[I 2026-04-12 13:36:05,859] Trial 4 finished with value: 1.3709153240444558 and parameters: {'n_estimators': 258, 'max_depth': 10, 'learning_rate': 0.04466903735089326, 'subsample': 0.7160264016494352, 'colsample_bytree': 0.7572391392805419, 'min_child_weight': 8, 'reg_alpha': 0.28166684068493775, 'reg_lambda': 0.7845833415113483}. Best is trial 3 with value: 1.3403140620278937.
[I 2026-04-12 13:36:09,019] Trial 5 finished with value: 1.3498505121181648 and parameters: {'n_estimators': 106, 'max_depth': 9, 'learning_rate': 0.03236716431754832, 'subsample': 0.6346333357320578, 'colsample_bytree': 0.8403504252169425, 'min_child_weight': 6, 'reg_alpha': 0.23258365100063894, 'reg_lambda': 0.25528887567409386}. Best is trial 3 with value: 1.3403140620278937.
[I 2026-04-12 13:36:23,395] Trial 6 finished with value: 1.3980676582894387 and parameters: {'n_estimators': 949, 'max_depth': 7, 'learning_rate': 0.06017328256140942, 'subsample': 0.7097306511654572, 'colsample_bytree': 0.7576867268463848, 'min_child_weight': 2, 'reg_alpha': 0.24058529253739303, 'reg_lambda': 0.782026242542744}. Best is trial 3 with value: 1.3403140620278937.
[I 2026-04-12 13:36:29,441] Trial 7 finished with value: 1.3809290699485943 and parameters: {'n_estimators': 551, 'max_depth': 5, 'learning_rate': 0.09780293698831005, 'subsample': 0.7146955813321183, 'colsample_bytree': 0.8482071238423952, 'min_child_weight': 7, 'reg_alpha': 0.25189843732802164, 'reg_lambda': 0.9041993432304458}. Best is trial 3 with value: 1.3403140620278937.
[I 2026-04-12 13:36:31,482] Trial 8 finished with value: 1.3422241676918978 and parameters: {'n_estimators': 199, 'max_depth': 4, 'learning_rate': 0.032725342284791674, 'subsample': 0.8804459587946731, 'colsample_bytree': 0.944705270259891, 'min_child_weight': 2, 'reg_alpha': 0.5098083932528296, 'reg_lambda': 0.24569815483671886}. Best is trial 3 with value: 1.3403140620278937.
[I 2026-04-12 13:36:32,754] Trial 9 finished with value: 1.3412340414096444 and parameters: {'n_estimators': 130, 'max_depth': 4, 'learning_rate': 0.052560552837669895, 'subsample': 0.7067435868657325, 'colsample_bytree': 0.876279427903362, 'min_child_weight': 3, 'reg_alpha': 0.4932220817607944, 'reg_lambda': 0.5880422014152192}. Best is trial 3 with value: 1.3403140620278937.
[I 2026-04-12 13:36:38,260] Trial 10 finished with value: 1.3398907095879122 and parameters: {'n_estimators': 782, 'max_depth': 3, 'learning_rate': 0.01015639717275588, 'subsample': 0.8346217534938134, 'colsample_bytree': 0.6028763804423831, 'min_child_weight': 4, 'reg_alpha': 0.9650715154237223, 'reg_lambda': 0.45917374457995686}. Best is trial 10 with value: 1.3398907095879122.
[I 2026-04-12 13:36:43,967] Trial 11 finished with value: 1.339377490949282 and parameters: {'n_estimators': 819, 'max_depth': 3, 'learning_rate': 0.01033542050198558, 'subsample': 0.8107657460767808, 'colsample_bytree': 0.6280580668761521, 'min_child_weight': 4, 'reg_alpha': 0.9633988222408366, 'reg_lambda': 0.40649267484562235}. Best is trial 11 with value: 1.339377490949282.
[I 2026-04-12 13:36:49,819] Trial 12 finished with value: 1.3395459514855281 and parameters: {'n_estimators': 830, 'max_depth': 3, 'learning_rate': 0.010217191620541835, 'subsample': 0.8161957731108693, 'colsample_bytree': 0.6051385748636153, 'min_child_weight': 5, 'reg_alpha': 0.9980292949996739, 'reg_lambda': 0.4197631182352685}. Best is trial 11 with value: 1.339377490949282.
[I 2026-04-12 13:37:01,736] Trial 13 finished with value: 1.3452108969337377 and parameters: {'n_estimators': 802, 'max_depth': 7, 'learning_rate': 0.010317569713829728, 'subsample': 0.7944323153439963, 'colsample_bytree': 0.6052012989478134, 'min_child_weight': 5, 'reg_alpha': 0.9827281343656911, 'reg_lambda': 0.03222615866839762}. Best is trial 11 with value: 1.339377490949282.
[I 2026-04-12 13:37:08,735] Trial 14 finished with value: 1.3392875558350412 and parameters: {'n_estimators': 982, 'max_depth': 3, 'learning_rate': 0.016371748879299264, 'subsample': 0.9525595603659222, 'colsample_bytree': 0.669599985437677, 'min_child_weight': 10, 'reg_alpha': 0.8097879453755082, 'reg_lambda': 0.4082998600355646}. Best is trial 14 with value: 1.3392875558350412.
[I 2026-04-12 13:37:24,255] Trial 15 finished with value: 1.346462526848286 and parameters: {'n_estimators': 1000, 'max_depth': 6, 'learning_rate': 0.018457268180198282, 'subsample': 0.986230893082507, 'colsample_bytree': 0.6851887330802007, 'min_child_weight': 10, 'reg_alpha': 0.7641117219278598, 'reg_lambda': 0.3634764377749508}. Best is trial 14 with value: 1.3392875558350412.
[I 2026-04-12 13:37:29,751] Trial 16 finished with value: 1.4015401440578794 and parameters: {'n_estimators': 656, 'max_depth': 3, 'learning_rate': 0.2890748023760963, 'subsample': 0.9791439604867167, 'colsample_bytree': 0.6795805200286991, 'min_child_weight': 7, 'reg_alpha': 0.7919965992992423, 'reg_lambda': 0.09772391958612375}. Best is trial 14 with value: 1.3392875558350412.
[I 2026-04-12 13:37:39,843] Trial 17 finished with value: 1.3424785803577297 and parameters: {'n_estimators': 901, 'max_depth': 5, 'learning_rate': 0.01782165598800131, 'subsample': 0.9126819040820083, 'colsample_bytree': 0.6524583149003446, 'min_child_weight': 10, 'reg_alpha': 0.6318234779417716, 'reg_lambda': 0.6403327077163183}. Best is trial 14 with value: 1.3392875558350412.
[I 2026-04-12 13:37:49,870] Trial 18 finished with value: 1.3421361421012945 and parameters: {'n_estimators': 706, 'max_depth': 6, 'learning_rate': 0.017042910821732787, 'subsample': 0.7623269439147942, 'colsample_bytree': 0.7430190255708843, 'min_child_weight': 8, 'reg_alpha': 0.8903113995687606, 'reg_lambda': 0.3287411765581388}. Best is trial 14 with value: 1.3392875558350412.
[I 2026-04-12 13:38:11,406] Trial 19 finished with value: 1.418865827377421 and parameters: {'n_estimators': 894, 'max_depth': 8, 'learning_rate': 0.10455085089721018, 'subsample': 0.9470867685326382, 'colsample_bytree': 0.6515848362009231, 'min_child_weight': 6, 'reg_alpha': 0.6594053026998852, 'reg_lambda': 0.4696816239873824}. Best is trial 14 with value: 1.3392875558350412.
[I 2026-04-12 13:38:18,136] Trial 20 finished with value: 1.3395875658216594 and parameters: {'n_estimators': 670, 'max_depth': 4, 'learning_rate': 0.014293883060169266, 'subsample': 0.8521267666224086, 'colsample_bytree': 0.7186454994914835, 'min_child_weight': 4, 'reg_alpha': 0.8538136473063666, 'reg_lambda': 0.15119952159817257}. Best is trial 14 with value: 1.3392875558350412.
[I 2026-04-12 13:38:24,630] Trial 21 finished with value: 1.3393420046181355 and parameters: {'n_estimators': 823, 'max_depth': 3, 'learning_rate': 0.013315931310059153, 'subsample': 0.7735239555340334, 'colsample_bytree': 0.6368519556336427, 'min_child_weight': 4, 'reg_alpha': 0.9886304735467284, 'reg_lambda': 0.3650008358214647}. Best is trial 14 with value: 1.3392875558350412.
[I 2026-04-12 13:38:32,281] Trial 22 finished with value: 1.3387783486250466 and parameters: {'n_estimators': 882, 'max_depth': 3, 'learning_rate': 0.01388628285965747, 'subsample': 0.7641564722559148, 'colsample_bytree': 0.6525351657122402, 'min_child_weight': 4, 'reg_alpha': 0.8831046794499079, 'reg_lambda': 0.29381863036235056}. Best is trial 22 with value: 1.3387783486250466.
[I 2026-04-12 13:38:39,659] Trial 23 finished with value: 1.3399705661798023 and parameters: {'n_estimators': 970, 'max_depth': 3, 'learning_rate': 0.02303356568923863, 'subsample': 0.7589825899672589, 'colsample_bytree': 0.7984883934329925, 'min_child_weight': 3, 'reg_alpha': 0.6556866952981548, 'reg_lambda': 0.3341636983597957}. Best is trial 22 with value: 1.3387783486250466.
[I 2026-04-12 13:38:47,687] Trial 24 finished with value: 1.3398855365902738 and parameters: {'n_estimators': 887, 'max_depth': 4, 'learning_rate': 0.014381815877331826, 'subsample': 0.7697052629329381, 'colsample_bytree': 0.6485118153759263, 'min_child_weight': 4, 'reg_alpha': 0.8676755472789519, 'reg_lambda': 0.5462753708970122}. Best is trial 22 with value: 1.3387783486250466.
[I 2026-04-12 13:38:56,131] Trial 25 finished with value: 1.3437751038160497 and parameters: {'n_estimators': 718, 'max_depth': 5, 'learning_rate': 0.021598825896597625, 'subsample': 0.8625525821904523, 'colsample_bytree': 0.723680765020744, 'min_child_weight': 7, 'reg_alpha': 0.8872729443690118, 'reg_lambda': 0.2610313601725775}. Best is trial 22 with value: 1.3387783486250466.
[I 2026-04-12 13:39:01,445] Trial 26 finished with value: 1.3401268981098662 and parameters: {'n_estimators': 594, 'max_depth': 3, 'learning_rate': 0.014436212289044284, 'subsample': 0.9322432432555716, 'colsample_bytree': 0.680452560780467, 'min_child_weight': 1, 'reg_alpha': 0.7009689000256409, 'reg_lambda': 0.1425409357516643}. Best is trial 22 with value: 1.3387783486250466.
[I 2026-04-12 13:39:05,346] Trial 27 finished with value: 1.3478520565935181 and parameters: {'n_estimators': 379, 'max_depth': 4, 'learning_rate': 0.07101482853953521, 'subsample': 0.7447081525516424, 'colsample_bytree': 0.7834264414308283, 'min_child_weight': 6, 'reg_alpha': 0.5345484211971949, 'reg_lambda': 0.659284852934928}. Best is trial 22 with value: 1.3387783486250466.
[I 2026-04-12 13:39:11,310] Trial 28 finished with value: 1.3401403123333206 and parameters: {'n_estimators': 751, 'max_depth': 3, 'learning_rate': 0.012967174215500267, 'subsample': 0.7848054214351118, 'colsample_bytree': 0.6360228547892393, 'min_child_weight': 2, 'reg_alpha': 0.8159583650165007, 'reg_lambda': 0.3080909436748263}. Best is trial 22 with value: 1.3387783486250466.
[I 2026-04-12 13:39:22,761] Trial 29 finished with value: 1.352071261002345 and parameters: {'n_estimators': 867, 'max_depth': 6, 'learning_rate': 0.024885749227336627, 'subsample': 0.6726224970981439, 'colsample_bytree': 0.7070880359883123, 'min_child_weight': 9, 'reg_alpha': 0.4063508948739754, 'reg_lambda': 0.18151433935625816}. Best is trial 22 with value: 1.3387783486250466.
[optuna] Best params: {'n_estimators': 882, 'max_depth': 3, 'learning_rate': 0.01388628285965747, 'subsample': 0.7641564722559148, 'colsample_bytree': 0.6525351657122402, 'min_child_weight': 4, 'reg_alpha': 0.8831046794499079, 'reg_lambda': 0.29381863036235056}
[optuna] Optimizing hyperparameters for three_pointers classification...
[I 2026-04-12 13:47:55,088] A new study created in memory with name: no-name-11646bf5-aa12-4282-99a9-fc07179ca22a
[I 2026-04-12 13:48:10,828] Trial 0 finished with value: 0.7474028783232695 and parameters: {'n_estimators': 334, 'max_depth': 10, 'learning_rate': 0.10555794870694957, 'subsample': 0.9007207971402891, 'colsample_bytree': 0.7102503675104709, 'min_child_weight': 6, 'reg_alpha': 0.3960972004555582, 'reg_lambda': 0.939713755012924}. Best is trial 0 with value: 0.7474028783232695.
[I 2026-04-12 13:48:26,056] Trial 1 finished with value: 0.7640777584694232 and parameters: {'n_estimators': 833, 'max_depth': 3, 'learning_rate': 0.04583258920110466, 'subsample': 0.8190433130675898, 'colsample_bytree': 0.666242389782982, 'min_child_weight': 9, 'reg_alpha': 0.111062848924385, 'reg_lambda': 0.4310325735055941}. Best is trial 1 with value: 0.7640777584694232.
[I 2026-04-12 13:48:35,511] Trial 2 finished with value: 0.7596093204688608 and parameters: {'n_estimators': 469, 'max_depth': 3, 'learning_rate': 0.16392459477547394, 'subsample': 0.7649119403274712, 'colsample_bytree': 0.9473853210027233, 'min_child_weight': 3, 'reg_alpha': 0.2233745905843716, 'reg_lambda': 0.20958078456526463}. Best is trial 1 with value: 0.7640777584694232.
[I 2026-04-12 13:48:54,692] Trial 3 finished with value: 0.7394039852237384 and parameters: {'n_estimators': 467, 'max_depth': 9, 'learning_rate': 0.12195785239937872, 'subsample': 0.8240463010245063, 'colsample_bytree': 0.7315308966239015, 'min_child_weight': 7, 'reg_alpha': 0.5254489052242398, 'reg_lambda': 0.9228213401173547}. Best is trial 1 with value: 0.7640777584694232.
[I 2026-04-12 13:49:10,613] Trial 4 finished with value: 0.755846751826867 and parameters: {'n_estimators': 351, 'max_depth': 9, 'learning_rate': 0.037501549288390966, 'subsample': 0.6141350393132304, 'colsample_bytree': 0.8693523523197216, 'min_child_weight': 5, 'reg_alpha': 0.9264551848883752, 'reg_lambda': 0.6895866782733281}. Best is trial 1 with value: 0.7640777584694232.
[I 2026-04-12 13:49:23,230] Trial 5 finished with value: 0.7608750421066222 and parameters: {'n_estimators': 244, 'max_depth': 9, 'learning_rate': 0.014048086315422599, 'subsample': 0.8762797917680969, 'colsample_bytree': 0.6212484796000833, 'min_child_weight': 9, 'reg_alpha': 0.7584562015658156, 'reg_lambda': 0.13493953181147977}. Best is trial 1 with value: 0.7640777584694232.
[I 2026-04-12 13:49:38,888] Trial 6 finished with value: 0.752543355313717 and parameters: {'n_estimators': 775, 'max_depth': 3, 'learning_rate': 0.17453144785125357, 'subsample': 0.9787580735025034, 'colsample_bytree': 0.6948094300596726, 'min_child_weight': 3, 'reg_alpha': 0.3279767778162128, 'reg_lambda': 0.1742438017585134}. Best is trial 1 with value: 0.7640777584694232.
[I 2026-04-12 13:49:56,405] Trial 7 finished with value: 0.7603344320041037 and parameters: {'n_estimators': 623, 'max_depth': 5, 'learning_rate': 0.04577017590878238, 'subsample': 0.7897089932642998, 'colsample_bytree': 0.6956821451079908, 'min_child_weight': 1, 'reg_alpha': 0.06728028546418652, 'reg_lambda': 0.21582420749714903}. Best is trial 1 with value: 0.7640777584694232.
[I 2026-04-12 13:50:13,452] Trial 8 finished with value: 0.736067605340082 and parameters: {'n_estimators': 396, 'max_depth': 8, 'learning_rate': 0.13406385208674332, 'subsample': 0.691153685619177, 'colsample_bytree': 0.8246337840652354, 'min_child_weight': 8, 'reg_alpha': 0.16192502887154536, 'reg_lambda': 0.6263602776247077}. Best is trial 1 with value: 0.7640777584694232.
[I 2026-04-12 13:50:22,049] Trial 9 finished with value: 0.75912120623209 and parameters: {'n_estimators': 211, 'max_depth': 7, 'learning_rate': 0.05976195040979138, 'subsample': 0.6589982490244956, 'colsample_bytree': 0.6302895893875106, 'min_child_weight': 6, 'reg_alpha': 0.15745747461088433, 'reg_lambda': 0.9560378842704637}. Best is trial 1 with value: 0.7640777584694232.
[I 2026-04-12 13:50:51,215] Trial 10 finished with value: 0.7620381147738036 and parameters: {'n_estimators': 992, 'max_depth': 5, 'learning_rate': 0.016493776511913454, 'subsample': 0.9982551402382939, 'colsample_bytree': 0.789158755933898, 'min_child_weight': 10, 'reg_alpha': 0.5890331726368236, 'reg_lambda': 0.41539080703021747}. Best is trial 1 with value: 0.7640777584694232.
[I 2026-04-12 13:51:19,827] Trial 11 finished with value: 0.7627977910431709 and parameters: {'n_estimators': 992, 'max_depth': 5, 'learning_rate': 0.013931259222370316, 'subsample': 0.9499893340808293, 'colsample_bytree': 0.7876471812143536, 'min_child_weight': 10, 'reg_alpha': 0.6232969676519529, 'reg_lambda': 0.4145679631362257}. Best is trial 1 with value: 0.7640777584694232.
[I 2026-04-12 13:51:47,723] Trial 12 finished with value: 0.761722517846612 and parameters: {'n_estimators': 988, 'max_depth': 5, 'learning_rate': 0.024285293843051184, 'subsample': 0.9261569994873147, 'colsample_bytree': 0.9933479442737306, 'min_child_weight': 10, 'reg_alpha': 0.6919931621096875, 'reg_lambda': 0.4121289925927983}. Best is trial 1 with value: 0.7640777584694232.
[I 2026-04-12 13:52:07,084] Trial 13 finished with value: 0.7368736097065559 and parameters: {'n_estimators': 804, 'max_depth': 4, 'learning_rate': 0.27344723270990057, 'subsample': 0.8486667448550491, 'colsample_bytree': 0.7831833328916752, 'min_child_weight': 8, 'reg_alpha': 0.7934360591163744, 'reg_lambda': 0.5487786557044178}. Best is trial 1 with value: 0.7640777584694232.
[I 2026-04-12 13:52:34,703] Trial 14 finished with value: 0.761680181453681 and parameters: {'n_estimators': 858, 'max_depth': 6, 'learning_rate': 0.023730582984159226, 'subsample': 0.7545132563407448, 'colsample_bytree': 0.8810016800470022, 'min_child_weight': 10, 'reg_alpha': 0.4027098547465656, 'reg_lambda': 0.35673199400942174}. Best is trial 1 with value: 0.7640777584694232.
[I 2026-04-12 13:52:53,588] Trial 15 finished with value: 0.7627881406703223 and parameters: {'n_estimators': 696, 'max_depth': 4, 'learning_rate': 0.011367682277681826, 'subsample': 0.9250859071831121, 'colsample_bytree': 0.6463406210249893, 'min_child_weight': 8, 'reg_alpha': 0.019350169218848703, 'reg_lambda': 0.021235438398301998}. Best is trial 1 with value: 0.7640777584694232.
[I 2026-04-12 13:53:15,310] Trial 16 finished with value: 0.7590788383019929 and parameters: {'n_estimators': 885, 'max_depth': 4, 'learning_rate': 0.06261469160797652, 'subsample': 0.7164495016865915, 'colsample_bytree': 0.759394309250142, 'min_child_weight': 9, 'reg_alpha': 0.6106909191578925, 'reg_lambda': 0.7916638354244501}. Best is trial 1 with value: 0.7640777584694232.
[I 2026-04-12 13:53:38,236] Trial 17 finished with value: 0.7609761052082749 and parameters: {'n_estimators': 680, 'max_depth': 6, 'learning_rate': 0.02879657067835045, 'subsample': 0.944215160441909, 'colsample_bytree': 0.8560181378961599, 'min_child_weight': 9, 'reg_alpha': 0.9434365481702349, 'reg_lambda': 0.3415702750072141}. Best is trial 1 with value: 0.7640777584694232.
[I 2026-04-12 13:53:59,878] Trial 18 finished with value: 0.7606423068308925 and parameters: {'n_estimators': 933, 'max_depth': 3, 'learning_rate': 0.08130843958746546, 'subsample': 0.8615539504346436, 'colsample_bytree': 0.6739178170603958, 'min_child_weight': 4, 'reg_alpha': 0.30943991165806534, 'reg_lambda': 0.5494561652939355}. Best is trial 1 with value: 0.7640777584694232.
[I 2026-04-12 13:54:17,316] Trial 19 finished with value: 0.7628940875274219 and parameters: {'n_estimators': 584, 'max_depth': 4, 'learning_rate': 0.010480505306314662, 'subsample': 0.8091307901747073, 'colsample_bytree': 0.7473546651253455, 'min_child_weight': 7, 'reg_alpha': 0.44879840074136, 'reg_lambda': 0.2966056292652849}. Best is trial 1 with value: 0.7640777584694232.
[I 2026-04-12 13:54:34,572] Trial 20 finished with value: 0.7618807803570815 and parameters: {'n_estimators': 570, 'max_depth': 4, 'learning_rate': 0.010268144043933763, 'subsample': 0.8129033169746667, 'colsample_bytree': 0.6010279775606582, 'min_child_weight': 7, 'reg_alpha': 0.4567925067135338, 'reg_lambda': 0.32034893017720245}. Best is trial 1 with value: 0.7640777584694232.
[I 2026-04-12 13:54:57,141] Trial 21 finished with value: 0.7628380279618967 and parameters: {'n_estimators': 745, 'max_depth': 5, 'learning_rate': 0.017915363354952345, 'subsample': 0.7686274471807176, 'colsample_bytree': 0.7403565432913621, 'min_child_weight': 7, 'reg_alpha': 0.6343860893013018, 'reg_lambda': 0.46307677411616255}. Best is trial 1 with value: 0.7640777584694232.
[I 2026-04-12 13:55:14,548] Trial 22 finished with value: 0.7640098904878212 and parameters: {'n_estimators': 719, 'max_depth': 3, 'learning_rate': 0.019262797659960335, 'subsample': 0.7537569445073338, 'colsample_bytree': 0.7417227987545382, 'min_child_weight': 7, 'reg_alpha': 0.7774488392982546, 'reg_lambda': 0.49283753251880613}. Best is trial 1 with value: 0.7640777584694232.
[I 2026-04-12 13:55:29,336] Trial 23 finished with value: 0.7639648373932899 and parameters: {'n_estimators': 620, 'max_depth': 3, 'learning_rate': 0.03598425938863002, 'subsample': 0.7120164388955255, 'colsample_bytree': 0.6671054980066882, 'min_child_weight': 5, 'reg_alpha': 0.7996714215317096, 'reg_lambda': 0.6604573445218238}. Best is trial 1 with value: 0.7640777584694232.
[I 2026-04-12 13:55:44,750] Trial 24 finished with value: 0.7643887509703536 and parameters: {'n_estimators': 661, 'max_depth': 3, 'learning_rate': 0.038857889674449454, 'subsample': 0.7263391738995897, 'colsample_bytree': 0.6644302639765389, 'min_child_weight': 5, 'reg_alpha': 0.8479167418595384, 'reg_lambda': 0.7025773963003628}. Best is trial 24 with value: 0.7643887509703536.
[I 2026-04-12 13:56:00,583] Trial 25 finished with value: 0.7630702000739448 and parameters: {'n_estimators': 696, 'max_depth': 3, 'learning_rate': 0.04647062823596758, 'subsample': 0.7302824310934708, 'colsample_bytree': 0.6676416379751632, 'min_child_weight': 4, 'reg_alpha': 0.9108724343645874, 'reg_lambda': 0.7870802122450392}. Best is trial 24 with value: 0.7643887509703536.
[I 2026-04-12 13:56:19,751] Trial 26 finished with value: 0.7638360936703573 and parameters: {'n_estimators': 822, 'max_depth': 3, 'learning_rate': 0.03167031195382732, 'subsample': 0.6569781437620208, 'colsample_bytree': 0.716966810695412, 'min_child_weight': 6, 'reg_alpha': 0.9944791515160494, 'reg_lambda': 0.745413993153222}. Best is trial 24 with value: 0.7643887509703536.
[I 2026-04-12 13:56:34,161] Trial 27 finished with value: 0.7636678293729021 and parameters: {'n_estimators': 511, 'max_depth': 4, 'learning_rate': 0.022062990444334324, 'subsample': 0.6830186155116948, 'colsample_bytree': 0.6005782038424612, 'min_child_weight': 1, 'reg_alpha': 0.8408433290801922, 'reg_lambda': 0.5628177747976062}. Best is trial 24 with value: 0.7643887509703536.
[I 2026-04-12 13:57:01,478] Trial 28 finished with value: 0.7492851245278346 and parameters: {'n_estimators': 741, 'max_depth': 7, 'learning_rate': 0.08072930149749691, 'subsample': 0.7341646488251031, 'colsample_bytree': 0.6499046819509656, 'min_child_weight': 4, 'reg_alpha': 0.721939396896088, 'reg_lambda': 0.8458242941613308}. Best is trial 24 with value: 0.7643887509703536.
[I 2026-04-12 13:57:05,556] Trial 29 finished with value: 0.7619136510948515 and parameters: {'n_estimators': 138, 'max_depth': 3, 'learning_rate': 0.047841486335186326, 'subsample': 0.834978264527561, 'colsample_bytree': 0.7093325791380004, 'min_child_weight': 6, 'reg_alpha': 0.836233427855232, 'reg_lambda': 0.5846525520244792}. Best is trial 24 with value: 0.7643887509703536.
[optuna] Best params: {'n_estimators': 661, 'max_depth': 3, 'learning_rate': 0.038857889674449454, 'subsample': 0.7263391738995897, 'colsample_bytree': 0.6644302639765389, 'min_child_weight': 5, 'reg_alpha': 0.8479167418595384, 'reg_lambda': 0.7025773963003628}
[wf] pts_reb: auc_raw=0.571 brier_raw=0.273 auc_cal=0.559 brier_cal=0.251 folds=5
[optuna] Optimizing hyperparameters for pts_reb regression...
[I 2026-04-12 14:12:11,803] A new study created in memory with name: no-name-df793836-aa0c-44d2-afd7-3f6850c1a5c9
[I 2026-04-12 14:12:23,639] Trial 0 finished with value: 7.704909045281491 and parameters: {'n_estimators': 790, 'max_depth': 7, 'learning_rate': 0.02022354345053863, 'subsample': 0.9254552810302645, 'colsample_bytree': 0.9723321703845724, 'min_child_weight': 8, 'reg_alpha': 0.6086050417792214, 'reg_lambda': 0.037171134259221916}. Best is trial 0 with value: 7.704909045281491.
[I 2026-04-12 14:12:28,597] Trial 1 finished with value: 8.174049300898158 and parameters: {'n_estimators': 627, 'max_depth': 4, 'learning_rate': 0.24664032440430592, 'subsample': 0.7802777611070847, 'colsample_bytree': 0.6301974481899352, 'min_child_weight': 3, 'reg_alpha': 0.14107563317462346, 'reg_lambda': 0.41889622140213467}. Best is trial 0 with value: 7.704909045281491.
[I 2026-04-12 14:12:40,790] Trial 2 finished with value: 7.734120982653911 and parameters: {'n_estimators': 410, 'max_depth': 9, 'learning_rate': 0.023641502622099044, 'subsample': 0.8116152353833312, 'colsample_bytree': 0.9896037625755881, 'min_child_weight': 4, 'reg_alpha': 0.5120679571511414, 'reg_lambda': 0.34200863082622857}. Best is trial 0 with value: 7.704909045281491.
[I 2026-04-12 14:12:56,207] Trial 3 finished with value: 8.107288480924323 and parameters: {'n_estimators': 290, 'max_depth': 10, 'learning_rate': 0.14220452438177378, 'subsample': 0.9261447071737411, 'colsample_bytree': 0.9797832968475583, 'min_child_weight': 1, 'reg_alpha': 0.5120634407004839, 'reg_lambda': 0.8976773845400702}. Best is trial 0 with value: 7.704909045281491.
[I 2026-04-12 14:13:07,111] Trial 4 finished with value: 7.924106396816187 and parameters: {'n_estimators': 580, 'max_depth': 8, 'learning_rate': 0.060190326452515805, 'subsample': 0.7465404442248681, 'colsample_bytree': 0.6145035535218648, 'min_child_weight': 9, 'reg_alpha': 0.8464550681071341, 'reg_lambda': 0.003970136455165196}. Best is trial 0 with value: 7.704909045281491.
[I 2026-04-12 14:13:13,325] Trial 5 finished with value: 7.751849521309099 and parameters: {'n_estimators': 421, 'max_depth': 6, 'learning_rate': 0.05107789627433455, 'subsample': 0.6960104143462041, 'colsample_bytree': 0.9281428091047779, 'min_child_weight': 1, 'reg_alpha': 0.44632605030238426, 'reg_lambda': 0.5790335178416683}. Best is trial 0 with value: 7.704909045281491.
[I 2026-04-12 14:13:16,891] Trial 6 finished with value: 7.870338719348723 and parameters: {'n_estimators': 449, 'max_depth': 3, 'learning_rate': 0.23579358044193688, 'subsample': 0.7801658071315779, 'colsample_bytree': 0.7867323766104771, 'min_child_weight': 4, 'reg_alpha': 0.8865165831131379, 'reg_lambda': 0.7188495168379011}. Best is trial 0 with value: 7.704909045281491.
[I 2026-04-12 14:13:35,391] Trial 7 finished with value: 7.691286609520664 and parameters: {'n_estimators': 596, 'max_depth': 9, 'learning_rate': 0.010400275486831803, 'subsample': 0.9015708405362014, 'colsample_bytree': 0.6679459743182614, 'min_child_weight': 9, 'reg_alpha': 0.6052798407637761, 'reg_lambda': 0.0738011468671178}. Best is trial 7 with value: 7.691286609520664.
[I 2026-04-12 14:13:40,613] Trial 8 finished with value: 8.372308348168733 and parameters: {'n_estimators': 437, 'max_depth': 5, 'learning_rate': 0.22424982437319846, 'subsample': 0.616449461847047, 'colsample_bytree': 0.9028959164593565, 'min_child_weight': 6, 'reg_alpha': 0.2181740645965321, 'reg_lambda': 0.23442246576478842}. Best is trial 7 with value: 7.691286609520664.
[I 2026-04-12 14:13:48,275] Trial 9 finished with value: 8.146063584140053 and parameters: {'n_estimators': 450, 'max_depth': 7, 'learning_rate': 0.13115460370396834, 'subsample': 0.7537756162773299, 'colsample_bytree': 0.70538819799587, 'min_child_weight': 8, 'reg_alpha': 0.04949848494939246, 'reg_lambda': 0.8822187152465994}. Best is trial 7 with value: 7.691286609520664.
[I 2026-04-12 14:14:24,968] Trial 10 finished with value: 7.746485875498207 and parameters: {'n_estimators': 993, 'max_depth': 10, 'learning_rate': 0.011651927061422259, 'subsample': 0.982635666690874, 'colsample_bytree': 0.7343418469761377, 'min_child_weight': 10, 'reg_alpha': 0.7184292475511895, 'reg_lambda': 0.19402604923599404}. Best is trial 7 with value: 7.691286609520664.
[I 2026-04-12 14:14:44,730] Trial 11 finished with value: 7.678893464398794 and parameters: {'n_estimators': 791, 'max_depth': 8, 'learning_rate': 0.01029860343671888, 'subsample': 0.885025049530977, 'colsample_bytree': 0.845314162184011, 'min_child_weight': 7, 'reg_alpha': 0.6416011713694171, 'reg_lambda': 0.04239913587962672}. Best is trial 11 with value: 7.678893464398794.
[I 2026-04-12 14:15:04,297] Trial 12 finished with value: 7.670816274174068 and parameters: {'n_estimators': 813, 'max_depth': 8, 'learning_rate': 0.01045743287681445, 'subsample': 0.863072497770223, 'colsample_bytree': 0.8424990692392773, 'min_child_weight': 7, 'reg_alpha': 0.30047397129173864, 'reg_lambda': 0.1290996983352538}. Best is trial 12 with value: 7.670816274174068.
[I 2026-04-12 14:15:23,354] Trial 13 finished with value: 7.7326457053461395 and parameters: {'n_estimators': 825, 'max_depth': 8, 'learning_rate': 0.01921025152567463, 'subsample': 0.857192736968681, 'colsample_bytree': 0.8508903697530316, 'min_child_weight': 6, 'reg_alpha': 0.3240487128279389, 'reg_lambda': 0.20571218399988234}. Best is trial 12 with value: 7.670816274174068.
[I 2026-04-12 14:15:34,419] Trial 14 finished with value: 7.720899045205873 and parameters: {'n_estimators': 787, 'max_depth': 6, 'learning_rate': 0.03639431670927475, 'subsample': 0.8773117587467748, 'colsample_bytree': 0.822077577532405, 'min_child_weight': 7, 'reg_alpha': 0.3450142535961201, 'reg_lambda': 0.5345161725468656}. Best is trial 12 with value: 7.670816274174068.
[I 2026-04-12 14:15:38,093] Trial 15 finished with value: 7.821876020729993 and parameters: {'n_estimators': 107, 'max_depth': 8, 'learning_rate': 0.015248372372035678, 'subsample': 0.9883155817915178, 'colsample_bytree': 0.8799612723354383, 'min_child_weight': 5, 'reg_alpha': 0.9979531008451236, 'reg_lambda': 0.3241125271287443}. Best is trial 12 with value: 7.670816274174068.
[I 2026-04-12 14:16:04,808] Trial 16 finished with value: 7.9088163833639635 and parameters: {'n_estimators': 945, 'max_depth': 9, 'learning_rate': 0.035957511730596026, 'subsample': 0.841112383745155, 'colsample_bytree': 0.771842713110021, 'min_child_weight': 8, 'reg_alpha': 0.3252196288837685, 'reg_lambda': 0.13376208748196758}. Best is trial 12 with value: 7.670816274174068.
[I 2026-04-12 14:16:18,018] Trial 17 finished with value: 7.65441007833614 and parameters: {'n_estimators': 707, 'max_depth': 7, 'learning_rate': 0.010068336278683492, 'subsample': 0.9486897987552197, 'colsample_bytree': 0.8399592112463891, 'min_child_weight': 7, 'reg_alpha': 0.6931784566976036, 'reg_lambda': 0.302874960238868}. Best is trial 17 with value: 7.65441007833614.
[I 2026-04-12 14:16:25,758] Trial 18 finished with value: 7.673625572992084 and parameters: {'n_estimators': 710, 'max_depth': 5, 'learning_rate': 0.031239194160784037, 'subsample': 0.9617116865667535, 'colsample_bytree': 0.7469835074320557, 'min_child_weight': 5, 'reg_alpha': 0.7612201753593988, 'reg_lambda': 0.4329551278885041}. Best is trial 17 with value: 7.65441007833614.
[I 2026-04-12 14:16:42,322] Trial 19 finished with value: 7.6855830812065395 and parameters: {'n_estimators': 909, 'max_depth': 7, 'learning_rate': 0.01512322837798102, 'subsample': 0.9516256898900676, 'colsample_bytree': 0.9287988076290117, 'min_child_weight': 7, 'reg_alpha': 0.4240440223944403, 'reg_lambda': 0.671316129347063}. Best is trial 17 with value: 7.65441007833614.
[I 2026-04-12 14:16:49,376] Trial 20 finished with value: 7.782266430073897 and parameters: {'n_estimators': 653, 'max_depth': 5, 'learning_rate': 0.07134148435737064, 'subsample': 0.694386978416226, 'colsample_bytree': 0.8336479225215468, 'min_child_weight': 10, 'reg_alpha': 0.22784212857787756, 'reg_lambda': 0.2928141274586956}. Best is trial 17 with value: 7.65441007833614.
[I 2026-04-12 14:16:57,281] Trial 21 finished with value: 7.6839911872950095 and parameters: {'n_estimators': 705, 'max_depth': 5, 'learning_rate': 0.028938574435490028, 'subsample': 0.953696519637709, 'colsample_bytree': 0.7484171306060633, 'min_child_weight': 5, 'reg_alpha': 0.759752790210865, 'reg_lambda': 0.42336932316235326}. Best is trial 17 with value: 7.65441007833614.
[I 2026-04-12 14:17:07,812] Trial 22 finished with value: 7.6617669858246 and parameters: {'n_estimators': 733, 'max_depth': 6, 'learning_rate': 0.014892332150804566, 'subsample': 0.9990039542064214, 'colsample_bytree': 0.7911378660434182, 'min_child_weight': 3, 'reg_alpha': 0.7791036990835778, 'reg_lambda': 0.463211156789491}. Best is trial 17 with value: 7.65441007833614.
[I 2026-04-12 14:17:20,241] Trial 23 finished with value: 7.671203729075495 and parameters: {'n_estimators': 883, 'max_depth': 6, 'learning_rate': 0.014514551255966257, 'subsample': 0.9961074118512007, 'colsample_bytree': 0.8077628161189212, 'min_child_weight': 2, 'reg_alpha': 0.8765752243203944, 'reg_lambda': 0.12733341393109737}. Best is trial 17 with value: 7.65441007833614.
[I 2026-04-12 14:17:33,760] Trial 24 finished with value: 7.67375874634019 and parameters: {'n_estimators': 709, 'max_depth': 7, 'learning_rate': 0.013976472142854227, 'subsample': 0.917734654479926, 'colsample_bytree': 0.8706767163697834, 'min_child_weight': 3, 'reg_alpha': 0.6851639294770303, 'reg_lambda': 0.6043837902690506}. Best is trial 17 with value: 7.65441007833614.
[I 2026-04-12 14:17:41,607] Trial 25 finished with value: 7.657311351965273 and parameters: {'n_estimators': 537, 'max_depth': 6, 'learning_rate': 0.020193935780418518, 'subsample': 0.8339194683128076, 'colsample_bytree': 0.792220308309012, 'min_child_weight': 6, 'reg_alpha': 0.979374965910105, 'reg_lambda': 0.4823669715325086}. Best is trial 17 with value: 7.65441007833614.
[I 2026-04-12 14:17:46,772] Trial 26 finished with value: 7.652453439754738 and parameters: {'n_estimators': 518, 'max_depth': 4, 'learning_rate': 0.020040607963518177, 'subsample': 0.8261309410088441, 'colsample_bytree': 0.7078437626517631, 'min_child_weight': 4, 'reg_alpha': 0.9877657071391246, 'reg_lambda': 0.49084669892675337}. Best is trial 26 with value: 7.652453439754738.
[I 2026-04-12 14:17:51,271] Trial 27 finished with value: 7.650583870059036 and parameters: {'n_estimators': 537, 'max_depth': 3, 'learning_rate': 0.023772912099924708, 'subsample': 0.8218221766891021, 'colsample_bytree': 0.7011604965078586, 'min_child_weight': 4, 'reg_alpha': 0.997305988422573, 'reg_lambda': 0.778227282528268}. Best is trial 27 with value: 7.650583870059036.
[I 2026-04-12 14:17:55,373] Trial 28 finished with value: 7.647056650249351 and parameters: {'n_estimators': 506, 'max_depth': 3, 'learning_rate': 0.0455924072738845, 'subsample': 0.7055101695466282, 'colsample_bytree': 0.6782386474396573, 'min_child_weight': 4, 'reg_alpha': 0.9444554941661312, 'reg_lambda': 0.8045653707780317}. Best is trial 28 with value: 7.647056650249351.
[I 2026-04-12 14:17:58,123] Trial 29 finished with value: 7.653534331869875 and parameters: {'n_estimators': 317, 'max_depth': 3, 'learning_rate': 0.04596470682540954, 'subsample': 0.693124682935359, 'colsample_bytree': 0.6832159157815625, 'min_child_weight': 4, 'reg_alpha': 0.946565844799201, 'reg_lambda': 0.9976548336195745}. Best is trial 28 with value: 7.647056650249351.
[optuna] Best params: {'n_estimators': 506, 'max_depth': 3, 'learning_rate': 0.0455924072738845, 'subsample': 0.7055101695466282, 'colsample_bytree': 0.6782386474396573, 'min_child_weight': 4, 'reg_alpha': 0.9444554941661312, 'reg_lambda': 0.8045653707780317}
[optuna] Optimizing hyperparameters for pts_reb classification...
[I 2026-04-12 14:32:04,103] A new study created in memory with name: no-name-1b956e70-0013-412d-9736-3aae6ba30cd1
[I 2026-04-12 14:32:07,633] Trial 0 finished with value: 0.5987236790981715 and parameters: {'n_estimators': 144, 'max_depth': 3, 'learning_rate': 0.03930212780627496, 'subsample': 0.6211271258021319, 'colsample_bytree': 0.708064633846928, 'min_child_weight': 8, 'reg_alpha': 0.778878986964708, 'reg_lambda': 0.29048850957256056}. Best is trial 0 with value: 0.5987236790981715.
[I 2026-04-12 14:32:16,566] Trial 1 finished with value: 0.6089303469844671 and parameters: {'n_estimators': 449, 'max_depth': 3, 'learning_rate': 0.03445910450399884, 'subsample': 0.798370017258842, 'colsample_bytree': 0.7416583980156465, 'min_child_weight': 4, 'reg_alpha': 0.406460230279473, 'reg_lambda': 0.6820692518050138}. Best is trial 1 with value: 0.6089303469844671.
[I 2026-04-12 14:32:23,132] Trial 2 finished with value: 0.5771607697601686 and parameters: {'n_estimators': 166, 'max_depth': 8, 'learning_rate': 0.25603084730972553, 'subsample': 0.6428659250870488, 'colsample_bytree': 0.6224384711831271, 'min_child_weight': 6, 'reg_alpha': 0.28926988040787305, 'reg_lambda': 0.11635365678104026}. Best is trial 1 with value: 0.6089303469844671.
[I 2026-04-12 14:33:06,438] Trial 3 finished with value: 0.59470623491798 and parameters: {'n_estimators': 947, 'max_depth': 10, 'learning_rate': 0.04896421216674872, 'subsample': 0.7583881080382111, 'colsample_bytree': 0.9027543595032865, 'min_child_weight': 10, 'reg_alpha': 0.08313372954214604, 'reg_lambda': 0.31842850795095246}. Best is trial 1 with value: 0.6089303469844671.
[I 2026-04-12 14:33:35,742] Trial 4 finished with value: 0.6051527446009635 and parameters: {'n_estimators': 687, 'max_depth': 8, 'learning_rate': 0.014785779938349146, 'subsample': 0.6296159343807012, 'colsample_bytree': 0.6995084848047999, 'min_child_weight': 3, 'reg_alpha': 0.8124603423684728, 'reg_lambda': 0.9946095872006274}. Best is trial 1 with value: 0.6089303469844671.
[I 2026-04-12 14:34:07,150] Trial 5 finished with value: 0.585193891400744 and parameters: {'n_estimators': 722, 'max_depth': 8, 'learning_rate': 0.09915803933835117, 'subsample': 0.8849896118088841, 'colsample_bytree': 0.8846102476749784, 'min_child_weight': 3, 'reg_alpha': 0.5795703371705073, 'reg_lambda': 0.040835624179165975}. Best is trial 1 with value: 0.6089303469844671.
[I 2026-04-12 14:34:37,037] Trial 6 finished with value: 0.598358002944533 and parameters: {'n_estimators': 377, 'max_depth': 10, 'learning_rate': 0.018511034028281696, 'subsample': 0.7791061263944487, 'colsample_bytree': 0.9959927757488646, 'min_child_weight': 6, 'reg_alpha': 0.9420407352581173, 'reg_lambda': 0.9076010437774542}. Best is trial 1 with value: 0.6089303469844671.
[I 2026-04-12 14:34:45,687] Trial 7 finished with value: 0.5762445007796915 and parameters: {'n_estimators': 115, 'max_depth': 10, 'learning_rate': 0.1168314157395631, 'subsample': 0.8284272642737447, 'colsample_bytree': 0.7570566271607696, 'min_child_weight': 5, 'reg_alpha': 0.1834019368408586, 'reg_lambda': 0.4195537869790522}. Best is trial 1 with value: 0.6089303469844671.
[I 2026-04-12 14:34:58,201] Trial 8 finished with value: 0.5872472379757643 and parameters: {'n_estimators': 161, 'max_depth': 10, 'learning_rate': 0.07518817776948516, 'subsample': 0.6377466495561332, 'colsample_bytree': 0.9774133228165638, 'min_child_weight': 5, 'reg_alpha': 0.18588426953044923, 'reg_lambda': 0.6117227997971553}. Best is trial 1 with value: 0.6089303469844671.
[I 2026-04-12 14:35:30,480] Trial 9 finished with value: 0.5899574663077471 and parameters: {'n_estimators': 821, 'max_depth': 7, 'learning_rate': 0.17384454512420192, 'subsample': 0.789498543536985, 'colsample_bytree': 0.85893404948331, 'min_child_weight': 7, 'reg_alpha': 0.7962447331640423, 'reg_lambda': 0.231378428166083}. Best is trial 1 with value: 0.6089303469844671.
[I 2026-04-12 14:35:42,637] Trial 10 finished with value: 0.6035866816506809 and parameters: {'n_estimators': 469, 'max_depth': 3, 'learning_rate': 0.02647392754642123, 'subsample': 0.9785433591741988, 'colsample_bytree': 0.6091308809307459, 'min_child_weight': 1, 'reg_alpha': 0.47638261653901726, 'reg_lambda': 0.6639732293718662}. Best is trial 1 with value: 0.6089303469844671.
[I 2026-04-12 14:36:03,361] Trial 11 finished with value: 0.6057570254989589 and parameters: {'n_estimators': 632, 'max_depth': 5, 'learning_rate': 0.010463951876879513, 'subsample': 0.693907868490075, 'colsample_bytree': 0.7145591454803478, 'min_child_weight': 3, 'reg_alpha': 0.4575432834669264, 'reg_lambda': 0.9921136386781823}. Best is trial 1 with value: 0.6089303469844671.
[I 2026-04-12 14:36:21,917] Trial 12 finished with value: 0.603291148106526 and parameters: {'n_estimators': 555, 'max_depth': 5, 'learning_rate': 0.010441994518788255, 'subsample': 0.7106492599902626, 'colsample_bytree': 0.7829332279058765, 'min_child_weight': 3, 'reg_alpha': 0.4377588192675324, 'reg_lambda': 0.7782846407090882}. Best is trial 1 with value: 0.6089303469844671.
[I 2026-04-12 14:36:34,101] Trial 13 finished with value: 0.6094342280183641 and parameters: {'n_estimators': 362, 'max_depth': 5, 'learning_rate': 0.030542980619208713, 'subsample': 0.7082811102770838, 'colsample_bytree': 0.7053813056308987, 'min_child_weight': 1, 'reg_alpha': 0.6022756330852943, 'reg_lambda': 0.812717406636046}. Best is trial 13 with value: 0.6094342280183641.
[I 2026-04-12 14:36:44,888] Trial 14 finished with value: 0.6035621914991854 and parameters: {'n_estimators': 325, 'max_depth': 5, 'learning_rate': 0.028926610875479045, 'subsample': 0.870008259798482, 'colsample_bytree': 0.6577334162931111, 'min_child_weight': 1, 'reg_alpha': 0.6208287682075108, 'reg_lambda': 0.7874113824640374}. Best is trial 13 with value: 0.6094342280183641.
[I 2026-04-12 14:36:54,389] Trial 15 finished with value: 0.6051640662432812 and parameters: {'n_estimators': 323, 'max_depth': 4, 'learning_rate': 0.03260626517832157, 'subsample': 0.7160842536951905, 'colsample_bytree': 0.8366739570385974, 'min_child_weight': 1, 'reg_alpha': 0.33106136292435623, 'reg_lambda': 0.5767142358646242}. Best is trial 13 with value: 0.6094342280183641.
[I 2026-04-12 14:37:05,851] Trial 16 finished with value: 0.609455268361951 and parameters: {'n_estimators': 416, 'max_depth': 4, 'learning_rate': 0.05672930696959928, 'subsample': 0.8464721403310379, 'colsample_bytree': 0.7554303145587824, 'min_child_weight': 4, 'reg_alpha': 0.6423528272259313, 'reg_lambda': 0.7935260991505789}. Best is trial 16 with value: 0.609455268361951.
[I 2026-04-12 14:37:15,732] Trial 17 finished with value: 0.5985125857007204 and parameters: {'n_estimators': 280, 'max_depth': 6, 'learning_rate': 0.06389645050334211, 'subsample': 0.9321250114750499, 'colsample_bytree': 0.6670776181521159, 'min_child_weight': 2, 'reg_alpha': 0.6551080447317911, 'reg_lambda': 0.8296942142574117}. Best is trial 16 with value: 0.609455268361951.
[I 2026-04-12 14:37:41,581] Trial 18 finished with value: 0.6065450487416042 and parameters: {'n_estimators': 547, 'max_depth': 4, 'learning_rate': 0.020524595239620594, 'subsample': 0.8437831433091202, 'colsample_bytree': 0.7975289712297057, 'min_child_weight': 9, 'reg_alpha': 0.6998204881929654, 'reg_lambda': 0.48126795948751266}. Best is trial 16 with value: 0.609455268361951.
[I 2026-04-12 14:37:51,043] Trial 19 finished with value: 0.6062799048689334 and parameters: {'n_estimators': 242, 'max_depth': 6, 'learning_rate': 0.047357835789951105, 'subsample': 0.7392444165214606, 'colsample_bytree': 0.7551688163775099, 'min_child_weight': 4, 'reg_alpha': 0.9336439293664588, 'reg_lambda': 0.8662130924654707}. Best is trial 16 with value: 0.609455268361951.
[I 2026-04-12 14:38:03,234] Trial 20 finished with value: 0.6094651543266341 and parameters: {'n_estimators': 433, 'max_depth': 4, 'learning_rate': 0.08579424156101585, 'subsample': 0.6792730534033468, 'colsample_bytree': 0.8239421497625137, 'min_child_weight': 2, 'reg_alpha': 0.5302075620198549, 'reg_lambda': 0.7107940924992259}. Best is trial 20 with value: 0.6094651543266341.
[I 2026-04-12 14:38:15,723] Trial 21 finished with value: 0.6064068891618535 and parameters: {'n_estimators': 445, 'max_depth': 4, 'learning_rate': 0.08379410041876437, 'subsample': 0.677066515229684, 'colsample_bytree': 0.8324024109151226, 'min_child_weight': 2, 'reg_alpha': 0.5536229482322224, 'reg_lambda': 0.7437746686299443}. Best is trial 20 with value: 0.6094651543266341.
[I 2026-04-12 14:38:32,812] Trial 22 finished with value: 0.5986297850839366 and parameters: {'n_estimators': 412, 'max_depth': 4, 'learning_rate': 0.13956292198235637, 'subsample': 0.7421674001846399, 'colsample_bytree': 0.940440729709831, 'min_child_weight': 2, 'reg_alpha': 0.6863998842891166, 'reg_lambda': 0.7063983027543836}. Best is trial 20 with value: 0.6094651543266341.
[I 2026-04-12 14:38:57,062] Trial 23 finished with value: 0.6068620477571893 and parameters: {'n_estimators': 538, 'max_depth': 5, 'learning_rate': 0.05683885320882807, 'subsample': 0.6825853173470721, 'colsample_bytree': 0.8128913296925014, 'min_child_weight': 4, 'reg_alpha': 0.553674041185736, 'reg_lambda': 0.5868368549947538}. Best is trial 20 with value: 0.6094651543266341.
[I 2026-04-12 14:39:14,918] Trial 24 finished with value: 0.5887659479566857 and parameters: {'n_estimators': 368, 'max_depth': 6, 'learning_rate': 0.19225260076606074, 'subsample': 0.604553004418074, 'colsample_bytree': 0.7809830179388726, 'min_child_weight': 2, 'reg_alpha': 0.7432341524340894, 'reg_lambda': 0.9069378242531758}. Best is trial 20 with value: 0.6094651543266341.
[I 2026-04-12 14:39:31,572] Trial 25 finished with value: 0.6076632290550489 and parameters: {'n_estimators': 497, 'max_depth': 4, 'learning_rate': 0.07197510086234535, 'subsample': 0.6612684685669441, 'colsample_bytree': 0.6690693147960152, 'min_child_weight': 1, 'reg_alpha': 0.8672778055043832, 'reg_lambda': 0.8572327213803911}. Best is trial 20 with value: 0.6094651543266341.
[I 2026-04-12 14:39:56,131] Trial 26 finished with value: 0.6050145641132861 and parameters: {'n_estimators': 617, 'max_depth': 5, 'learning_rate': 0.04675728380948274, 'subsample': 0.88950370248507, 'colsample_bytree': 0.7328521803721995, 'min_child_weight': 4, 'reg_alpha': 0.5314893864511359, 'reg_lambda': 0.4837509216878555}. Best is trial 20 with value: 0.6094651543266341.
[I 2026-04-12 14:40:03,727] Trial 27 finished with value: 0.6096159039629232 and parameters: {'n_estimators': 246, 'max_depth': 3, 'learning_rate': 0.09422734026209485, 'subsample': 0.8255801351712314, 'colsample_bytree': 0.8615349796480778, 'min_child_weight': 2, 'reg_alpha': 0.34750045721388495, 'reg_lambda': 0.7495653776784963}. Best is trial 27 with value: 0.6096159039629232.
[I 2026-04-12 14:40:10,523] Trial 28 finished with value: 0.6093133802019357 and parameters: {'n_estimators': 228, 'max_depth': 3, 'learning_rate': 0.10160963080009247, 'subsample': 0.8233028757606115, 'colsample_bytree': 0.885041362455609, 'min_child_weight': 5, 'reg_alpha': 0.35423330757408183, 'reg_lambda': 0.5463076302576539}. Best is trial 27 with value: 0.6096159039629232.
[I 2026-04-12 14:40:17,840] Trial 29 finished with value: 0.6078247079423986 and parameters: {'n_estimators': 227, 'max_depth': 3, 'learning_rate': 0.1360986869763387, 'subsample': 0.9440928502060995, 'colsample_bytree': 0.9264826629992896, 'min_child_weight': 7, 'reg_alpha': 0.27028076863473427, 'reg_lambda': 0.6524233345117305}. Best is trial 27 with value: 0.6096159039629232.
[optuna] Best params: {'n_estimators': 246, 'max_depth': 3, 'learning_rate': 0.09422734026209485, 'subsample': 0.8255801351712314, 'colsample_bytree': 0.8615349796480778, 'min_child_weight': 2, 'reg_alpha': 0.34750045721388495, 'reg_lambda': 0.7495653776784963}
[wf] pts_ast: auc_raw=0.567 brier_raw=0.274 auc_cal=0.559 brier_cal=0.256 folds=5
[optuna] Optimizing hyperparameters for pts_ast regression...
[I 2026-04-12 14:55:57,364] A new study created in memory with name: no-name-b48cb6e3-9068-41ea-b454-7adc16f8daca
[I 2026-04-12 14:56:01,795] Trial 0 finished with value: 7.511968700529045 and parameters: {'n_estimators': 437, 'max_depth': 5, 'learning_rate': 0.1797433036550995, 'subsample': 0.6296722400771917, 'colsample_bytree': 0.8219682096327585, 'min_child_weight': 4, 'reg_alpha': 0.16602769463517375, 'reg_lambda': 0.782637686931922}. Best is trial 0 with value: 7.511968700529045.
[I 2026-04-12 14:56:08,872] Trial 1 finished with value: 7.158858164518896 and parameters: {'n_estimators': 452, 'max_depth': 7, 'learning_rate': 0.031206023015857544, 'subsample': 0.9952490285730267, 'colsample_bytree': 0.9811329110887789, 'min_child_weight': 3, 'reg_alpha': 0.503402247213226, 'reg_lambda': 0.09744831486809225}. Best is trial 1 with value: 7.158858164518896.
[I 2026-04-12 14:56:15,595] Trial 2 finished with value: 7.220864653695966 and parameters: {'n_estimators': 904, 'max_depth': 4, 'learning_rate': 0.08316429553025606, 'subsample': 0.9151197748160756, 'colsample_bytree': 0.7275013270934386, 'min_child_weight': 5, 'reg_alpha': 0.22651613384659397, 'reg_lambda': 0.18825603007492475}. Best is trial 1 with value: 7.158858164518896.
[I 2026-04-12 14:56:21,037] Trial 3 finished with value: 7.136614033745802 and parameters: {'n_estimators': 580, 'max_depth': 5, 'learning_rate': 0.04431244121444127, 'subsample': 0.8627177574786475, 'colsample_bytree': 0.8236337803535149, 'min_child_weight': 3, 'reg_alpha': 0.3444778996230684, 'reg_lambda': 0.048876677885026365}. Best is trial 3 with value: 7.136614033745802.
[I 2026-04-12 14:56:29,721] Trial 4 finished with value: 7.128178770770987 and parameters: {'n_estimators': 720, 'max_depth': 6, 'learning_rate': 0.022585422870625184, 'subsample': 0.6322704567813767, 'colsample_bytree': 0.7128962872726953, 'min_child_weight': 6, 'reg_alpha': 0.21717426811055207, 'reg_lambda': 0.891705334814457}. Best is trial 4 with value: 7.128178770770987.
[I 2026-04-12 14:56:50,763] Trial 5 finished with value: 7.637619988907764 and parameters: {'n_estimators': 636, 'max_depth': 9, 'learning_rate': 0.17258836219851298, 'subsample': 0.8825726869549246, 'colsample_bytree': 0.9282452101692964, 'min_child_weight': 6, 'reg_alpha': 0.5986054977224882, 'reg_lambda': 0.08061675642431743}. Best is trial 4 with value: 7.128178770770987.
[I 2026-04-12 14:56:58,355] Trial 6 finished with value: 7.312607077532904 and parameters: {'n_estimators': 995, 'max_depth': 3, 'learning_rate': 0.16778012245297322, 'subsample': 0.9400817548642122, 'colsample_bytree': 0.8464865692974849, 'min_child_weight': 2, 'reg_alpha': 0.9325360851705908, 'reg_lambda': 0.2499910485314264}. Best is trial 4 with value: 7.128178770770987.
[I 2026-04-12 14:57:10,740] Trial 7 finished with value: 7.072463476770806 and parameters: {'n_estimators': 867, 'max_depth': 6, 'learning_rate': 0.01005764234083177, 'subsample': 0.8291883599005143, 'colsample_bytree': 0.6236263414755088, 'min_child_weight': 7, 'reg_alpha': 0.8856511183428222, 'reg_lambda': 0.8862697151318879}. Best is trial 7 with value: 7.072463476770806.
[I 2026-04-12 14:57:21,780] Trial 8 finished with value: 7.7298871453377975 and parameters: {'n_estimators': 739, 'max_depth': 6, 'learning_rate': 0.15717601861562644, 'subsample': 0.6820745894876805, 'colsample_bytree': 0.6050248652115479, 'min_child_weight': 7, 'reg_alpha': 0.9260183640630415, 'reg_lambda': 0.6883701877072513}. Best is trial 7 with value: 7.072463476770806.
[I 2026-04-12 14:57:49,705] Trial 9 finished with value: 7.321969085333917 and parameters: {'n_estimators': 568, 'max_depth': 10, 'learning_rate': 0.07444117572535122, 'subsample': 0.8224510254293481, 'colsample_bytree': 0.7831499517595297, 'min_child_weight': 5, 'reg_alpha': 0.30384971615775036, 'reg_lambda': 0.870521506680581}. Best is trial 7 with value: 7.072463476770806.
[I 2026-04-12 14:57:54,179] Trial 10 finished with value: 7.244792464129053 and parameters: {'n_estimators': 145, 'max_depth': 8, 'learning_rate': 0.01173054515061264, 'subsample': 0.741434665489049, 'colsample_bytree': 0.6192436977845903, 'min_child_weight': 10, 'reg_alpha': 0.723090053595138, 'reg_lambda': 0.5245468313322581}. Best is trial 7 with value: 7.072463476770806.
[I 2026-04-12 14:58:09,645] Trial 11 finished with value: 7.0925463543415335 and parameters: {'n_estimators': 806, 'max_depth': 7, 'learning_rate': 0.010388733243803506, 'subsample': 0.759166405154315, 'colsample_bytree': 0.6900289634030338, 'min_child_weight': 8, 'reg_alpha': 0.05782645387967819, 'reg_lambda': 0.9994976103837275}. Best is trial 7 with value: 7.072463476770806.
[I 2026-04-12 14:58:31,215] Trial 12 finished with value: 7.09996870507074 and parameters: {'n_estimators': 850, 'max_depth': 8, 'learning_rate': 0.010579209757554772, 'subsample': 0.7598553414348118, 'colsample_bytree': 0.6778382528026891, 'min_child_weight': 9, 'reg_alpha': 0.02187828793745493, 'reg_lambda': 0.9932495000538223}. Best is trial 7 with value: 7.072463476770806.
[I 2026-04-12 14:58:46,518] Trial 13 finished with value: 7.117396545584825 and parameters: {'n_estimators': 825, 'max_depth': 7, 'learning_rate': 0.018331353622327223, 'subsample': 0.8039858076393346, 'colsample_bytree': 0.6634190570347354, 'min_child_weight': 8, 'reg_alpha': 0.7295623986493195, 'reg_lambda': 0.6077900363990845}. Best is trial 7 with value: 7.072463476770806.
[I 2026-04-12 14:58:58,406] Trial 14 finished with value: 7.082353034058465 and parameters: {'n_estimators': 998, 'max_depth': 5, 'learning_rate': 0.017151009649271087, 'subsample': 0.7455795336477671, 'colsample_bytree': 0.7520421464962346, 'min_child_weight': 8, 'reg_alpha': 0.018882886263489385, 'reg_lambda': 0.3548754081857063}. Best is trial 7 with value: 7.072463476770806.
[I 2026-04-12 14:59:08,542] Trial 15 finished with value: 7.07426559644769 and parameters: {'n_estimators': 999, 'max_depth': 4, 'learning_rate': 0.01763462274736282, 'subsample': 0.6744968249399597, 'colsample_bytree': 0.7505396357119531, 'min_child_weight': 10, 'reg_alpha': 0.8052373396356878, 'reg_lambda': 0.36024424690506607}. Best is trial 7 with value: 7.072463476770806.
[I 2026-04-12 14:59:10,649] Trial 16 finished with value: 7.090229399026938 and parameters: {'n_estimators': 205, 'max_depth': 3, 'learning_rate': 0.031536413910405, 'subsample': 0.6888478389320419, 'colsample_bytree': 0.8844789676825474, 'min_child_weight': 10, 'reg_alpha': 0.8212946584983335, 'reg_lambda': 0.39267098603563094}. Best is trial 7 with value: 7.072463476770806.
[I 2026-04-12 14:59:20,076] Trial 17 finished with value: 7.072238384583245 and parameters: {'n_estimators': 930, 'max_depth': 4, 'learning_rate': 0.014988238821069503, 'subsample': 0.688518391519131, 'colsample_bytree': 0.6502862226093901, 'min_child_weight': 9, 'reg_alpha': 0.8059282354574799, 'reg_lambda': 0.42007818366240723}. Best is trial 17 with value: 7.072238384583245.
[I 2026-04-12 14:59:26,763] Trial 18 finished with value: 7.64693464917759 and parameters: {'n_estimators': 696, 'max_depth': 4, 'learning_rate': 0.2935042470028229, 'subsample': 0.8496353652079722, 'colsample_bytree': 0.653651288617976, 'min_child_weight': 7, 'reg_alpha': 0.5912704980549299, 'reg_lambda': 0.5130313636373771}. Best is trial 17 with value: 7.072238384583245.
[I 2026-04-12 14:59:33,598] Trial 19 finished with value: 7.079954536038269 and parameters: {'n_estimators': 395, 'max_depth': 6, 'learning_rate': 0.014071748474325364, 'subsample': 0.7144471746205794, 'colsample_bytree': 0.6263406533342649, 'min_child_weight': 9, 'reg_alpha': 0.9982020081457755, 'reg_lambda': 0.6367938102027333}. Best is trial 17 with value: 7.072238384583245.
[I 2026-04-12 14:59:44,644] Trial 20 finished with value: 7.121973638802049 and parameters: {'n_estimators': 906, 'max_depth': 5, 'learning_rate': 0.02733438836978491, 'subsample': 0.6000346850224285, 'colsample_bytree': 0.6426193796588244, 'min_child_weight': 1, 'reg_alpha': 0.6574695102993445, 'reg_lambda': 0.7162054331846677}. Best is trial 17 with value: 7.072238384583245.
[I 2026-04-12 14:59:54,021] Trial 21 finished with value: 7.069089068558306 and parameters: {'n_estimators': 917, 'max_depth': 4, 'learning_rate': 0.01640203892612112, 'subsample': 0.6705348385796718, 'colsample_bytree': 0.7576628354873732, 'min_child_weight': 9, 'reg_alpha': 0.8542724936582053, 'reg_lambda': 0.39207217036996217}. Best is trial 21 with value: 7.069089068558306.
[I 2026-04-12 15:00:01,531] Trial 22 finished with value: 7.102672784576049 and parameters: {'n_estimators': 901, 'max_depth': 3, 'learning_rate': 0.04709883607192852, 'subsample': 0.787973748114801, 'colsample_bytree': 0.7008541173618434, 'min_child_weight': 9, 'reg_alpha': 0.8433880411561375, 'reg_lambda': 0.45916236448451747}. Best is trial 21 with value: 7.069089068558306.
[I 2026-04-12 15:00:10,042] Trial 23 finished with value: 7.072681046705535 and parameters: {'n_estimators': 792, 'max_depth': 4, 'learning_rate': 0.013945487080211545, 'subsample': 0.6521195838848561, 'colsample_bytree': 0.7683100156887502, 'min_child_weight': 7, 'reg_alpha': 0.8996563969836178, 'reg_lambda': 0.26863671226616137}. Best is trial 21 with value: 7.069089068558306.
[I 2026-04-12 15:00:19,505] Trial 24 finished with value: 7.078897696246353 and parameters: {'n_estimators': 926, 'max_depth': 4, 'learning_rate': 0.023139902045285245, 'subsample': 0.7130033451895884, 'colsample_bytree': 0.6600340456773585, 'min_child_weight': 8, 'reg_alpha': 0.7350352527481612, 'reg_lambda': 0.4390452708638455}. Best is trial 21 with value: 7.069089068558306.
[I 2026-04-12 15:00:27,418] Trial 25 finished with value: 7.070813301104856 and parameters: {'n_estimators': 668, 'max_depth': 5, 'learning_rate': 0.013779124435606112, 'subsample': 0.8216551361701102, 'colsample_bytree': 0.6000194776233482, 'min_child_weight': 9, 'reg_alpha': 0.9940058889576102, 'reg_lambda': 0.5769039758682061}. Best is trial 21 with value: 7.069089068558306.
[I 2026-04-12 15:00:31,221] Trial 26 finished with value: 7.080246865512109 and parameters: {'n_estimators': 307, 'max_depth': 5, 'learning_rate': 0.03795406992518865, 'subsample': 0.7844087195019765, 'colsample_bytree': 0.6063582501400958, 'min_child_weight': 9, 'reg_alpha': 0.9793474198930017, 'reg_lambda': 0.6043751730671808}. Best is trial 21 with value: 7.069089068558306.
[I 2026-04-12 15:00:36,667] Trial 27 finished with value: 7.0783966636996105 and parameters: {'n_estimators': 618, 'max_depth': 3, 'learning_rate': 0.01478279330406739, 'subsample': 0.6060751683557002, 'colsample_bytree': 0.7269086229081739, 'min_child_weight': 10, 'reg_alpha': 0.7824843933235298, 'reg_lambda': 0.29148288413226914}. Best is trial 21 with value: 7.069089068558306.
[I 2026-04-12 15:00:43,482] Trial 28 finished with value: 7.064018426212957 and parameters: {'n_estimators': 678, 'max_depth': 4, 'learning_rate': 0.020992914835212796, 'subsample': 0.7113938832875506, 'colsample_bytree': 0.8848961807759441, 'min_child_weight': 9, 'reg_alpha': 0.4773975007995952, 'reg_lambda': 0.549385974366389}. Best is trial 28 with value: 7.064018426212957.
[I 2026-04-12 15:00:49,380] Trial 29 finished with value: 7.084831032531226 and parameters: {'n_estimators': 478, 'max_depth': 5, 'learning_rate': 0.021083576769379362, 'subsample': 0.6475327261741868, 'colsample_bytree': 0.8926154730592635, 'min_child_weight': 8, 'reg_alpha': 0.42853489495199804, 'reg_lambda': 0.548374612908496}. Best is trial 28 with value: 7.064018426212957.
[optuna] Best params: {'n_estimators': 678, 'max_depth': 4, 'learning_rate': 0.020992914835212796, 'subsample': 0.7113938832875506, 'colsample_bytree': 0.8848961807759441, 'min_child_weight': 9, 'reg_alpha': 0.4773975007995952, 'reg_lambda': 0.549385974366389}
[optuna] Optimizing hyperparameters for pts_ast classification...
[I 2026-04-12 15:15:45,206] A new study created in memory with name: no-name-a2103dec-0356-4fdc-b309-f03fd9868906
[I 2026-04-12 15:15:50,947] Trial 0 finished with value: 0.5706963730930241 and parameters: {'n_estimators': 111, 'max_depth': 9, 'learning_rate': 0.24386311570710376, 'subsample': 0.9771646521237461, 'colsample_bytree': 0.9574804211387419, 'min_child_weight': 3, 'reg_alpha': 0.07098985608623332, 'reg_lambda': 0.3520987821746927}. Best is trial 0 with value: 0.5706963730930241.
[I 2026-04-12 15:16:19,659] Trial 1 finished with value: 0.5859228111472301 and parameters: {'n_estimators': 887, 'max_depth': 7, 'learning_rate': 0.15384136528007483, 'subsample': 0.6015450051706871, 'colsample_bytree': 0.889057736668598, 'min_child_weight': 5, 'reg_alpha': 0.911483110604307, 'reg_lambda': 0.6078660132171447}. Best is trial 1 with value: 0.5859228111472301.
[I 2026-04-12 15:16:54,430] Trial 2 finished with value: 0.6036595087817089 and parameters: {'n_estimators': 645, 'max_depth': 9, 'learning_rate': 0.016518801008751124, 'subsample': 0.9836621490125997, 'colsample_bytree': 0.6378598933666214, 'min_child_weight': 3, 'reg_alpha': 0.7968435093320451, 'reg_lambda': 0.5278254172938898}. Best is trial 2 with value: 0.6036595087817089.
[I 2026-04-12 15:17:02,867] Trial 3 finished with value: 0.5995509542482742 and parameters: {'n_estimators': 108, 'max_depth': 9, 'learning_rate': 0.029385275334035777, 'subsample': 0.7680344113309349, 'colsample_bytree': 0.8905931057384457, 'min_child_weight': 2, 'reg_alpha': 0.7168988874238976, 'reg_lambda': 0.015525169486540702}. Best is trial 2 with value: 0.6036595087817089.
[I 2026-04-12 15:17:08,098] Trial 4 finished with value: 0.6078209579535824 and parameters: {'n_estimators': 178, 'max_depth': 3, 'learning_rate': 0.043630823042115706, 'subsample': 0.6950604778151734, 'colsample_bytree': 0.8184423899628683, 'min_child_weight': 7, 'reg_alpha': 0.13338495055406652, 'reg_lambda': 0.897765839289302}. Best is trial 4 with value: 0.6078209579535824.
[I 2026-04-12 15:17:31,228] Trial 5 finished with value: 0.6124571205607278 and parameters: {'n_estimators': 809, 'max_depth': 4, 'learning_rate': 0.017762607553844453, 'subsample': 0.931074986036469, 'colsample_bytree': 0.9934248412672663, 'min_child_weight': 2, 'reg_alpha': 0.7985153232416395, 'reg_lambda': 0.7836876518304391}. Best is trial 5 with value: 0.6124571205607278.
[I 2026-04-12 15:17:55,279] Trial 6 finished with value: 0.5835730896001927 and parameters: {'n_estimators': 828, 'max_depth': 4, 'learning_rate': 0.24075856393568745, 'subsample': 0.7516240626028423, 'colsample_bytree': 0.6722849143639267, 'min_child_weight': 1, 'reg_alpha': 0.5453358164774055, 'reg_lambda': 0.5701362509893757}. Best is trial 5 with value: 0.6124571205607278.
[I 2026-04-12 15:18:21,162] Trial 7 finished with value: 0.6030016140723814 and parameters: {'n_estimators': 792, 'max_depth': 5, 'learning_rate': 0.07730584787832719, 'subsample': 0.7027753769823472, 'colsample_bytree': 0.7844729734825371, 'min_child_weight': 5, 'reg_alpha': 0.5940176500965255, 'reg_lambda': 0.9443590763882596}. Best is trial 5 with value: 0.6124571205607278.
[I 2026-04-12 15:18:43,605] Trial 8 finished with value: 0.6134855948908763 and parameters: {'n_estimators': 728, 'max_depth': 4, 'learning_rate': 0.03374898122135166, 'subsample': 0.6896505627869379, 'colsample_bytree': 0.6986145960020043, 'min_child_weight': 10, 'reg_alpha': 0.08383632336452784, 'reg_lambda': 0.040093783503501235}. Best is trial 8 with value: 0.6134855948908763.
[I 2026-04-12 15:19:07,892] Trial 9 finished with value: 0.6065640507195769 and parameters: {'n_estimators': 336, 'max_depth': 9, 'learning_rate': 0.01059156139839363, 'subsample': 0.677717840927955, 'colsample_bytree': 0.75192659798057, 'min_child_weight': 4, 'reg_alpha': 0.027768604367768845, 'reg_lambda': 0.11930212457122225}. Best is trial 8 with value: 0.6134855948908763.
[I 2026-04-12 15:19:26,552] Trial 10 finished with value: 0.5980112417539325 and parameters: {'n_estimators': 521, 'max_depth': 6, 'learning_rate': 0.08338158356251081, 'subsample': 0.8527691535018969, 'colsample_bytree': 0.7065264396329154, 'min_child_weight': 10, 'reg_alpha': 0.3289489346458576, 'reg_lambda': 0.24326239909027877}. Best is trial 8 with value: 0.6134855948908763.
[I 2026-04-12 15:19:51,015] Trial 11 finished with value: 0.6138073784497101 and parameters: {'n_estimators': 977, 'max_depth': 3, 'learning_rate': 0.020959358753856943, 'subsample': 0.863272035062107, 'colsample_bytree': 0.6068109111914552, 'min_child_weight': 8, 'reg_alpha': 0.3560738441271205, 'reg_lambda': 0.7770544199276026}. Best is trial 11 with value: 0.6138073784497101.
[I 2026-04-12 15:20:15,590] Trial 12 finished with value: 0.6174564184355474 and parameters: {'n_estimators': 959, 'max_depth': 3, 'learning_rate': 0.02898068959624707, 'subsample': 0.8442052413923691, 'colsample_bytree': 0.6068697887560747, 'min_child_weight': 10, 'reg_alpha': 0.30923048291800637, 'reg_lambda': 0.7437257808050881}. Best is trial 12 with value: 0.6174564184355474.
[I 2026-04-12 15:20:40,049] Trial 13 finished with value: 0.6144598990052211 and parameters: {'n_estimators': 971, 'max_depth': 3, 'learning_rate': 0.020886164692951844, 'subsample': 0.8582018035127462, 'colsample_bytree': 0.601444671504728, 'min_child_weight': 8, 'reg_alpha': 0.32974063640334395, 'reg_lambda': 0.7497133654774929}. Best is trial 12 with value: 0.6174564184355474.
[I 2026-04-12 15:21:20,654] Trial 14 finished with value: 0.6154381030405262 and parameters: {'n_estimators': 1000, 'max_depth': 7, 'learning_rate': 0.01146020192760849, 'subsample': 0.850491765600855, 'colsample_bytree': 0.6051374458887157, 'min_child_weight': 8, 'reg_alpha': 0.3055466125558779, 'reg_lambda': 0.7373498982258362}. Best is trial 12 with value: 0.6174564184355474.
[I 2026-04-12 15:21:45,419] Trial 15 finished with value: 0.6096973636241554 and parameters: {'n_estimators': 541, 'max_depth': 7, 'learning_rate': 0.01163378925949202, 'subsample': 0.8146784052896606, 'colsample_bytree': 0.6591726363020645, 'min_child_weight': 9, 'reg_alpha': 0.42910134472751116, 'reg_lambda': 0.6969313169177891}. Best is trial 12 with value: 0.6174564184355474.
[I 2026-04-12 15:22:19,870] Trial 16 finished with value: 0.599594857111845 and parameters: {'n_estimators': 995, 'max_depth': 6, 'learning_rate': 0.055636912981103875, 'subsample': 0.9085562948416182, 'colsample_bytree': 0.7363668304624345, 'min_child_weight': 7, 'reg_alpha': 0.22021666204762347, 'reg_lambda': 0.4048090032537218}. Best is trial 12 with value: 0.6174564184355474.
[I 2026-04-12 15:22:51,361] Trial 17 finished with value: 0.6056381941488137 and parameters: {'n_estimators': 664, 'max_depth': 8, 'learning_rate': 0.02922680302414127, 'subsample': 0.8138237218198044, 'colsample_bytree': 0.6394343202319998, 'min_child_weight': 9, 'reg_alpha': 0.23284015575151115, 'reg_lambda': 0.656356450903353}. Best is trial 12 with value: 0.6174564184355474.
[I 2026-04-12 15:23:23,194] Trial 18 finished with value: 0.6057609911238915 and parameters: {'n_estimators': 410, 'max_depth': 10, 'learning_rate': 0.014298142143687308, 'subsample': 0.9127134380354253, 'colsample_bytree': 0.8280093120872344, 'min_child_weight': 7, 'reg_alpha': 0.46160201243200283, 'reg_lambda': 0.8651728992915646}. Best is trial 12 with value: 0.6174564184355474.
[I 2026-04-12 15:23:50,737] Trial 19 finished with value: 0.5966572338069043 and parameters: {'n_estimators': 910, 'max_depth': 5, 'learning_rate': 0.0705414801066242, 'subsample': 0.7841364872619637, 'colsample_bytree': 0.6953631540402624, 'min_child_weight': 9, 'reg_alpha': 0.19519133406277112, 'reg_lambda': 0.4421703141973353}. Best is trial 12 with value: 0.6174564184355474.
[I 2026-04-12 15:24:29,063] Trial 20 finished with value: 0.5951877617120551 and parameters: {'n_estimators': 877, 'max_depth': 8, 'learning_rate': 0.1205493584791729, 'subsample': 0.883790878641596, 'colsample_bytree': 0.6042240577007303, 'min_child_weight': 6, 'reg_alpha': 0.6219630171558541, 'reg_lambda': 0.9959348068167757}. Best is trial 12 with value: 0.6174564184355474.
[I 2026-04-12 15:24:53,614] Trial 21 finished with value: 0.6149477690103093 and parameters: {'n_estimators': 970, 'max_depth': 3, 'learning_rate': 0.022625864914950077, 'subsample': 0.8435660330987911, 'colsample_bytree': 0.6012789489663558, 'min_child_weight': 8, 'reg_alpha': 0.3144976942304933, 'reg_lambda': 0.7468617239264346}. Best is trial 12 with value: 0.6174564184355474.
[I 2026-04-12 15:25:22,222] Trial 22 finished with value: 0.614255207175163 and parameters: {'n_estimators': 922, 'max_depth': 5, 'learning_rate': 0.02433430049270183, 'subsample': 0.8092881865536294, 'colsample_bytree': 0.629997470190072, 'min_child_weight': 8, 'reg_alpha': 0.3834349581502685, 'reg_lambda': 0.8146385853073753}. Best is trial 12 with value: 0.6174564184355474.
[I 2026-04-12 15:25:42,576] Trial 23 finished with value: 0.6146004285967828 and parameters: {'n_estimators': 736, 'max_depth': 4, 'learning_rate': 0.0423551311066597, 'subsample': 0.9407652496476115, 'colsample_bytree': 0.6620708533865403, 'min_child_weight': 10, 'reg_alpha': 0.2776418811762223, 'reg_lambda': 0.6828634842885938}. Best is trial 12 with value: 0.6174564184355474.
[I 2026-04-12 15:26:17,508] Trial 24 finished with value: 0.6125957089047693 and parameters: {'n_estimators': 988, 'max_depth': 6, 'learning_rate': 0.013273637455540076, 'subsample': 0.8311623051850086, 'colsample_bytree': 0.6381999500961693, 'min_child_weight': 9, 'reg_alpha': 0.4561898809617696, 'reg_lambda': 0.8496751305302291}. Best is trial 12 with value: 0.6174564184355474.
[I 2026-04-12 15:26:40,734] Trial 25 finished with value: 0.6083598475680866 and parameters: {'n_estimators': 859, 'max_depth': 3, 'learning_rate': 0.010141169805673398, 'subsample': 0.7328371140557278, 'colsample_bytree': 0.7392917248624712, 'min_child_weight': 6, 'reg_alpha': 0.18599017513910784, 'reg_lambda': 0.4923533565695227}. Best is trial 12 with value: 0.6174564184355474.
[I 2026-04-12 15:27:09,974] Trial 26 finished with value: 0.6029321299578294 and parameters: {'n_estimators': 756, 'max_depth': 7, 'learning_rate': 0.03580818663732165, 'subsample': 0.8778423993276956, 'colsample_bytree': 0.6862962006055264, 'min_child_weight': 8, 'reg_alpha': 0.31235372106478426, 'reg_lambda': 0.6245472612863017}. Best is trial 12 with value: 0.6174564184355474.
[I 2026-04-12 15:27:31,835] Trial 27 finished with value: 0.6127881816795222 and parameters: {'n_estimators': 666, 'max_depth': 5, 'learning_rate': 0.023914986616532075, 'subsample': 0.8360647469578679, 'colsample_bytree': 0.6239479220808474, 'min_child_weight': 10, 'reg_alpha': 0.4045532614331352, 'reg_lambda': 0.7096613694973277}. Best is trial 12 with value: 0.6174564184355474.
[I 2026-04-12 15:28:15,941] Trial 28 finished with value: 0.6066569413302583 and parameters: {'n_estimators': 937, 'max_depth': 8, 'learning_rate': 0.016173601365342734, 'subsample': 0.893523219428019, 'colsample_bytree': 0.6607306708448987, 'min_child_weight': 7, 'reg_alpha': 0.5521928345116357, 'reg_lambda': 0.9299536459111944}. Best is trial 12 with value: 0.6174564184355474.
[I 2026-04-12 15:28:29,733] Trial 29 finished with value: 0.6108069521280555 and parameters: {'n_estimators': 434, 'max_depth': 4, 'learning_rate': 0.0193022503140737, 'subsample': 0.9598651318585798, 'colsample_bytree': 0.9150824113693256, 'min_child_weight': 9, 'reg_alpha': 0.12733738764296815, 'reg_lambda': 0.3338684613585974}. Best is trial 12 with value: 0.6174564184355474.
[optuna] Best params: {'n_estimators': 959, 'max_depth': 3, 'learning_rate': 0.02898068959624707, 'subsample': 0.8442052413923691, 'colsample_bytree': 0.6068697887560747, 'min_child_weight': 10, 'reg_alpha': 0.30923048291800637, 'reg_lambda': 0.7437257808050881}
[wf] ast_reb: auc_raw=0.603 brier_raw=0.263 auc_cal=0.593 brier_cal=0.241 folds=5
[optuna] Optimizing hyperparameters for ast_reb regression...
[I 2026-04-12 15:44:34,899] A new study created in memory with name: no-name-dacaf88f-c713-4d0d-aa3b-4401d5b9cc85
[I 2026-04-12 15:44:45,306] Trial 0 finished with value: 3.7497727783540795 and parameters: {'n_estimators': 660, 'max_depth': 7, 'learning_rate': 0.0724405876538052, 'subsample': 0.7443393253410014, 'colsample_bytree': 0.9487547932527036, 'min_child_weight': 3, 'reg_alpha': 0.5928354236082142, 'reg_lambda': 0.10792046137235611}. Best is trial 0 with value: 3.7497727783540795.
[I 2026-04-12 15:44:49,352] Trial 1 finished with value: 3.7390984575906128 and parameters: {'n_estimators': 145, 'max_depth': 9, 'learning_rate': 0.11541891324776365, 'subsample': 0.7898769517354342, 'colsample_bytree': 0.788908142869497, 'min_child_weight': 4, 'reg_alpha': 0.8501032495992685, 'reg_lambda': 0.6822079038650646}. Best is trial 1 with value: 3.7390984575906128.
[I 2026-04-12 15:45:15,583] Trial 2 finished with value: 3.7612294036585734 and parameters: {'n_estimators': 951, 'max_depth': 9, 'learning_rate': 0.06201715941338536, 'subsample': 0.796224292323162, 'colsample_bytree': 0.8398133832242448, 'min_child_weight': 7, 'reg_alpha': 0.9990058114319953, 'reg_lambda': 0.7044170621572039}. Best is trial 1 with value: 3.7390984575906128.
[I 2026-04-12 15:45:30,444] Trial 3 finished with value: 3.736499448221663 and parameters: {'n_estimators': 651, 'max_depth': 8, 'learning_rate': 0.057607442540694394, 'subsample': 0.7497543951320232, 'colsample_bytree': 0.7532018269253408, 'min_child_weight': 1, 'reg_alpha': 0.12010961400373332, 'reg_lambda': 0.4746019842257563}. Best is trial 3 with value: 3.736499448221663.
[I 2026-04-12 15:45:39,341] Trial 4 finished with value: 3.7390613894184264 and parameters: {'n_estimators': 841, 'max_depth': 5, 'learning_rate': 0.1125419304995673, 'subsample': 0.9859630971918802, 'colsample_bytree': 0.9464662542030918, 'min_child_weight': 1, 'reg_alpha': 0.8560102275047704, 'reg_lambda': 0.769863874590453}. Best is trial 3 with value: 3.736499448221663.
[I 2026-04-12 15:45:58,808] Trial 5 finished with value: 3.7543859184629875 and parameters: {'n_estimators': 826, 'max_depth': 8, 'learning_rate': 0.049540972968766535, 'subsample': 0.6110863820943404, 'colsample_bytree': 0.918565733570048, 'min_child_weight': 7, 'reg_alpha': 0.2981991477525162, 'reg_lambda': 0.4278730114727296}. Best is trial 3 with value: 3.736499448221663.
[I 2026-04-12 15:46:04,572] Trial 6 finished with value: 3.7351150194760483 and parameters: {'n_estimators': 624, 'max_depth': 4, 'learning_rate': 0.184830334884637, 'subsample': 0.9386001152739297, 'colsample_bytree': 0.9888531166022624, 'min_child_weight': 9, 'reg_alpha': 0.7127978161744091, 'reg_lambda': 0.1215464640851821}. Best is trial 6 with value: 3.7351150194760483.
[I 2026-04-12 15:46:07,378] Trial 7 finished with value: 3.6037267317676758 and parameters: {'n_estimators': 190, 'max_depth': 6, 'learning_rate': 0.053541682464004904, 'subsample': 0.7729999789388183, 'colsample_bytree': 0.7435256201166255, 'min_child_weight': 9, 'reg_alpha': 0.03348837670122096, 'reg_lambda': 0.9042755879520396}. Best is trial 7 with value: 3.6037267317676758.
[I 2026-04-12 15:46:13,489] Trial 8 finished with value: 3.5989030372966893 and parameters: {'n_estimators': 747, 'max_depth': 3, 'learning_rate': 0.07562692559550019, 'subsample': 0.6214413110590031, 'colsample_bytree': 0.7639289233984252, 'min_child_weight': 3, 'reg_alpha': 0.8159826442313785, 'reg_lambda': 0.9150276589329691}. Best is trial 8 with value: 3.5989030372966893.
[I 2026-04-12 15:46:15,420] Trial 9 finished with value: 3.6354806398164694 and parameters: {'n_estimators': 148, 'max_depth': 5, 'learning_rate': 0.11505137331359792, 'subsample': 0.7772189390891034, 'colsample_bytree': 0.9061807400709823, 'min_child_weight': 1, 'reg_alpha': 0.7233917533429322, 'reg_lambda': 0.46475699371509216}. Best is trial 8 with value: 3.5989030372966893.
[I 2026-04-12 15:46:18,929] Trial 10 finished with value: 3.593188507431861 and parameters: {'n_estimators': 397, 'max_depth': 3, 'learning_rate': 0.017580920481527207, 'subsample': 0.6160188208378027, 'colsample_bytree': 0.6245779710168808, 'min_child_weight': 5, 'reg_alpha': 0.41311086890975024, 'reg_lambda': 0.9573661525772288}. Best is trial 10 with value: 3.593188507431861.
[I 2026-04-12 15:46:22,712] Trial 11 finished with value: 3.597977787854601 and parameters: {'n_estimators': 392, 'max_depth': 3, 'learning_rate': 0.015038580596400035, 'subsample': 0.6072837118817566, 'colsample_bytree': 0.604304978723973, 'min_child_weight': 4, 'reg_alpha': 0.37905790750745855, 'reg_lambda': 0.9492218384812027}. Best is trial 10 with value: 3.593188507431861.
[I 2026-04-12 15:46:26,552] Trial 12 finished with value: 3.599156783982632 and parameters: {'n_estimators': 419, 'max_depth': 3, 'learning_rate': 0.013919277051852266, 'subsample': 0.6861999850632544, 'colsample_bytree': 0.6025006630304595, 'min_child_weight': 5, 'reg_alpha': 0.3580834717877181, 'reg_lambda': 0.9935696083996961}. Best is trial 10 with value: 3.593188507431861.
[I 2026-04-12 15:46:30,431] Trial 13 finished with value: 3.6035002138564955 and parameters: {'n_estimators': 398, 'max_depth': 3, 'learning_rate': 0.011295090283232442, 'subsample': 0.6696459118323492, 'colsample_bytree': 0.605411933976922, 'min_child_weight': 6, 'reg_alpha': 0.41825021326097506, 'reg_lambda': 0.7938115370999811}. Best is trial 10 with value: 3.593188507431861.
[I 2026-04-12 15:46:34,826] Trial 14 finished with value: 3.5889725436800117 and parameters: {'n_estimators': 420, 'max_depth': 4, 'learning_rate': 0.022932054466453394, 'subsample': 0.8773147854956507, 'colsample_bytree': 0.6698382266985943, 'min_child_weight': 4, 'reg_alpha': 0.17934394948908364, 'reg_lambda': 0.6066735204659326}. Best is trial 14 with value: 3.5889725436800117.
[I 2026-04-12 15:46:38,560] Trial 15 finished with value: 3.592376930165853 and parameters: {'n_estimators': 292, 'max_depth': 5, 'learning_rate': 0.025066014324795903, 'subsample': 0.8910446887010917, 'colsample_bytree': 0.6807800162717446, 'min_child_weight': 6, 'reg_alpha': 0.20964363835897587, 'reg_lambda': 0.25721703426332254}. Best is trial 14 with value: 3.5889725436800117.
[I 2026-04-12 15:46:41,998] Trial 16 finished with value: 3.591603892503399 and parameters: {'n_estimators': 271, 'max_depth': 5, 'learning_rate': 0.026989933454199883, 'subsample': 0.8885164193394814, 'colsample_bytree': 0.6725713858713273, 'min_child_weight': 7, 'reg_alpha': 0.1829919036604791, 'reg_lambda': 0.28386546773549626}. Best is trial 14 with value: 3.5889725436800117.
[I 2026-04-12 15:46:49,696] Trial 17 finished with value: 3.6088373353279266 and parameters: {'n_estimators': 519, 'max_depth': 6, 'learning_rate': 0.027572614544135718, 'subsample': 0.8627305114484811, 'colsample_bytree': 0.6864043474410304, 'min_child_weight': 10, 'reg_alpha': 0.15617961101613817, 'reg_lambda': 0.30944906664729377}. Best is trial 14 with value: 3.5889725436800117.
[I 2026-04-12 15:46:52,640] Trial 18 finished with value: 3.5836786676977774 and parameters: {'n_estimators': 265, 'max_depth': 4, 'learning_rate': 0.032652422513114863, 'subsample': 0.8588577076776004, 'colsample_bytree': 0.6862654184297845, 'min_child_weight': 8, 'reg_alpha': 0.01938003666685975, 'reg_lambda': 0.5941433489264591}. Best is trial 18 with value: 3.5836786676977774.
[I 2026-04-12 15:46:57,531] Trial 19 finished with value: 3.5923356168400917 and parameters: {'n_estimators': 496, 'max_depth': 4, 'learning_rate': 0.03714881674596458, 'subsample': 0.8432656633591703, 'colsample_bytree': 0.717342819805987, 'min_child_weight': 8, 'reg_alpha': 0.03229446161936022, 'reg_lambda': 0.5927916282198964}. Best is trial 18 with value: 3.5836786676977774.
[I 2026-04-12 15:47:00,218] Trial 20 finished with value: 3.5922331606992786 and parameters: {'n_estimators': 247, 'max_depth': 4, 'learning_rate': 0.03638975455799426, 'subsample': 0.9402620835547902, 'colsample_bytree': 0.830380344546491, 'min_child_weight': 3, 'reg_alpha': 0.2818862185861503, 'reg_lambda': 0.5863185634354497}. Best is trial 18 with value: 3.5836786676977774.
[I 2026-04-12 15:47:03,873] Trial 21 finished with value: 3.5910290462899486 and parameters: {'n_estimators': 281, 'max_depth': 5, 'learning_rate': 0.02196847467095293, 'subsample': 0.8469461590846963, 'colsample_bytree': 0.6662631614152806, 'min_child_weight': 7, 'reg_alpha': 0.10788829865373692, 'reg_lambda': 0.28822158129032044}. Best is trial 18 with value: 3.5836786676977774.
[I 2026-04-12 15:47:07,296] Trial 22 finished with value: 3.588614509395912 and parameters: {'n_estimators': 320, 'max_depth': 4, 'learning_rate': 0.02023621483600043, 'subsample': 0.8448459147014229, 'colsample_bytree': 0.6567098503101274, 'min_child_weight': 8, 'reg_alpha': 0.009234168247444469, 'reg_lambda': 0.35887551765479886}. Best is trial 18 with value: 3.5836786676977774.
[I 2026-04-12 15:47:10,595] Trial 23 finished with value: 3.583161729900819 and parameters: {'n_estimators': 325, 'max_depth': 4, 'learning_rate': 0.0355669295758479, 'subsample': 0.8320234079274598, 'colsample_bytree': 0.6443902175627024, 'min_child_weight': 10, 'reg_alpha': 0.0178874745928993, 'reg_lambda': 0.38763498895773235}. Best is trial 23 with value: 3.583161729900819.
[I 2026-04-12 15:47:13,711] Trial 24 finished with value: 3.592289241994317 and parameters: {'n_estimators': 211, 'max_depth': 6, 'learning_rate': 0.03812712837750148, 'subsample': 0.8267119826416136, 'colsample_bytree': 0.6380157839654795, 'min_child_weight': 10, 'reg_alpha': 0.004576174979764364, 'reg_lambda': 0.38000513578887}. Best is trial 23 with value: 3.583161729900819.
[I 2026-04-12 15:47:17,311] Trial 25 finished with value: 3.5911230926895548 and parameters: {'n_estimators': 331, 'max_depth': 4, 'learning_rate': 0.01782099404820277, 'subsample': 0.9285252668945125, 'colsample_bytree': 0.7119973984947877, 'min_child_weight': 9, 'reg_alpha': 0.08458914027227854, 'reg_lambda': 0.19759340425360714}. Best is trial 23 with value: 3.583161729900819.
[I 2026-04-12 15:47:23,008] Trial 26 finished with value: 3.783909878486312 and parameters: {'n_estimators': 107, 'max_depth': 10, 'learning_rate': 0.010253615582276466, 'subsample': 0.8209357534260151, 'colsample_bytree': 0.6380282409185172, 'min_child_weight': 8, 'reg_alpha': 0.5165537940658755, 'reg_lambda': 0.024128069463952073}. Best is trial 23 with value: 3.583161729900819.
[I 2026-04-12 15:47:29,028] Trial 27 finished with value: 3.613283896187853 and parameters: {'n_estimators': 326, 'max_depth': 7, 'learning_rate': 0.03337607268116017, 'subsample': 0.9059539376047201, 'colsample_bytree': 0.7252967351618401, 'min_child_weight': 8, 'reg_alpha': 0.2603579121308741, 'reg_lambda': 0.38247350241698286}. Best is trial 23 with value: 3.583161729900819.
[I 2026-04-12 15:47:33,661] Trial 28 finished with value: 3.5965133258281465 and parameters: {'n_estimators': 487, 'max_depth': 4, 'learning_rate': 0.04623588567535081, 'subsample': 0.9793236732412436, 'colsample_bytree': 0.6418928456296185, 'min_child_weight': 10, 'reg_alpha': 0.007734528070360805, 'reg_lambda': 0.5624074952927347}. Best is trial 23 with value: 3.583161729900819.
[I 2026-04-12 15:47:41,230] Trial 29 finished with value: 3.67905582309968 and parameters: {'n_estimators': 571, 'max_depth': 6, 'learning_rate': 0.07203223152649044, 'subsample': 0.7036999888401806, 'colsample_bytree': 0.6966778050566308, 'min_child_weight': 9, 'reg_alpha': 0.5463489410569595, 'reg_lambda': 0.5385571486536459}. Best is trial 23 with value: 3.583161729900819.
[optuna] Best params: {'n_estimators': 325, 'max_depth': 4, 'learning_rate': 0.0355669295758479, 'subsample': 0.8320234079274598, 'colsample_bytree': 0.6443902175627024, 'min_child_weight': 10, 'reg_alpha': 0.0178874745928993, 'reg_lambda': 0.38763498895773235}
[optuna] Optimizing hyperparameters for ast_reb classification...
[I 2026-04-12 16:01:29,515] A new study created in memory with name: no-name-041bc2a0-1088-400d-ac49-3ff452f0840d
[I 2026-04-12 16:01:54,161] Trial 0 finished with value: 0.6313719885427376 and parameters: {'n_estimators': 724, 'max_depth': 7, 'learning_rate': 0.015193701088617577, 'subsample': 0.851231477268132, 'colsample_bytree': 0.9557859562266435, 'min_child_weight': 10, 'reg_alpha': 0.5055779352602495, 'reg_lambda': 0.7575896275016564}. Best is trial 0 with value: 0.6313719885427376.
[I 2026-04-12 16:02:06,594] Trial 1 finished with value: 0.598255971223203 and parameters: {'n_estimators': 432, 'max_depth': 6, 'learning_rate': 0.25500181385788157, 'subsample': 0.8464737721578605, 'colsample_bytree': 0.8577547575899034, 'min_child_weight': 3, 'reg_alpha': 0.3758099409411588, 'reg_lambda': 0.9351915481669671}. Best is trial 0 with value: 0.6313719885427376.
[I 2026-04-12 16:02:26,787] Trial 2 finished with value: 0.602669671160543 and parameters: {'n_estimators': 830, 'max_depth': 5, 'learning_rate': 0.18554648853803932, 'subsample': 0.7361682030851523, 'colsample_bytree': 0.7613188047766092, 'min_child_weight': 10, 'reg_alpha': 0.6910367265922858, 'reg_lambda': 0.9140851985758187}. Best is trial 0 with value: 0.6313719885427376.
[I 2026-04-12 16:02:46,395] Trial 3 finished with value: 0.6309459308773558 and parameters: {'n_estimators': 352, 'max_depth': 9, 'learning_rate': 0.015511565094568013, 'subsample': 0.6965537763001289, 'colsample_bytree': 0.9652727731308282, 'min_child_weight': 9, 'reg_alpha': 0.02838829730655046, 'reg_lambda': 0.8180074675026678}. Best is trial 0 with value: 0.6313719885427376.
[I 2026-04-12 16:02:56,125] Trial 4 finished with value: 0.6223262803863373 and parameters: {'n_estimators': 187, 'max_depth': 9, 'learning_rate': 0.0769879501658896, 'subsample': 0.9960760674963928, 'colsample_bytree': 0.6206230757114042, 'min_child_weight': 3, 'reg_alpha': 0.9001306324902288, 'reg_lambda': 0.2794832779217675}. Best is trial 0 with value: 0.6313719885427376.
[I 2026-04-12 16:03:50,212] Trial 5 finished with value: 0.6232820059987149 and parameters: {'n_estimators': 916, 'max_depth': 10, 'learning_rate': 0.10465534725670989, 'subsample': 0.6709369684490958, 'colsample_bytree': 0.6433933669666565, 'min_child_weight': 5, 'reg_alpha': 0.6290205323611457, 'reg_lambda': 0.9125310762495008}. Best is trial 0 with value: 0.6313719885427376.
[I 2026-04-12 16:04:18,262] Trial 6 finished with value: 0.625898220767892 and parameters: {'n_estimators': 378, 'max_depth': 10, 'learning_rate': 0.022540700225154687, 'subsample': 0.9278931109482071, 'colsample_bytree': 0.8631810392015618, 'min_child_weight': 7, 'reg_alpha': 0.7301089905553313, 'reg_lambda': 0.26886259443444716}. Best is trial 0 with value: 0.6313719885427376.
[I 2026-04-12 16:04:32,672] Trial 7 finished with value: 0.6033691815218514 and parameters: {'n_estimators': 464, 'max_depth': 5, 'learning_rate': 0.24330794571731132, 'subsample': 0.7780318481254863, 'colsample_bytree': 0.7663316213717465, 'min_child_weight': 3, 'reg_alpha': 0.7579680554646768, 'reg_lambda': 0.18410481521949928}. Best is trial 0 with value: 0.6313719885427376.
[I 2026-04-12 16:05:00,706] Trial 8 finished with value: 0.6253508320831925 and parameters: {'n_estimators': 935, 'max_depth': 5, 'learning_rate': 0.07182744474659854, 'subsample': 0.8294039433169753, 'colsample_bytree': 0.9865662098496129, 'min_child_weight': 1, 'reg_alpha': 0.29245284946540206, 'reg_lambda': 0.9747779630674764}. Best is trial 0 with value: 0.6313719885427376.
[I 2026-04-12 16:05:18,076] Trial 9 finished with value: 0.6332515109205272 and parameters: {'n_estimators': 471, 'max_depth': 6, 'learning_rate': 0.021274330149568494, 'subsample': 0.766766045424022, 'colsample_bytree': 0.8061271837413884, 'min_child_weight': 6, 'reg_alpha': 0.32275520246880063, 'reg_lambda': 0.3347190756573182}. Best is trial 9 with value: 0.6332515109205272.
[I 2026-04-12 16:05:34,682] Trial 10 finished with value: 0.6385842657499885 and parameters: {'n_estimators': 661, 'max_depth': 3, 'learning_rate': 0.03378387691033715, 'subsample': 0.6550353897829931, 'colsample_bytree': 0.6983860570150427, 'min_child_weight': 7, 'reg_alpha': 0.09875100033845191, 'reg_lambda': 0.003107237088529058}. Best is trial 10 with value: 0.6385842657499885.
[I 2026-04-12 16:05:49,928] Trial 11 finished with value: 0.6380332453646963 and parameters: {'n_estimators': 612, 'max_depth': 3, 'learning_rate': 0.03357424220961091, 'subsample': 0.6192858127499588, 'colsample_bytree': 0.6991159947761689, 'min_child_weight': 7, 'reg_alpha': 0.061533619915051595, 'reg_lambda': 0.005386364074009269}. Best is trial 10 with value: 0.6385842657499885.
[I 2026-04-12 16:06:06,254] Trial 12 finished with value: 0.639740235698419 and parameters: {'n_estimators': 662, 'max_depth': 3, 'learning_rate': 0.03631043043171701, 'subsample': 0.6096660552509353, 'colsample_bytree': 0.708022700669674, 'min_child_weight': 7, 'reg_alpha': 0.06137317782070201, 'reg_lambda': 0.004421607187611781}. Best is trial 12 with value: 0.639740235698419.
[I 2026-04-12 16:06:22,719] Trial 13 finished with value: 0.6393964743996978 and parameters: {'n_estimators': 655, 'max_depth': 3, 'learning_rate': 0.037682535497740054, 'subsample': 0.6007154146164045, 'colsample_bytree': 0.6921124657923126, 'min_child_weight': 8, 'reg_alpha': 0.1664029997334648, 'reg_lambda': 0.00044561983950163614}. Best is trial 12 with value: 0.639740235698419.
[I 2026-04-12 16:06:42,419] Trial 14 finished with value: 0.6389710331078013 and parameters: {'n_estimators': 760, 'max_depth': 3, 'learning_rate': 0.04369814674322375, 'subsample': 0.6019292547984031, 'colsample_bytree': 0.7071203060649113, 'min_child_weight': 8, 'reg_alpha': 0.19851859825422843, 'reg_lambda': 0.5033147175187468}. Best is trial 12 with value: 0.639740235698419.
[I 2026-04-12 16:06:59,735] Trial 15 finished with value: 0.6317768863865371 and parameters: {'n_estimators': 573, 'max_depth': 4, 'learning_rate': 0.010368414041010195, 'subsample': 0.7220065066653375, 'colsample_bytree': 0.670887517557842, 'min_child_weight': 5, 'reg_alpha': 0.18466221557956705, 'reg_lambda': 0.13206786486658928}. Best is trial 12 with value: 0.639740235698419.
[I 2026-04-12 16:08:04,723] Trial 16 finished with value: 0.6330650579412089 and parameters: {'n_estimators': 802, 'max_depth': 4, 'learning_rate': 0.05365277628663325, 'subsample': 0.6463310907486727, 'colsample_bytree': 0.7497696538259839, 'min_child_weight': 8, 'reg_alpha': 0.45117563242852354, 'reg_lambda': 0.4986287971310053}. Best is trial 12 with value: 0.639740235698419.
[I 2026-04-12 16:08:11,138] Trial 17 finished with value: 0.6124717221152985 and parameters: {'n_estimators': 180, 'max_depth': 7, 'learning_rate': 0.12539215121148745, 'subsample': 0.6056285878646182, 'colsample_bytree': 0.6084373597886064, 'min_child_weight': 9, 'reg_alpha': 0.19271623752838157, 'reg_lambda': 0.44947165524484023}. Best is trial 12 with value: 0.639740235698419.
[I 2026-04-12 16:08:27,304] Trial 18 finished with value: 0.637392045335951 and parameters: {'n_estimators': 679, 'max_depth': 4, 'learning_rate': 0.02954029927312583, 'subsample': 0.6787260032501734, 'colsample_bytree': 0.826321100558719, 'min_child_weight': 6, 'reg_alpha': 0.12430900242207482, 'reg_lambda': 0.1085310303260569}. Best is trial 12 with value: 0.639740235698419.
[I 2026-04-12 16:08:34,083] Trial 19 finished with value: 0.6357398281914943 and parameters: {'n_estimators': 286, 'max_depth': 3, 'learning_rate': 0.05008826145662404, 'subsample': 0.919723600549998, 'colsample_bytree': 0.7332282240139925, 'min_child_weight': 4, 'reg_alpha': 0.2736161658771523, 'reg_lambda': 0.6411265708440677}. Best is trial 12 with value: 0.639740235698419.
[I 2026-04-12 16:08:54,962] Trial 20 finished with value: 0.6194677397822436 and parameters: {'n_estimators': 550, 'max_depth': 8, 'learning_rate': 0.06746902160644429, 'subsample': 0.7230776277643335, 'colsample_bytree': 0.6589169871474521, 'min_child_weight': 8, 'reg_alpha': 0.533412823498895, 'reg_lambda': 0.09368416757205009}. Best is trial 12 with value: 0.639740235698419.
[I 2026-04-12 16:09:12,284] Trial 21 finished with value: 0.6396396932757435 and parameters: {'n_estimators': 772, 'max_depth': 3, 'learning_rate': 0.04326405479802191, 'subsample': 0.6002748532758146, 'colsample_bytree': 0.703115120480978, 'min_child_weight': 8, 'reg_alpha': 0.010483302679384993, 'reg_lambda': 0.5823817522990067}. Best is trial 12 with value: 0.639740235698419.
[I 2026-04-12 16:09:37,153] Trial 22 finished with value: 0.6342699175138184 and parameters: {'n_estimators': 852, 'max_depth': 4, 'learning_rate': 0.03965731721019823, 'subsample': 0.6436766117780227, 'colsample_bytree': 0.7216512522765658, 'min_child_weight': 9, 'reg_alpha': 0.006079417382955449, 'reg_lambda': 0.632944432850977}. Best is trial 12 with value: 0.639740235698419.
[I 2026-04-12 16:10:03,707] Trial 23 finished with value: 0.639224127968101 and parameters: {'n_estimators': 984, 'max_depth': 3, 'learning_rate': 0.024495633041501253, 'subsample': 0.6283826001465808, 'colsample_bytree': 0.6772916062873808, 'min_child_weight': 7, 'reg_alpha': 0.13692173262077548, 'reg_lambda': 0.4034921352265676}. Best is trial 12 with value: 0.639740235698419.
[I 2026-04-12 16:10:23,151] Trial 24 finished with value: 0.6258259895000777 and parameters: {'n_estimators': 643, 'max_depth': 4, 'learning_rate': 0.09208629052399259, 'subsample': 0.6033613109208394, 'colsample_bytree': 0.7833014430263124, 'min_child_weight': 8, 'reg_alpha': 0.013518504947906962, 'reg_lambda': 0.6085663626932866}. Best is trial 12 with value: 0.639740235698419.
[I 2026-04-12 16:10:46,926] Trial 25 finished with value: 0.6269520128026376 and parameters: {'n_estimators': 713, 'max_depth': 5, 'learning_rate': 0.05932684403670412, 'subsample': 0.6835000300752869, 'colsample_bytree': 0.7311148621629271, 'min_child_weight': 6, 'reg_alpha': 0.21089951878954413, 'reg_lambda': 0.21185128434780873}. Best is trial 12 with value: 0.639740235698419.
[I 2026-04-12 16:11:01,910] Trial 26 finished with value: 0.6370726412962671 and parameters: {'n_estimators': 526, 'max_depth': 3, 'learning_rate': 0.027474166545995084, 'subsample': 0.6422950683878981, 'colsample_bytree': 0.6410628745941097, 'min_child_weight': 9, 'reg_alpha': 0.39917724411468203, 'reg_lambda': 0.7319331224303822}. Best is trial 12 with value: 0.639740235698419.
[I 2026-04-12 16:11:25,956] Trial 27 finished with value: 0.6372878116766074 and parameters: {'n_estimators': 787, 'max_depth': 4, 'learning_rate': 0.016852591933428016, 'subsample': 0.7025905995359524, 'colsample_bytree': 0.6856438753110616, 'min_child_weight': 10, 'reg_alpha': 0.09448336858100473, 'reg_lambda': 0.048731061415069214}. Best is trial 12 with value: 0.639740235698419.
[I 2026-04-12 16:11:48,803] Trial 28 finished with value: 0.6388974114975229 and parameters: {'n_estimators': 889, 'max_depth': 3, 'learning_rate': 0.03869750580315588, 'subsample': 0.6621813135621852, 'colsample_bytree': 0.8292486897399435, 'min_child_weight': 8, 'reg_alpha': 0.25937003446815754, 'reg_lambda': 0.5760776853977669}. Best is trial 12 with value: 0.639740235698419.
[I 2026-04-12 16:12:15,390] Trial 29 finished with value: 0.633673415069127 and parameters: {'n_estimators': 709, 'max_depth': 6, 'learning_rate': 0.0195302757508109, 'subsample': 0.7570687282249834, 'colsample_bytree': 0.914576318481956, 'min_child_weight': 10, 'reg_alpha': 0.9799659795207124, 'reg_lambda': 0.7222003482527013}. Best is trial 12 with value: 0.639740235698419.
[optuna] Best params: {'n_estimators': 662, 'max_depth': 3, 'learning_rate': 0.03631043043171701, 'subsample': 0.6096660552509353, 'colsample_bytree': 0.708022700669674, 'min_child_weight': 7, 'reg_alpha': 0.06137317782070201, 'reg_lambda': 0.004421607187611781}
[wf] pts_ast_reb: auc_raw=0.564 brier_raw=0.276 auc_cal=0.551 brier_cal=0.258 folds=5
[optuna] Optimizing hyperparameters for pts_ast_reb regression...
[I 2026-04-12 16:27:31,283] A new study created in memory with name: no-name-e87cb293-7f25-4ee9-8f3b-924d96846675
[I 2026-04-12 16:27:45,432] Trial 0 finished with value: 8.632807351959965 and parameters: {'n_estimators': 990, 'max_depth': 7, 'learning_rate': 0.05858083568517907, 'subsample': 0.757263713080039, 'colsample_bytree': 0.7796456206229394, 'min_child_weight': 6, 'reg_alpha': 0.5323820929085286, 'reg_lambda': 0.09690524044804272}. Best is trial 0 with value: 8.632807351959965.
[I 2026-04-12 16:28:11,016] Trial 1 finished with value: 8.876138251253046 and parameters: {'n_estimators': 666, 'max_depth': 10, 'learning_rate': 0.13252639035859115, 'subsample': 0.9211578638353148, 'colsample_bytree': 0.8068895968960996, 'min_child_weight': 4, 'reg_alpha': 0.3398850789032264, 'reg_lambda': 0.018362561261425214}. Best is trial 0 with value: 8.632807351959965.
[I 2026-04-12 16:28:19,176] Trial 2 finished with value: 8.829740536192167 and parameters: {'n_estimators': 340, 'max_depth': 9, 'learning_rate': 0.11244775136105575, 'subsample': 0.780549328977732, 'colsample_bytree': 0.6294961441479267, 'min_child_weight': 6, 'reg_alpha': 0.016748162442222436, 'reg_lambda': 0.1857402412061009}. Best is trial 0 with value: 8.632807351959965.
[I 2026-04-12 16:28:21,678] Trial 3 finished with value: 8.481417682014477 and parameters: {'n_estimators': 102, 'max_depth': 8, 'learning_rate': 0.10570407518803764, 'subsample': 0.8855008057226352, 'colsample_bytree': 0.799831517061156, 'min_child_weight': 2, 'reg_alpha': 0.5178411239568175, 'reg_lambda': 0.4283302883422726}. Best is trial 3 with value: 8.481417682014477.
[I 2026-04-12 16:28:28,894] Trial 4 finished with value: 8.82636713667788 and parameters: {'n_estimators': 881, 'max_depth': 4, 'learning_rate': 0.22277756321457418, 'subsample': 0.9924996933215167, 'colsample_bytree': 0.9951994942586455, 'min_child_weight': 6, 'reg_alpha': 0.37319646922653815, 'reg_lambda': 0.6788710353833373}. Best is trial 3 with value: 8.481417682014477.
[I 2026-04-12 16:28:37,647] Trial 5 finished with value: 8.281738991234143 and parameters: {'n_estimators': 825, 'max_depth': 5, 'learning_rate': 0.011288186158995081, 'subsample': 0.7225359020363007, 'colsample_bytree': 0.7730700825156256, 'min_child_weight': 8, 'reg_alpha': 0.11584237657453078, 'reg_lambda': 0.11798649990817212}. Best is trial 5 with value: 8.281738991234143.
[I 2026-04-12 16:28:44,191] Trial 6 finished with value: 8.352892944332073 and parameters: {'n_estimators': 685, 'max_depth': 5, 'learning_rate': 0.06252126490346245, 'subsample': 0.9847747386379543, 'colsample_bytree': 0.6645887063212083, 'min_child_weight': 9, 'reg_alpha': 0.21491458438772282, 'reg_lambda': 0.6815981980214036}. Best is trial 5 with value: 8.281738991234143.
[I 2026-04-12 16:28:47,777] Trial 7 finished with value: 8.302753730268716 and parameters: {'n_estimators': 365, 'max_depth': 4, 'learning_rate': 0.08844868982496301, 'subsample': 0.9399258216955454, 'colsample_bytree': 0.8000854104128624, 'min_child_weight': 10, 'reg_alpha': 0.10027407128158072, 'reg_lambda': 0.39911301967838053}. Best is trial 5 with value: 8.281738991234143.
[I 2026-04-12 16:28:52,453] Trial 8 finished with value: 8.586414616056226 and parameters: {'n_estimators': 606, 'max_depth': 3, 'learning_rate': 0.257138225056869, 'subsample': 0.9201094190659365, 'colsample_bytree': 0.8545791654357455, 'min_child_weight': 6, 'reg_alpha': 0.49098721619239416, 'reg_lambda': 0.8442326511387592}. Best is trial 5 with value: 8.281738991234143.
[I 2026-04-12 16:29:00,481] Trial 9 finished with value: 8.298693873415601 and parameters: {'n_estimators': 763, 'max_depth': 5, 'learning_rate': 0.031256445402017524, 'subsample': 0.9182423752109145, 'colsample_bytree': 0.7314497431420136, 'min_child_weight': 10, 'reg_alpha': 0.4853854173839297, 'reg_lambda': 0.49018001544020817}. Best is trial 5 with value: 8.281738991234143.
[I 2026-04-12 16:29:07,662] Trial 10 finished with value: 8.295563801170092 and parameters: {'n_estimators': 456, 'max_depth': 6, 'learning_rate': 0.011099902048389267, 'subsample': 0.6362955837114139, 'colsample_bytree': 0.9073216228695254, 'min_child_weight': 8, 'reg_alpha': 0.7262629748618621, 'reg_lambda': 0.2328211340833073}. Best is trial 5 with value: 8.281738991234143.
[I 2026-04-12 16:29:17,073] Trial 11 finished with value: 8.300858917749668 and parameters: {'n_estimators': 459, 'max_depth': 7, 'learning_rate': 0.010195864151022402, 'subsample': 0.6252492001900145, 'colsample_bytree': 0.916148069783647, 'min_child_weight': 8, 'reg_alpha': 0.8427549719545637, 'reg_lambda': 0.25688918139722194}. Best is trial 5 with value: 8.281738991234143.
[I 2026-04-12 16:29:25,082] Trial 12 finished with value: 8.302044407644447 and parameters: {'n_estimators': 493, 'max_depth': 6, 'learning_rate': 0.011457888711995372, 'subsample': 0.6501749893025772, 'colsample_bytree': 0.9321101158892391, 'min_child_weight': 8, 'reg_alpha': 0.7888808905657663, 'reg_lambda': 0.2671850107958042}. Best is trial 5 with value: 8.281738991234143.
[I 2026-04-12 16:29:29,243] Trial 13 finished with value: 8.304371278306224 and parameters: {'n_estimators': 234, 'max_depth': 6, 'learning_rate': 0.022353789797676323, 'subsample': 0.6960102891249239, 'colsample_bytree': 0.899141177528112, 'min_child_weight': 8, 'reg_alpha': 0.7323854997949948, 'reg_lambda': 0.1694922318157808}. Best is trial 5 with value: 8.281738991234143.
[I 2026-04-12 16:29:38,633] Trial 14 finished with value: 8.288019901070433 and parameters: {'n_estimators': 784, 'max_depth': 5, 'learning_rate': 0.01952209224155592, 'subsample': 0.7090300960580799, 'colsample_bytree': 0.7343434071397038, 'min_child_weight': 4, 'reg_alpha': 0.9361468250359516, 'reg_lambda': 0.32235529861630385}. Best is trial 5 with value: 8.281738991234143.
[I 2026-04-12 16:29:45,541] Trial 15 finished with value: 8.281543598694524 and parameters: {'n_estimators': 844, 'max_depth': 3, 'learning_rate': 0.02065193240993633, 'subsample': 0.7190270264420615, 'colsample_bytree': 0.7127306400777911, 'min_child_weight': 4, 'reg_alpha': 0.9576074406600334, 'reg_lambda': 0.37043589294435464}. Best is trial 15 with value: 8.281543598694524.
[I 2026-04-12 16:29:53,409] Trial 16 finished with value: 8.27205754217568 and parameters: {'n_estimators': 973, 'max_depth': 3, 'learning_rate': 0.029471987873436273, 'subsample': 0.8303864234166802, 'colsample_bytree': 0.6992815591207767, 'min_child_weight': 2, 'reg_alpha': 0.9916026703412743, 'reg_lambda': 0.6177609254060781}. Best is trial 16 with value: 8.27205754217568.
[I 2026-04-12 16:30:01,664] Trial 17 finished with value: 8.289269325417857 and parameters: {'n_estimators': 960, 'max_depth': 3, 'learning_rate': 0.038383782750124114, 'subsample': 0.846794470750481, 'colsample_bytree': 0.6928648776293772, 'min_child_weight': 1, 'reg_alpha': 0.9913437230984508, 'reg_lambda': 0.6357670430467397}. Best is trial 16 with value: 8.27205754217568.
[I 2026-04-12 16:30:08,742] Trial 18 finished with value: 8.279524747441574 and parameters: {'n_estimators': 875, 'max_depth': 3, 'learning_rate': 0.019246705133027037, 'subsample': 0.8249926962856977, 'colsample_bytree': 0.6054633646368022, 'min_child_weight': 3, 'reg_alpha': 0.6437604720508323, 'reg_lambda': 0.9757553702552482}. Best is trial 16 with value: 8.27205754217568.
[I 2026-04-12 16:30:16,833] Trial 19 finished with value: 8.28634383602121 and parameters: {'n_estimators': 912, 'max_depth': 4, 'learning_rate': 0.03656438478644147, 'subsample': 0.8286571928201469, 'colsample_bytree': 0.6069481451012997, 'min_child_weight': 2, 'reg_alpha': 0.635702242394869, 'reg_lambda': 0.9901276318081238}. Best is trial 16 with value: 8.27205754217568.
[I 2026-04-12 16:30:22,702] Trial 20 finished with value: 8.282152399174947 and parameters: {'n_estimators': 725, 'max_depth': 3, 'learning_rate': 0.01650326475056101, 'subsample': 0.8220228744062362, 'colsample_bytree': 0.6475181131101362, 'min_child_weight': 3, 'reg_alpha': 0.8613625543315411, 'reg_lambda': 0.9745466056348043}. Best is trial 16 with value: 8.27205754217568.
[I 2026-04-12 16:30:29,557] Trial 21 finished with value: 8.285247499407655 and parameters: {'n_estimators': 873, 'max_depth': 3, 'learning_rate': 0.025371736099576755, 'subsample': 0.7673787976408222, 'colsample_bytree': 0.6934748700164637, 'min_child_weight': 4, 'reg_alpha': 0.9886938086911804, 'reg_lambda': 0.825551130457986}. Best is trial 16 with value: 8.27205754217568.
[I 2026-04-12 16:30:38,198] Trial 22 finished with value: 8.273219214305257 and parameters: {'n_estimators': 945, 'max_depth': 4, 'learning_rate': 0.01685861149102816, 'subsample': 0.8628335012295338, 'colsample_bytree': 0.6033028286070508, 'min_child_weight': 3, 'reg_alpha': 0.889976342061915, 'reg_lambda': 0.5637577079992667}. Best is trial 16 with value: 8.27205754217568.
[I 2026-04-12 16:30:47,122] Trial 23 finished with value: 8.281240843057674 and parameters: {'n_estimators': 979, 'max_depth': 4, 'learning_rate': 0.016509889249433633, 'subsample': 0.875746014124125, 'colsample_bytree': 0.6031947193266771, 'min_child_weight': 1, 'reg_alpha': 0.6415961665556316, 'reg_lambda': 0.5805785031836589}. Best is trial 16 with value: 8.27205754217568.
[I 2026-04-12 16:30:55,342] Trial 24 finished with value: 8.285915228656151 and parameters: {'n_estimators': 913, 'max_depth': 4, 'learning_rate': 0.03015090089542736, 'subsample': 0.8615479004568966, 'colsample_bytree': 0.6641064544078883, 'min_child_weight': 3, 'reg_alpha': 0.871612792691894, 'reg_lambda': 0.777665969988921}. Best is trial 16 with value: 8.27205754217568.
[I 2026-04-12 16:31:01,422] Trial 25 finished with value: 8.284361289793631 and parameters: {'n_estimators': 803, 'max_depth': 3, 'learning_rate': 0.04299311400172015, 'subsample': 0.8110397174891775, 'colsample_bytree': 0.6354779533486554, 'min_child_weight': 2, 'reg_alpha': 0.6721874072373389, 'reg_lambda': 0.543766290935088}. Best is trial 16 with value: 8.27205754217568.
[I 2026-04-12 16:31:10,132] Trial 26 finished with value: 8.277253576138126 and parameters: {'n_estimators': 936, 'max_depth': 4, 'learning_rate': 0.014725096682724188, 'subsample': 0.7846440716120562, 'colsample_bytree': 0.6005803196774905, 'min_child_weight': 3, 'reg_alpha': 0.8952641781760867, 'reg_lambda': 0.9050209232400453}. Best is trial 16 with value: 8.27205754217568.
[I 2026-04-12 16:31:19,356] Trial 27 finished with value: 8.278247035060112 and parameters: {'n_estimators': 996, 'max_depth': 4, 'learning_rate': 0.014775790547249725, 'subsample': 0.7898491876259371, 'colsample_bytree': 0.6775019190565088, 'min_child_weight': 5, 'reg_alpha': 0.9073550042713494, 'reg_lambda': 0.7225179714130959}. Best is trial 16 with value: 8.27205754217568.
[I 2026-04-12 16:31:30,035] Trial 28 finished with value: 8.307636063580322 and parameters: {'n_estimators': 931, 'max_depth': 5, 'learning_rate': 0.025526363584992523, 'subsample': 0.8901921024542081, 'colsample_bytree': 0.7439429620561835, 'min_child_weight': 1, 'reg_alpha': 0.8146649441635043, 'reg_lambda': 0.8959363140139733}. Best is trial 16 with value: 8.27205754217568.
[I 2026-04-12 16:31:43,095] Trial 29 finished with value: 8.532717634241106 and parameters: {'n_estimators': 593, 'max_depth': 8, 'learning_rate': 0.05716908041738207, 'subsample': 0.7403992327631393, 'colsample_bytree': 0.6373514627783085, 'min_child_weight': 5, 'reg_alpha': 0.7915720605927423, 'reg_lambda': 0.47793631083947036}. Best is trial 16 with value: 8.27205754217568.
[optuna] Best params: {'n_estimators': 973, 'max_depth': 3, 'learning_rate': 0.029471987873436273, 'subsample': 0.8303864234166802, 'colsample_bytree': 0.6992815591207767, 'min_child_weight': 2, 'reg_alpha': 0.9916026703412743, 'reg_lambda': 0.6177609254060781}
[optuna] Optimizing hyperparameters for pts_ast_reb classification...
[I 2026-04-12 16:46:03,463] A new study created in memory with name: no-name-e6a41dea-4f4a-49b8-ac2c-5c45e53ab5b5
[I 2026-04-12 16:46:16,654] Trial 0 finished with value: 0.5868361456230753 and parameters: {'n_estimators': 248, 'max_depth': 10, 'learning_rate': 0.13434900007839842, 'subsample': 0.9826156280814631, 'colsample_bytree': 0.6077658765732681, 'min_child_weight': 9, 'reg_alpha': 0.5647403513131165, 'reg_lambda': 0.6885568561118784}. Best is trial 0 with value: 0.5868361456230753.
[I 2026-04-12 16:46:51,382] Trial 1 finished with value: 0.5920581959611495 and parameters: {'n_estimators': 698, 'max_depth': 10, 'learning_rate': 0.05999602829072696, 'subsample': 0.8987738465190738, 'colsample_bytree': 0.892602977038969, 'min_child_weight': 6, 'reg_alpha': 0.014087163407249692, 'reg_lambda': 0.22463659507420863}. Best is trial 1 with value: 0.5920581959611495.
[I 2026-04-12 16:46:58,930] Trial 2 finished with value: 0.5899760393229996 and parameters: {'n_estimators': 153, 'max_depth': 9, 'learning_rate': 0.11299950201950532, 'subsample': 0.8900196829599056, 'colsample_bytree': 0.7899354236463971, 'min_child_weight': 9, 'reg_alpha': 0.6887932303836696, 'reg_lambda': 0.9506030473637846}. Best is trial 1 with value: 0.5920581959611495.
[I 2026-04-12 16:47:02,732] Trial 3 finished with value: 0.5932852351306444 and parameters: {'n_estimators': 142, 'max_depth': 3, 'learning_rate': 0.04782967590700877, 'subsample': 0.9030775048643019, 'colsample_bytree': 0.7883284875461848, 'min_child_weight': 3, 'reg_alpha': 0.20545088094307495, 'reg_lambda': 0.8789908525229864}. Best is trial 3 with value: 0.5932852351306444.
[I 2026-04-12 16:47:18,599] Trial 4 finished with value: 0.5939921727958601 and parameters: {'n_estimators': 650, 'max_depth': 3, 'learning_rate': 0.010173936321394727, 'subsample': 0.8068189281699706, 'colsample_bytree': 0.7490245320891326, 'min_child_weight': 7, 'reg_alpha': 0.9443445624474092, 'reg_lambda': 0.582091624795602}. Best is trial 4 with value: 0.5939921727958601.
[I 2026-04-12 16:47:32,760] Trial 5 finished with value: 0.5747773563301688 and parameters: {'n_estimators': 350, 'max_depth': 7, 'learning_rate': 0.25528063113711746, 'subsample': 0.6128971217601223, 'colsample_bytree': 0.7916854242949535, 'min_child_weight': 9, 'reg_alpha': 0.7358768159464446, 'reg_lambda': 0.20569181567066963}. Best is trial 4 with value: 0.5939921727958601.
[I 2026-04-12 16:47:57,524] Trial 6 finished with value: 0.5735202398903497 and parameters: {'n_estimators': 541, 'max_depth': 8, 'learning_rate': 0.22350386656941912, 'subsample': 0.8548029929103166, 'colsample_bytree': 0.7260578540021785, 'min_child_weight': 7, 'reg_alpha': 0.7156199589904336, 'reg_lambda': 0.5403961075850015}. Best is trial 4 with value: 0.5939921727958601.
[I 2026-04-12 16:48:42,230] Trial 7 finished with value: 0.5968859354430964 and parameters: {'n_estimators': 818, 'max_depth': 9, 'learning_rate': 0.04976340230036721, 'subsample': 0.8594038987831224, 'colsample_bytree': 0.7707870490609273, 'min_child_weight': 10, 'reg_alpha': 0.42628278954393894, 'reg_lambda': 0.2590489394146428}. Best is trial 7 with value: 0.5968859354430964.
[I 2026-04-12 16:49:17,381] Trial 8 finished with value: 0.591609316542026 and parameters: {'n_estimators': 860, 'max_depth': 7, 'learning_rate': 0.08099337260686378, 'subsample': 0.797281818033161, 'colsample_bytree': 0.6612634642552224, 'min_child_weight': 10, 'reg_alpha': 0.004511521211381653, 'reg_lambda': 0.2827535688065409}. Best is trial 7 with value: 0.5968859354430964.
[I 2026-04-12 16:49:39,074] Trial 9 finished with value: 0.6045435451250901 and parameters: {'n_estimators': 560, 'max_depth': 6, 'learning_rate': 0.017982244222939092, 'subsample': 0.8226380688671744, 'colsample_bytree': 0.8563225133643504, 'min_child_weight': 9, 'reg_alpha': 0.08693894409157821, 'reg_lambda': 0.600876171809353}. Best is trial 9 with value: 0.6045435451250901.
[I 2026-04-12 16:49:55,729] Trial 10 finished with value: 0.6003445918266267 and parameters: {'n_estimators': 461, 'max_depth': 5, 'learning_rate': 0.01393690209216657, 'subsample': 0.711082190167629, 'colsample_bytree': 0.9970231553839949, 'min_child_weight': 4, 'reg_alpha': 0.2852308439414469, 'reg_lambda': 0.018512015185114084}. Best is trial 9 with value: 0.6045435451250901.
[I 2026-04-12 16:50:12,698] Trial 11 finished with value: 0.5997684252045911 and parameters: {'n_estimators': 472, 'max_depth': 5, 'learning_rate': 0.01288421236932467, 'subsample': 0.696132433099615, 'colsample_bytree': 0.997665006639747, 'min_child_weight': 3, 'reg_alpha': 0.2645847117431147, 'reg_lambda': 0.04045952096162331}. Best is trial 9 with value: 0.6045435451250901.
[I 2026-04-12 16:50:27,271] Trial 12 finished with value: 0.6038974128278256 and parameters: {'n_estimators': 409, 'max_depth': 5, 'learning_rate': 0.02125705998443029, 'subsample': 0.7180213917585407, 'colsample_bytree': 0.9035741680224884, 'min_child_weight': 1, 'reg_alpha': 0.20238390591045952, 'reg_lambda': 0.7467431967294362}. Best is trial 9 with value: 0.6045435451250901.
[I 2026-04-12 16:50:41,236] Trial 13 finished with value: 0.6040713646963832 and parameters: {'n_estimators': 366, 'max_depth': 5, 'learning_rate': 0.025135961886251366, 'subsample': 0.7337331096902899, 'colsample_bytree': 0.8772467928204859, 'min_child_weight': 1, 'reg_alpha': 0.11934424014283232, 'reg_lambda': 0.7668296723789454}. Best is trial 9 with value: 0.6045435451250901.
[I 2026-04-12 16:51:20,165] Trial 14 finished with value: 0.6032522759134948 and parameters: {'n_estimators': 1000, 'max_depth': 6, 'learning_rate': 0.02615734647027217, 'subsample': 0.769184765911282, 'colsample_bytree': 0.8725374222868747, 'min_child_weight': 1, 'reg_alpha': 0.1026779682581824, 'reg_lambda': 0.42373684359804786}. Best is trial 9 with value: 0.6045435451250901.
[I 2026-04-12 16:51:29,475] Trial 15 finished with value: 0.6005224591000807 and parameters: {'n_estimators': 281, 'max_depth': 4, 'learning_rate': 0.024898551905128564, 'subsample': 0.6316960697332276, 'colsample_bytree': 0.8548713606685918, 'min_child_weight': 5, 'reg_alpha': 0.40518104322145077, 'reg_lambda': 0.798264514209589}. Best is trial 9 with value: 0.6045435451250901.
[I 2026-04-12 16:51:51,500] Trial 16 finished with value: 0.6001555595585881 and parameters: {'n_estimators': 618, 'max_depth': 6, 'learning_rate': 0.037429121363704056, 'subsample': 0.7576369810582014, 'colsample_bytree': 0.9398390296630901, 'min_child_weight': 7, 'reg_alpha': 0.12305701936751587, 'reg_lambda': 0.6481865066178935}. Best is trial 9 with value: 0.6045435451250901.
[I 2026-04-12 16:52:08,462] Trial 17 finished with value: 0.6020090913543872 and parameters: {'n_estimators': 580, 'max_depth': 4, 'learning_rate': 0.018109628684692642, 'subsample': 0.9490977788487925, 'colsample_bytree': 0.8385064303310391, 'min_child_weight': 2, 'reg_alpha': 0.32874741181291633, 'reg_lambda': 0.453216991969192}. Best is trial 9 with value: 0.6045435451250901.
[I 2026-04-12 16:52:21,026] Trial 18 finished with value: 0.6041520707622878 and parameters: {'n_estimators': 317, 'max_depth': 6, 'learning_rate': 0.031415592202962216, 'subsample': 0.6558574997281073, 'colsample_bytree': 0.9535079614191762, 'min_child_weight': 5, 'reg_alpha': 0.5570288017284161, 'reg_lambda': 0.8389512190536054}. Best is trial 9 with value: 0.6045435451250901.
[I 2026-04-12 16:52:53,033] Trial 19 finished with value: 0.6026863589513879 and parameters: {'n_estimators': 761, 'max_depth': 7, 'learning_rate': 0.03720371635878034, 'subsample': 0.671149863060088, 'colsample_bytree': 0.9358139379721099, 'min_child_weight': 5, 'reg_alpha': 0.5858885080085227, 'reg_lambda': 0.9332994392856315}. Best is trial 9 with value: 0.6045435451250901.
[I 2026-04-12 16:53:17,021] Trial 20 finished with value: 0.6038062830839968 and parameters: {'n_estimators': 503, 'max_depth': 8, 'learning_rate': 0.034556027314046785, 'subsample': 0.6581148232970365, 'colsample_bytree': 0.9451353481345555, 'min_child_weight': 8, 'reg_alpha': 0.9372061973496009, 'reg_lambda': 0.8141238521802208}. Best is trial 9 with value: 0.6045435451250901.
[I 2026-04-12 16:53:29,096] Trial 21 finished with value: 0.60046465728273 and parameters: {'n_estimators': 302, 'max_depth': 6, 'learning_rate': 0.01631555514699612, 'subsample': 0.745999488198409, 'colsample_bytree': 0.8266737291142691, 'min_child_weight': 4, 'reg_alpha': 0.47895567872353334, 'reg_lambda': 0.6688211217980263}. Best is trial 9 with value: 0.6045435451250901.
[I 2026-04-12 16:53:40,947] Trial 22 finished with value: 0.6045577797971136 and parameters: {'n_estimators': 404, 'max_depth': 4, 'learning_rate': 0.028064756992899526, 'subsample': 0.8026102902050085, 'colsample_bytree': 0.9090282962877528, 'min_child_weight': 2, 'reg_alpha': 0.10432977286054822, 'reg_lambda': 0.8355512978616629}. Best is trial 22 with value: 0.6045577797971136.
[I 2026-04-12 16:53:48,381] Trial 23 finished with value: 0.6003188267222284 and parameters: {'n_estimators': 240, 'max_depth': 4, 'learning_rate': 0.030533947573870016, 'subsample': 0.8142137957203267, 'colsample_bytree': 0.9168494844603721, 'min_child_weight': 6, 'reg_alpha': 0.8119330956739887, 'reg_lambda': 0.9858063949319276}. Best is trial 22 with value: 0.6045577797971136.
[I 2026-04-12 16:54:03,373] Trial 24 finished with value: 0.6044363883238854 and parameters: {'n_estimators': 393, 'max_depth': 6, 'learning_rate': 0.020074790052638312, 'subsample': 0.8372158730982477, 'colsample_bytree': 0.955834019973856, 'min_child_weight': 3, 'reg_alpha': 0.5911954602360018, 'reg_lambda': 0.8982187248871684}. Best is trial 22 with value: 0.6045577797971136.
[I 2026-04-12 16:54:16,557] Trial 25 finished with value: 0.5949643800128972 and parameters: {'n_estimators': 422, 'max_depth': 4, 'learning_rate': 0.010767919184326586, 'subsample': 0.8522312889955648, 'colsample_bytree': 0.9709798174322466, 'min_child_weight': 2, 'reg_alpha': 0.3643982487985668, 'reg_lambda': 0.8945960480755806}. Best is trial 22 with value: 0.6045577797971136.
[I 2026-04-12 16:54:43,350] Trial 26 finished with value: 0.6014895815112924 and parameters: {'n_estimators': 544, 'max_depth': 8, 'learning_rate': 0.017591119512347247, 'subsample': 0.8287469863773037, 'colsample_bytree': 0.822931734377781, 'min_child_weight': 3, 'reg_alpha': 0.19354293479192836, 'reg_lambda': 0.5765102359691068}. Best is trial 22 with value: 0.6045577797971136.
[I 2026-04-12 16:54:54,129] Trial 27 finished with value: 0.5965140972708945 and parameters: {'n_estimators': 404, 'max_depth': 3, 'learning_rate': 0.020653110929056726, 'subsample': 0.7866224895149974, 'colsample_bytree': 0.9176884258497136, 'min_child_weight': 2, 'reg_alpha': 0.07247582307582051, 'reg_lambda': 0.7304510120716184}. Best is trial 22 with value: 0.6045577797971136.
[I 2026-04-12 16:55:02,481] Trial 28 finished with value: 0.5937980557219961 and parameters: {'n_estimators': 215, 'max_depth': 5, 'learning_rate': 0.013894070601766546, 'subsample': 0.9419201534631002, 'colsample_bytree': 0.9716915441894913, 'min_child_weight': 4, 'reg_alpha': 0.644999668900322, 'reg_lambda': 0.6358437248043827}. Best is trial 22 with value: 0.6045577797971136.
[I 2026-04-12 16:55:29,196] Trial 29 finished with value: 0.5974225790980179 and parameters: {'n_estimators': 690, 'max_depth': 7, 'learning_rate': 0.043197962072167265, 'subsample': 0.8377017629628921, 'colsample_bytree': 0.8597340300348821, 'min_child_weight': 8, 'reg_alpha': 0.8447129260312533, 'reg_lambda': 0.36599345454357146}. Best is trial 22 with value: 0.6045577797971136.
[optuna] Best params: {'n_estimators': 404, 'max_depth': 4, 'learning_rate': 0.028064756992899526, 'subsample': 0.8026102902050085, 'colsample_bytree': 0.9090282962877528, 'min_child_weight': 2, 'reg_alpha': 0.10432977286054822, 'reg_lambda': 0.8355512978616629}
[wf] stl_blk: auc_raw=0.717 brier_raw=0.214 auc_cal=0.711 brier_cal=0.206 folds=5
[optuna] Optimizing hyperparameters for stl_blk regression...
[I 2026-04-12 17:09:56,871] A new study created in memory with name: no-name-1599f4f7-205b-4a48-9033-8439c0b5f7ef
[I 2026-04-12 17:09:59,390] Trial 0 finished with value: 1.2871626335197008 and parameters: {'n_estimators': 256, 'max_depth': 5, 'learning_rate': 0.19877834816142678, 'subsample': 0.9281621650513849, 'colsample_bytree': 0.8834789132902914, 'min_child_weight': 9, 'reg_alpha': 0.5766208671390316, 'reg_lambda': 0.6461591602752236}. Best is trial 0 with value: 1.2871626335197008.
[I 2026-04-12 17:10:06,611] Trial 1 finished with value: 1.2399690255424474 and parameters: {'n_estimators': 760, 'max_depth': 5, 'learning_rate': 0.01262062114458085, 'subsample': 0.7532499901515668, 'colsample_bytree': 0.9461552983760806, 'min_child_weight': 7, 'reg_alpha': 0.2571508014437349, 'reg_lambda': 0.23221462920521896}. Best is trial 1 with value: 1.2399690255424474.
[I 2026-04-12 17:10:10,716] Trial 2 finished with value: 1.3152591957059812 and parameters: {'n_estimators': 139, 'max_depth': 9, 'learning_rate': 0.1372736959415161, 'subsample': 0.8001675077406871, 'colsample_bytree': 0.7242899118501214, 'min_child_weight': 2, 'reg_alpha': 0.44879590664045144, 'reg_lambda': 0.3376566378250492}. Best is trial 1 with value: 1.2399690255424474.
[I 2026-04-12 17:10:25,091] Trial 3 finished with value: 1.3344196964055555 and parameters: {'n_estimators': 888, 'max_depth': 7, 'learning_rate': 0.08976465288983938, 'subsample': 0.6596093072408084, 'colsample_bytree': 0.9040593453075445, 'min_child_weight': 3, 'reg_alpha': 0.5933557866849647, 'reg_lambda': 0.2060029572432336}. Best is trial 1 with value: 1.2399690255424474.
[I 2026-04-12 17:10:33,178] Trial 4 finished with value: 1.2419624253242925 and parameters: {'n_estimators': 681, 'max_depth': 6, 'learning_rate': 0.010737783852341783, 'subsample': 0.9220806552820964, 'colsample_bytree': 0.7572754774371556, 'min_child_weight': 6, 'reg_alpha': 0.4661697746001393, 'reg_lambda': 0.6358943666150236}. Best is trial 1 with value: 1.2399690255424474.
[I 2026-04-12 17:10:56,937] Trial 5 finished with value: 1.2766299463860626 and parameters: {'n_estimators': 935, 'max_depth': 9, 'learning_rate': 0.025624175192226498, 'subsample': 0.8972636486325376, 'colsample_bytree': 0.6648262395865373, 'min_child_weight': 6, 'reg_alpha': 0.5439464062388142, 'reg_lambda': 0.18350860180005768}. Best is trial 1 with value: 1.2399690255424474.
[I 2026-04-12 17:11:05,911] Trial 6 finished with value: 1.322884590803901 and parameters: {'n_estimators': 649, 'max_depth': 6, 'learning_rate': 0.13020347794776227, 'subsample': 0.8244081408849109, 'colsample_bytree': 0.9152919214478227, 'min_child_weight': 4, 'reg_alpha': 0.0388398594970536, 'reg_lambda': 0.5546271210262743}. Best is trial 1 with value: 1.2399690255424474.
[I 2026-04-12 17:11:10,286] Trial 7 finished with value: 1.274375063754112 and parameters: {'n_estimators': 307, 'max_depth': 6, 'learning_rate': 0.09481405537512752, 'subsample': 0.6468811818669632, 'colsample_bytree': 0.8250887849127692, 'min_child_weight': 10, 'reg_alpha': 0.011491104612406766, 'reg_lambda': 0.10418423511509467}. Best is trial 1 with value: 1.2399690255424474.
[I 2026-04-12 17:11:18,581] Trial 8 finished with value: 1.304999121352255 and parameters: {'n_estimators': 750, 'max_depth': 5, 'learning_rate': 0.13584594639924016, 'subsample': 0.9925788191127931, 'colsample_bytree': 0.8209781535069395, 'min_child_weight': 5, 'reg_alpha': 0.5049814100963645, 'reg_lambda': 0.7311807293595722}. Best is trial 1 with value: 1.2399690255424474.
[I 2026-04-12 17:11:22,175] Trial 9 finished with value: 1.239458971474619 and parameters: {'n_estimators': 419, 'max_depth': 3, 'learning_rate': 0.028886275976309293, 'subsample': 0.7006440853998729, 'colsample_bytree': 0.8169140115350844, 'min_child_weight': 9, 'reg_alpha': 0.13110202667267268, 'reg_lambda': 0.7742147818279459}. Best is trial 9 with value: 1.239458971474619.
[I 2026-04-12 17:11:26,271] Trial 10 finished with value: 1.2393674840400026 and parameters: {'n_estimators': 451, 'max_depth': 3, 'learning_rate': 0.03674564830313146, 'subsample': 0.7108789752427924, 'colsample_bytree': 0.6378670573818452, 'min_child_weight': 8, 'reg_alpha': 0.9966213938572794, 'reg_lambda': 0.9631568695251409}. Best is trial 10 with value: 1.2393674840400026.
[I 2026-04-12 17:11:30,685] Trial 11 finished with value: 1.2393466339676293 and parameters: {'n_estimators': 447, 'max_depth': 3, 'learning_rate': 0.04077363087863679, 'subsample': 0.71899430124937, 'colsample_bytree': 0.6000398073323933, 'min_child_weight': 8, 'reg_alpha': 0.9735433921011105, 'reg_lambda': 0.9553777740330167}. Best is trial 11 with value: 1.2393466339676293.
[I 2026-04-12 17:11:34,864] Trial 12 finished with value: 1.2387149677331806 and parameters: {'n_estimators': 448, 'max_depth': 3, 'learning_rate': 0.03953730144178093, 'subsample': 0.6038787736405954, 'colsample_bytree': 0.6054885416015182, 'min_child_weight': 8, 'reg_alpha': 0.9976252596997751, 'reg_lambda': 0.9654723843875792}. Best is trial 12 with value: 1.2387149677331806.
[I 2026-04-12 17:11:39,616] Trial 13 finished with value: 1.2401183025528917 and parameters: {'n_estimators': 520, 'max_depth': 3, 'learning_rate': 0.0509603648115507, 'subsample': 0.6060120730949096, 'colsample_bytree': 0.6056381909539105, 'min_child_weight': 8, 'reg_alpha': 0.9861549644800554, 'reg_lambda': 0.9583686528544962}. Best is trial 12 with value: 1.2387149677331806.
[I 2026-04-12 17:11:43,324] Trial 14 finished with value: 1.239628233865347 and parameters: {'n_estimators': 339, 'max_depth': 4, 'learning_rate': 0.0200750954976804, 'subsample': 0.6016017910116659, 'colsample_bytree': 0.6821650441395081, 'min_child_weight': 10, 'reg_alpha': 0.8151453859265895, 'reg_lambda': 0.8542859607377739}. Best is trial 12 with value: 1.2387149677331806.
[I 2026-04-12 17:11:48,934] Trial 15 finished with value: 1.24727229858988 and parameters: {'n_estimators': 571, 'max_depth': 4, 'learning_rate': 0.053060224997062026, 'subsample': 0.7604877065120833, 'colsample_bytree': 0.6029516700556625, 'min_child_weight': 7, 'reg_alpha': 0.7995993948954698, 'reg_lambda': 0.42038523344660444}. Best is trial 12 with value: 1.2387149677331806.
[I 2026-04-12 17:11:53,968] Trial 16 finished with value: 1.2401121326744131 and parameters: {'n_estimators': 189, 'max_depth': 8, 'learning_rate': 0.017293598385969788, 'subsample': 0.6662286950378917, 'colsample_bytree': 0.7148171531997652, 'min_child_weight': 8, 'reg_alpha': 0.7835902502716035, 'reg_lambda': 0.8585831496211562}. Best is trial 12 with value: 1.2387149677331806.
[I 2026-04-12 17:11:58,325] Trial 17 finished with value: 1.2422823815456554 and parameters: {'n_estimators': 410, 'max_depth': 4, 'learning_rate': 0.03912916218195301, 'subsample': 0.8511032536941514, 'colsample_bytree': 0.98749400188437, 'min_child_weight': 1, 'reg_alpha': 0.9011060455329448, 'reg_lambda': 0.9997782267003179}. Best is trial 12 with value: 1.2387149677331806.
[I 2026-04-12 17:12:26,617] Trial 18 finished with value: 1.314444432735731 and parameters: {'n_estimators': 570, 'max_depth': 10, 'learning_rate': 0.08076184849788345, 'subsample': 0.745662368020381, 'colsample_bytree': 0.6522050260776913, 'min_child_weight': 5, 'reg_alpha': 0.679640216993467, 'reg_lambda': 0.8419027129573297}. Best is trial 12 with value: 1.2387149677331806.
[I 2026-04-12 17:12:30,899] Trial 19 finished with value: 1.2995797815660073 and parameters: {'n_estimators': 487, 'max_depth': 3, 'learning_rate': 0.27491509183739204, 'subsample': 0.7140293545839957, 'colsample_bytree': 0.7406988025303881, 'min_child_weight': 7, 'reg_alpha': 0.3521890564512892, 'reg_lambda': 0.4807684049002211}. Best is trial 12 with value: 1.2387149677331806.
[I 2026-04-12 17:12:34,548] Trial 20 finished with value: 1.2425605419350696 and parameters: {'n_estimators': 367, 'max_depth': 4, 'learning_rate': 0.06551934185108871, 'subsample': 0.6316958832872206, 'colsample_bytree': 0.7811616934038663, 'min_child_weight': 9, 'reg_alpha': 0.716619703797293, 'reg_lambda': 0.6840826264590298}. Best is trial 12 with value: 1.2387149677331806.
[I 2026-04-12 17:12:38,591] Trial 21 finished with value: 1.2398250207202461 and parameters: {'n_estimators': 449, 'max_depth': 3, 'learning_rate': 0.03680354576276613, 'subsample': 0.7017581581300454, 'colsample_bytree': 0.6336636193291421, 'min_child_weight': 8, 'reg_alpha': 0.985953384959859, 'reg_lambda': 0.9089837853063139}. Best is trial 12 with value: 1.2387149677331806.
[I 2026-04-12 17:12:41,034] Trial 22 finished with value: 1.2405066735743038 and parameters: {'n_estimators': 268, 'max_depth': 3, 'learning_rate': 0.037722413257932776, 'subsample': 0.6832285838467079, 'colsample_bytree': 0.68481732742298, 'min_child_weight': 8, 'reg_alpha': 0.8787127024743195, 'reg_lambda': 0.9925178707303028}. Best is trial 12 with value: 1.2387149677331806.
[I 2026-04-12 17:12:47,002] Trial 23 finished with value: 1.240828125411075 and parameters: {'n_estimators': 614, 'max_depth': 4, 'learning_rate': 0.026963102391104693, 'subsample': 0.732065630956437, 'colsample_bytree': 0.6266994394363811, 'min_child_weight': 7, 'reg_alpha': 0.9212361207804779, 'reg_lambda': 0.7988536763111679}. Best is trial 12 with value: 1.2387149677331806.
[I 2026-04-12 17:12:52,641] Trial 24 finished with value: 1.2512013944714335 and parameters: {'n_estimators': 501, 'max_depth': 5, 'learning_rate': 0.046276946609526574, 'subsample': 0.7755799169211217, 'colsample_bytree': 0.700648001010581, 'min_child_weight': 10, 'reg_alpha': 0.9826477147054166, 'reg_lambda': 0.8942257668472495}. Best is trial 12 with value: 1.2387149677331806.
[I 2026-04-12 17:12:55,803] Trial 25 finished with value: 1.2416349771945867 and parameters: {'n_estimators': 376, 'max_depth': 3, 'learning_rate': 0.06529672743828868, 'subsample': 0.8012860246897667, 'colsample_bytree': 0.6428735400199326, 'min_child_weight': 9, 'reg_alpha': 0.8557198299257482, 'reg_lambda': 0.9220836288765433}. Best is trial 12 with value: 1.2387149677331806.
[I 2026-04-12 17:13:00,418] Trial 26 finished with value: 1.2387988147241236 and parameters: {'n_estimators': 460, 'max_depth': 4, 'learning_rate': 0.019809541679520155, 'subsample': 0.6382850132663986, 'colsample_bytree': 0.60364148286044, 'min_child_weight': 6, 'reg_alpha': 0.6944293575706195, 'reg_lambda': 0.7682598560466687}. Best is trial 12 with value: 1.2387149677331806.
[I 2026-04-12 17:13:07,130] Trial 27 finished with value: 1.2399389938100005 and parameters: {'n_estimators': 708, 'max_depth': 4, 'learning_rate': 0.018807986070711595, 'subsample': 0.6408520603919879, 'colsample_bytree': 0.6013883101582687, 'min_child_weight': 6, 'reg_alpha': 0.6762706161521346, 'reg_lambda': 0.7390877168079274}. Best is trial 12 with value: 1.2387149677331806.
[I 2026-04-12 17:13:11,295] Trial 28 finished with value: 1.2386730698749069 and parameters: {'n_estimators': 212, 'max_depth': 7, 'learning_rate': 0.015667859038610395, 'subsample': 0.629325503869608, 'colsample_bytree': 0.665627354717943, 'min_child_weight': 5, 'reg_alpha': 0.7417937091905344, 'reg_lambda': 0.8055708027025261}. Best is trial 28 with value: 1.2386730698749069.
[I 2026-04-12 17:13:15,873] Trial 29 finished with value: 1.2408311178439702 and parameters: {'n_estimators': 229, 'max_depth': 7, 'learning_rate': 0.013559135937448343, 'subsample': 0.6250841312484712, 'colsample_bytree': 0.6703197624003415, 'min_child_weight': 4, 'reg_alpha': 0.6228173887141352, 'reg_lambda': 0.617629683917566}. Best is trial 28 with value: 1.2386730698749069.
[optuna] Best params: {'n_estimators': 212, 'max_depth': 7, 'learning_rate': 0.015667859038610395, 'subsample': 0.629325503869608, 'colsample_bytree': 0.665627354717943, 'min_child_weight': 5, 'reg_alpha': 0.7417937091905344, 'reg_lambda': 0.8055708027025261}
[optuna] Optimizing hyperparameters for stl_blk classification...
[I 2026-04-12 17:25:05,163] A new study created in memory with name: no-name-bfaa5761-f30a-42eb-82d4-4e7e7ce063e4
[I 2026-04-12 17:25:49,094] Trial 0 finished with value: 0.7153452187901252 and parameters: {'n_estimators': 904, 'max_depth': 10, 'learning_rate': 0.25780112559235174, 'subsample': 0.6812261093635151, 'colsample_bytree': 0.6388608822359239, 'min_child_weight': 6, 'reg_alpha': 0.3757446582615911, 'reg_lambda': 0.16547730390457882}. Best is trial 0 with value: 0.7153452187901252.
[I 2026-04-12 17:26:03,581] Trial 1 finished with value: 0.7459076873825141 and parameters: {'n_estimators': 661, 'max_depth': 3, 'learning_rate': 0.011453689613610346, 'subsample': 0.7442975936547075, 'colsample_bytree': 0.8389961527415386, 'min_child_weight': 1, 'reg_alpha': 0.6682305191659331, 'reg_lambda': 0.1244142314736062}. Best is trial 1 with value: 0.7459076873825141.
[I 2026-04-12 17:26:14,083] Trial 2 finished with value: 0.7457883213312566 and parameters: {'n_estimators': 188, 'max_depth': 8, 'learning_rate': 0.012572591451414029, 'subsample': 0.9373082850992914, 'colsample_bytree': 0.8042845591413582, 'min_child_weight': 6, 'reg_alpha': 0.4230399636831613, 'reg_lambda': 0.7361598724908844}. Best is trial 1 with value: 0.7459076873825141.
[I 2026-04-12 17:26:30,425] Trial 3 finished with value: 0.7188031433419062 and parameters: {'n_estimators': 652, 'max_depth': 5, 'learning_rate': 0.20221649811062098, 'subsample': 0.9293373449204694, 'colsample_bytree': 0.6043182641537345, 'min_child_weight': 6, 'reg_alpha': 0.7315605961060939, 'reg_lambda': 0.3209256746388348}. Best is trial 1 with value: 0.7459076873825141.
[I 2026-04-12 17:26:53,262] Trial 4 finished with value: 0.7475663240978996 and parameters: {'n_estimators': 941, 'max_depth': 3, 'learning_rate': 0.014577198717066453, 'subsample': 0.6301864994609883, 'colsample_bytree': 0.7216847353578547, 'min_child_weight': 2, 'reg_alpha': 0.17422153813051566, 'reg_lambda': 0.7688516762744095}. Best is trial 4 with value: 0.7475663240978996.
[I 2026-04-12 17:27:08,757] Trial 5 finished with value: 0.7136805746197203 and parameters: {'n_estimators': 441, 'max_depth': 7, 'learning_rate': 0.18531682778818748, 'subsample': 0.8430191263214994, 'colsample_bytree': 0.8632715092973932, 'min_child_weight': 9, 'reg_alpha': 0.4127098695608469, 'reg_lambda': 0.51555867608932}. Best is trial 4 with value: 0.7475663240978996.
[I 2026-04-12 17:27:28,604] Trial 6 finished with value: 0.7456996573311768 and parameters: {'n_estimators': 834, 'max_depth': 4, 'learning_rate': 0.0384225731060557, 'subsample': 0.995258005572712, 'colsample_bytree': 0.8373917935030779, 'min_child_weight': 7, 'reg_alpha': 0.4574275070035466, 'reg_lambda': 0.344059145806315}. Best is trial 4 with value: 0.7475663240978996.
[I 2026-04-12 17:28:28,882] Trial 7 finished with value: 0.7201030905382935 and parameters: {'n_estimators': 669, 'max_depth': 9, 'learning_rate': 0.27041525549933015, 'subsample': 0.6541223813177064, 'colsample_bytree': 0.9970546573409917, 'min_child_weight': 1, 'reg_alpha': 0.7548287749455513, 'reg_lambda': 0.4742158902718433}. Best is trial 4 with value: 0.7475663240978996.
[I 2026-04-12 17:28:48,495] Trial 8 finished with value: 0.7420403871943015 and parameters: {'n_estimators': 207, 'max_depth': 7, 'learning_rate': 0.062368160071220355, 'subsample': 0.9464105889341902, 'colsample_bytree': 0.7286275050341435, 'min_child_weight': 9, 'reg_alpha': 0.9132155877004621, 'reg_lambda': 0.013824910017763758}. Best is trial 4 with value: 0.7475663240978996.
[I 2026-04-12 17:29:36,196] Trial 9 finished with value: 0.7446909636261282 and parameters: {'n_estimators': 811, 'max_depth': 7, 'learning_rate': 0.021896625548667167, 'subsample': 0.6251680841040059, 'colsample_bytree': 0.6431071138354034, 'min_child_weight': 4, 'reg_alpha': 0.2538608636907136, 'reg_lambda': 0.7191924566914402}. Best is trial 4 with value: 0.7475663240978996.
[I 2026-04-12 17:30:10,131] Trial 10 finished with value: 0.733900395759554 and parameters: {'n_estimators': 988, 'max_depth': 5, 'learning_rate': 0.07327924878435388, 'subsample': 0.7808745595246962, 'colsample_bytree': 0.7340407011737838, 'min_child_weight': 3, 'reg_alpha': 0.031354586407697005, 'reg_lambda': 0.9956091588307747}. Best is trial 4 with value: 0.7475663240978996.
[I 2026-04-12 17:30:25,208] Trial 11 finished with value: 0.7439891966300959 and parameters: {'n_estimators': 429, 'max_depth': 3, 'learning_rate': 0.010528003479203928, 'subsample': 0.735862092011818, 'colsample_bytree': 0.9135970834116022, 'min_child_weight': 1, 'reg_alpha': 0.007230185784099286, 'reg_lambda': 0.8068296811220679}. Best is trial 4 with value: 0.7475663240978996.
[I 2026-04-12 17:30:45,182] Trial 12 finished with value: 0.7475584528228235 and parameters: {'n_estimators': 691, 'max_depth': 3, 'learning_rate': 0.021043050778359978, 'subsample': 0.7433111080801913, 'colsample_bytree': 0.7335059132091539, 'min_child_weight': 3, 'reg_alpha': 0.6466030769277463, 'reg_lambda': 0.5949241264639606}. Best is trial 4 with value: 0.7475663240978996.
[I 2026-04-12 17:31:10,773] Trial 13 finished with value: 0.7463251830752546 and parameters: {'n_estimators': 773, 'max_depth': 5, 'learning_rate': 0.023646638036436927, 'subsample': 0.8401886304414297, 'colsample_bytree': 0.7353527488025333, 'min_child_weight': 3, 'reg_alpha': 0.19824598616509534, 'reg_lambda': 0.5983116455803034}. Best is trial 4 with value: 0.7475663240978996.
[I 2026-04-12 17:31:37,490] Trial 14 finished with value: 0.7472381938867485 and parameters: {'n_estimators': 988, 'max_depth': 3, 'learning_rate': 0.02136391345314434, 'subsample': 0.7086598291087881, 'colsample_bytree': 0.6893652491032068, 'min_child_weight': 3, 'reg_alpha': 0.5891008779386914, 'reg_lambda': 0.9502731385068739}. Best is trial 4 with value: 0.7475663240978996.
[I 2026-04-12 17:31:56,509] Trial 15 finished with value: 0.7468658050864132 and parameters: {'n_estimators': 507, 'max_depth': 4, 'learning_rate': 0.03939245142525088, 'subsample': 0.6079110207849918, 'colsample_bytree': 0.7686081484747335, 'min_child_weight': 4, 'reg_alpha': 0.8538266156378387, 'reg_lambda': 0.8395757487362954}. Best is trial 4 with value: 0.7475663240978996.
[I 2026-04-12 17:32:08,322] Trial 16 finished with value: 0.7466521713397625 and parameters: {'n_estimators': 317, 'max_depth': 4, 'learning_rate': 0.018478938965864153, 'subsample': 0.8021125018749359, 'colsample_bytree': 0.6994160513060875, 'min_child_weight': 2, 'reg_alpha': 0.1928525396262416, 'reg_lambda': 0.606390978507897}. Best is trial 4 with value: 0.7475663240978996.
[I 2026-04-12 17:32:35,735] Trial 17 finished with value: 0.725493661902487 and parameters: {'n_estimators': 713, 'max_depth': 6, 'learning_rate': 0.11063922812831882, 'subsample': 0.6818737353864812, 'colsample_bytree': 0.7770820998282597, 'min_child_weight': 4, 'reg_alpha': 0.563674753989095, 'reg_lambda': 0.6520244559745264}. Best is trial 4 with value: 0.7475663240978996.
[I 2026-04-12 17:32:53,655] Trial 18 finished with value: 0.7476639238304623 and parameters: {'n_estimators': 574, 'max_depth': 3, 'learning_rate': 0.0314513608987314, 'subsample': 0.6430117049715524, 'colsample_bytree': 0.6811095024865728, 'min_child_weight': 2, 'reg_alpha': 0.28745315144048594, 'reg_lambda': 0.4335655798758582}. Best is trial 18 with value: 0.7476639238304623.
[I 2026-04-12 17:33:16,893] Trial 19 finished with value: 0.7438267791903911 and parameters: {'n_estimators': 579, 'max_depth': 6, 'learning_rate': 0.03507623830624531, 'subsample': 0.6399742911409791, 'colsample_bytree': 0.6706285729772412, 'min_child_weight': 2, 'reg_alpha': 0.284538886952901, 'reg_lambda': 0.4176738751690373}. Best is trial 18 with value: 0.7476639238304623.
[I 2026-04-12 17:33:26,849] Trial 20 finished with value: 0.7472561142922844 and parameters: {'n_estimators': 277, 'max_depth': 4, 'learning_rate': 0.029160342436231654, 'subsample': 0.6601745445029922, 'colsample_bytree': 0.6005419194578476, 'min_child_weight': 5, 'reg_alpha': 0.09852737848195506, 'reg_lambda': 0.26806851783225627}. Best is trial 18 with value: 0.7476639238304623.
[I 2026-04-12 17:33:45,748] Trial 21 finished with value: 0.7463873946970216 and parameters: {'n_estimators': 599, 'max_depth': 3, 'learning_rate': 0.0155815430450386, 'subsample': 0.7166460350984423, 'colsample_bytree': 0.6971248608312773, 'min_child_weight': 2, 'reg_alpha': 0.2966234597716654, 'reg_lambda': 0.5217061301842851}. Best is trial 18 with value: 0.7476639238304623.
[I 2026-04-12 17:34:09,374] Trial 22 finished with value: 0.747100010186164 and parameters: {'n_estimators': 891, 'max_depth': 3, 'learning_rate': 0.014755393116970232, 'subsample': 0.7690444541308007, 'colsample_bytree': 0.7609866474521602, 'min_child_weight': 2, 'reg_alpha': 0.14563275958681013, 'reg_lambda': 0.8576457493594457}. Best is trial 18 with value: 0.7476639238304623.
[I 2026-04-12 17:34:24,981] Trial 23 finished with value: 0.7452889480642014 and parameters: {'n_estimators': 524, 'max_depth': 4, 'learning_rate': 0.04907591599060464, 'subsample': 0.6016882718023697, 'colsample_bytree': 0.647516943541012, 'min_child_weight': 3, 'reg_alpha': 0.5489943350364008, 'reg_lambda': 0.6924905565497399}. Best is trial 18 with value: 0.7476639238304623.
[I 2026-04-12 17:34:50,017] Trial 24 finished with value: 0.7453703036057651 and parameters: {'n_estimators': 743, 'max_depth': 5, 'learning_rate': 0.03025460279652389, 'subsample': 0.6788317173720074, 'colsample_bytree': 0.7218462935180834, 'min_child_weight': 5, 'reg_alpha': 0.3411760939118522, 'reg_lambda': 0.4184740032633172}. Best is trial 18 with value: 0.7476639238304623.
[I 2026-04-12 17:35:02,703] Trial 25 finished with value: 0.7460435871898122 and parameters: {'n_estimators': 420, 'max_depth': 3, 'learning_rate': 0.01728218009871592, 'subsample': 0.8264759897354474, 'colsample_bytree': 0.8031436245166232, 'min_child_weight': 1, 'reg_alpha': 0.4956722775864777, 'reg_lambda': 0.5613505348735661}. Best is trial 18 with value: 0.7476639238304623.
[I 2026-04-12 17:35:27,558] Trial 26 finished with value: 0.7467767495617699 and parameters: {'n_estimators': 876, 'max_depth': 4, 'learning_rate': 0.025263500497797187, 'subsample': 0.8824232018041778, 'colsample_bytree': 0.6616815610504241, 'min_child_weight': 4, 'reg_alpha': 0.09442810803417861, 'reg_lambda': 0.7783446093216485}. Best is trial 18 with value: 0.7476639238304623.
[I 2026-04-12 17:35:43,063] Trial 27 finished with value: 0.7477765034559547 and parameters: {'n_estimators': 605, 'max_depth': 3, 'learning_rate': 0.04960565367906752, 'subsample': 0.7164459587180781, 'colsample_bytree': 0.7490350513244789, 'min_child_weight': 10, 'reg_alpha': 0.6844657612888251, 'reg_lambda': 0.6544481662456001}. Best is trial 27 with value: 0.7477765034559547.
[I 2026-04-12 17:35:48,884] Trial 28 finished with value: 0.7435511744464447 and parameters: {'n_estimators': 121, 'max_depth': 6, 'learning_rate': 0.09613962049122969, 'subsample': 0.7099694497392757, 'colsample_bytree': 0.7616331514614513, 'min_child_weight': 10, 'reg_alpha': 0.22964617025361161, 'reg_lambda': 0.9163074548553279}. Best is trial 27 with value: 0.7477765034559547.
[I 2026-04-12 17:36:08,784] Trial 29 finished with value: 0.7325965455526757 and parameters: {'n_estimators': 324, 'max_depth': 9, 'learning_rate': 0.05665594768017185, 'subsample': 0.6717717573259961, 'colsample_bytree': 0.9055960121411675, 'min_child_weight': 7, 'reg_alpha': 0.37590096213013713, 'reg_lambda': 0.22280859760853822}. Best is trial 27 with value: 0.7477765034559547.
[optuna] Best params: {'n_estimators': 605, 'max_depth': 3, 'learning_rate': 0.04960565367906752, 'subsample': 0.7164459587180781, 'colsample_bytree': 0.7490350513244789, 'min_child_weight': 10, 'reg_alpha': 0.6844657612888251, 'reg_lambda': 0.6544481662456001}
[wf] double_double: auc_raw=0.834 brier_raw=0.081 auc_cal=0.818 brier_cal=0.080 folds=5
[optuna] Optimizing hyperparameters for double_double classification...
[I 2026-04-12 17:43:57,085] A new study created in memory with name: no-name-d5199e64-5215-4a44-8009-027ee20a2aa3
[I 2026-04-12 17:44:01,365] Trial 0 finished with value: 0.8711376885577021 and parameters: {'n_estimators': 358, 'max_depth': 6, 'learning_rate': 0.032548518463248084, 'subsample': 0.7894622571394322, 'colsample_bytree': 0.922314603783551, 'min_child_weight': 1, 'reg_alpha': 0.08411872151891964, 'reg_lambda': 0.878216580934686}. Best is trial 0 with value: 0.8711376885577021.
[I 2026-04-12 17:44:17,635] Trial 1 finished with value: 0.860737568340427 and parameters: {'n_estimators': 970, 'max_depth': 10, 'learning_rate': 0.047861994382516204, 'subsample': 0.6132839534466829, 'colsample_bytree': 0.6811558505175084, 'min_child_weight': 4, 'reg_alpha': 0.06201024827797108, 'reg_lambda': 0.01831570195368093}. Best is trial 0 with value: 0.8711376885577021.
[I 2026-04-12 17:44:23,186] Trial 2 finished with value: 0.8554855761368708 and parameters: {'n_estimators': 783, 'max_depth': 3, 'learning_rate': 0.18872179615203863, 'subsample': 0.7141478992458935, 'colsample_bytree': 0.9923333593366614, 'min_child_weight': 4, 'reg_alpha': 0.7653729765951296, 'reg_lambda': 0.5919025540237687}. Best is trial 0 with value: 0.8711376885577021.
[I 2026-04-12 17:44:32,523] Trial 3 finished with value: 0.8599667634592522 and parameters: {'n_estimators': 706, 'max_depth': 7, 'learning_rate': 0.045790196399604924, 'subsample': 0.7220935954970579, 'colsample_bytree': 0.7890557974352569, 'min_child_weight': 4, 'reg_alpha': 0.08140057331682282, 'reg_lambda': 0.1545428341405285}. Best is trial 0 with value: 0.8711376885577021.
[I 2026-04-12 17:44:38,601] Trial 4 finished with value: 0.8464060780439943 and parameters: {'n_estimators': 314, 'max_depth': 10, 'learning_rate': 0.28485320380680346, 'subsample': 0.9074533523232131, 'colsample_bytree': 0.7922124352115565, 'min_child_weight': 5, 'reg_alpha': 0.6967538071615674, 'reg_lambda': 0.6756800239550081}. Best is trial 0 with value: 0.8711376885577021.
[I 2026-04-12 17:44:51,535] Trial 5 finished with value: 0.8722496983518742 and parameters: {'n_estimators': 811, 'max_depth': 9, 'learning_rate': 0.011958991398294231, 'subsample': 0.8921948664529606, 'colsample_bytree': 0.6520318145336823, 'min_child_weight': 9, 'reg_alpha': 0.5703465607606555, 'reg_lambda': 0.716862971637221}. Best is trial 5 with value: 0.8722496983518742.
[I 2026-04-12 17:45:02,193] Trial 6 finished with value: 0.873134532854232 and parameters: {'n_estimators': 775, 'max_depth': 7, 'learning_rate': 0.011792088060733945, 'subsample': 0.987089126196179, 'colsample_bytree': 0.7674334001376794, 'min_child_weight': 10, 'reg_alpha': 0.9733712346216816, 'reg_lambda': 0.35825968656775176}. Best is trial 6 with value: 0.873134532854232.
[I 2026-04-12 17:45:10,414] Trial 7 finished with value: 0.8624718793230708 and parameters: {'n_estimators': 889, 'max_depth': 4, 'learning_rate': 0.1095451884797638, 'subsample': 0.6084987749059573, 'colsample_bytree': 0.9223662465302009, 'min_child_weight': 5, 'reg_alpha': 0.4245651870177154, 'reg_lambda': 0.2824588448574552}. Best is trial 6 with value: 0.873134532854232.
[I 2026-04-12 17:45:13,276] Trial 8 finished with value: 0.8517796134484236 and parameters: {'n_estimators': 295, 'max_depth': 4, 'learning_rate': 0.24099510209813985, 'subsample': 0.7199034920674853, 'colsample_bytree': 0.9044901813053067, 'min_child_weight': 1, 'reg_alpha': 0.5383430549052107, 'reg_lambda': 0.08819487147857275}. Best is trial 6 with value: 0.873134532854232.
[I 2026-04-12 17:45:24,572] Trial 9 finished with value: 0.8508421838882332 and parameters: {'n_estimators': 730, 'max_depth': 7, 'learning_rate': 0.11054820908551474, 'subsample': 0.6083144232872815, 'colsample_bytree': 0.8051917752641392, 'min_child_weight': 6, 'reg_alpha': 0.42717133087611925, 'reg_lambda': 0.06993040767195324}. Best is trial 6 with value: 0.873134532854232.
[I 2026-04-12 17:45:35,814] Trial 10 finished with value: 0.872373451429127 and parameters: {'n_estimators': 533, 'max_depth': 8, 'learning_rate': 0.010449726791763954, 'subsample': 0.9833890141203054, 'colsample_bytree': 0.6011095647800134, 'min_child_weight': 10, 'reg_alpha': 0.853797240614761, 'reg_lambda': 0.35013426266145947}. Best is trial 6 with value: 0.873134532854232.
[I 2026-04-12 17:45:46,930] Trial 11 finished with value: 0.8719752317055384 and parameters: {'n_estimators': 537, 'max_depth': 8, 'learning_rate': 0.012021630144580504, 'subsample': 0.9943342093037871, 'colsample_bytree': 0.6056912284772229, 'min_child_weight': 10, 'reg_alpha': 0.9331967523819809, 'reg_lambda': 0.36616912017499925}. Best is trial 6 with value: 0.873134532854232.
[I 2026-04-12 17:45:55,148] Trial 12 finished with value: 0.8737157303420447 and parameters: {'n_estimators': 531, 'max_depth': 6, 'learning_rate': 0.020919803092707318, 'subsample': 0.9997413193348831, 'colsample_bytree': 0.7201143384114764, 'min_child_weight': 8, 'reg_alpha': 0.9658714847359141, 'reg_lambda': 0.40400930364504495}. Best is trial 12 with value: 0.8737157303420447.
[I 2026-04-12 17:45:57,334] Trial 13 finished with value: 0.8696579553339787 and parameters: {'n_estimators': 101, 'max_depth': 6, 'learning_rate': 0.021448792082524183, 'subsample': 0.9144402005352874, 'colsample_bytree': 0.7301767270110862, 'min_child_weight': 8, 'reg_alpha': 0.9287152225924803, 'reg_lambda': 0.47851793560260814}. Best is trial 12 with value: 0.8737157303420447.
[I 2026-04-12 17:46:06,744] Trial 14 finished with value: 0.87356413282241 and parameters: {'n_estimators': 613, 'max_depth': 6, 'learning_rate': 0.02093063794016757, 'subsample': 0.9498158649987571, 'colsample_bytree': 0.7221156890016245, 'min_child_weight': 8, 'reg_alpha': 0.9616683134407037, 'reg_lambda': 0.5045539568173003}. Best is trial 12 with value: 0.8737157303420447.
[I 2026-04-12 17:46:14,872] Trial 15 finished with value: 0.8741988093186067 and parameters: {'n_estimators': 609, 'max_depth': 5, 'learning_rate': 0.020816185861383386, 'subsample': 0.8549877944122304, 'colsample_bytree': 0.7170586727389653, 'min_child_weight': 7, 'reg_alpha': 0.7256449065820298, 'reg_lambda': 0.509818658683187}. Best is trial 15 with value: 0.8741988093186067.
[I 2026-04-12 17:46:21,096] Trial 16 finished with value: 0.8730174094061179 and parameters: {'n_estimators': 452, 'max_depth': 5, 'learning_rate': 0.023709181984538388, 'subsample': 0.8354147724869846, 'colsample_bytree': 0.8424020440392804, 'min_child_weight': 7, 'reg_alpha': 0.6904033203789093, 'reg_lambda': 0.9884389464627426}. Best is trial 15 with value: 0.8741988093186067.
[I 2026-04-12 17:46:29,135] Trial 17 finished with value: 0.8665292123558608 and parameters: {'n_estimators': 644, 'max_depth': 5, 'learning_rate': 0.07443389393050251, 'subsample': 0.8341179666795393, 'colsample_bytree': 0.6823154955083511, 'min_child_weight': 7, 'reg_alpha': 0.7923112515528212, 'reg_lambda': 0.49920670831057556}. Best is trial 15 with value: 0.8741988093186067.
[I 2026-04-12 17:46:35,318] Trial 18 finished with value: 0.8729106723769873 and parameters: {'n_estimators': 427, 'max_depth': 5, 'learning_rate': 0.03241066584890062, 'subsample': 0.8611148953989055, 'colsample_bytree': 0.8497302944060716, 'min_child_weight': 8, 'reg_alpha': 0.3176948355104958, 'reg_lambda': 0.23147377077735276}. Best is trial 15 with value: 0.8741988093186067.
[I 2026-04-12 17:46:41,020] Trial 19 finished with value: 0.8751167919666574 and parameters: {'n_estimators': 616, 'max_depth': 3, 'learning_rate': 0.016936189595142842, 'subsample': 0.7813568771694719, 'colsample_bytree': 0.7149063569641253, 'min_child_weight': 6, 'reg_alpha': 0.6374244696987708, 'reg_lambda': 0.7637509544213089}. Best is trial 19 with value: 0.8751167919666574.
[I 2026-04-12 17:46:42,857] Trial 20 finished with value: 0.8709838811616877 and parameters: {'n_estimators': 176, 'max_depth': 3, 'learning_rate': 0.03235406701859134, 'subsample': 0.7569618900928484, 'colsample_bytree': 0.6620304379950392, 'min_child_weight': 3, 'reg_alpha': 0.6518047370939739, 'reg_lambda': 0.7906977745614645}. Best is trial 19 with value: 0.8751167919666574.
[I 2026-04-12 17:46:50,036] Trial 21 finished with value: 0.8748692858121517 and parameters: {'n_estimators': 643, 'max_depth': 4, 'learning_rate': 0.01658457499838726, 'subsample': 0.7826956375126133, 'colsample_bytree': 0.7277070813134247, 'min_child_weight': 6, 'reg_alpha': 0.7955974177041236, 'reg_lambda': 0.6123298544643405}. Best is trial 19 with value: 0.8751167919666574.
[I 2026-04-12 17:46:57,101] Trial 22 finished with value: 0.8750730364143431 and parameters: {'n_estimators': 633, 'max_depth': 4, 'learning_rate': 0.015406861205218897, 'subsample': 0.7988037723231617, 'colsample_bytree': 0.7444889010879445, 'min_child_weight': 6, 'reg_alpha': 0.6163426755857551, 'reg_lambda': 0.6183855997034469}. Best is trial 19 with value: 0.8751167919666574.
[I 2026-04-12 17:47:04,008] Trial 23 finished with value: 0.8748882907490155 and parameters: {'n_estimators': 659, 'max_depth': 4, 'learning_rate': 0.015860660124231624, 'subsample': 0.7844010327914691, 'colsample_bytree': 0.7561466258643773, 'min_child_weight': 6, 'reg_alpha': 0.6245456650855726, 'reg_lambda': 0.6445214690321299}. Best is trial 19 with value: 0.8751167919666574.
[I 2026-04-12 17:47:11,498] Trial 24 finished with value: 0.8755132437891424 and parameters: {'n_estimators': 866, 'max_depth': 3, 'learning_rate': 0.015390264460485588, 'subsample': 0.6762950418909374, 'colsample_bytree': 0.7539474107603671, 'min_child_weight': 6, 'reg_alpha': 0.3170518242314255, 'reg_lambda': 0.8034488997510942}. Best is trial 24 with value: 0.8755132437891424.
[I 2026-04-12 17:47:19,773] Trial 25 finished with value: 0.875414683302616 and parameters: {'n_estimators': 956, 'max_depth': 3, 'learning_rate': 0.016601893078334786, 'subsample': 0.67126040831494, 'colsample_bytree': 0.8274520253797071, 'min_child_weight': 3, 'reg_alpha': 0.24876979106020858, 'reg_lambda': 0.8238470212672624}. Best is trial 24 with value: 0.8755132437891424.
[I 2026-04-12 17:47:28,306] Trial 26 finished with value: 0.8758747795648311 and parameters: {'n_estimators': 985, 'max_depth': 3, 'learning_rate': 0.028770587138427596, 'subsample': 0.6585154505488585, 'colsample_bytree': 0.8706494475920988, 'min_child_weight': 3, 'reg_alpha': 0.23510449766185687, 'reg_lambda': 0.8225565566249871}. Best is trial 26 with value: 0.8758747795648311.
[I 2026-04-12 17:47:36,879] Trial 27 finished with value: 0.8753147968902619 and parameters: {'n_estimators': 996, 'max_depth': 3, 'learning_rate': 0.02809326055188137, 'subsample': 0.6513535637880226, 'colsample_bytree': 0.8624998572919353, 'min_child_weight': 2, 'reg_alpha': 0.212071822750171, 'reg_lambda': 0.8820784401293473}. Best is trial 26 with value: 0.8758747795648311.
[I 2026-04-12 17:47:44,263] Trial 28 finished with value: 0.8741148340161851 and parameters: {'n_estimators': 893, 'max_depth': 3, 'learning_rate': 0.04215872061512455, 'subsample': 0.6697293766198011, 'colsample_bytree': 0.8235491801917073, 'min_child_weight': 3, 'reg_alpha': 0.18587092064545152, 'reg_lambda': 0.8908041577082674}. Best is trial 26 with value: 0.8758747795648311.
[I 2026-04-12 17:47:51,740] Trial 29 finished with value: 0.870900789809818 and parameters: {'n_estimators': 904, 'max_depth': 3, 'learning_rate': 0.059096345737802265, 'subsample': 0.6651410136086914, 'colsample_bytree': 0.8801432214626921, 'min_child_weight': 1, 'reg_alpha': 0.21039936813837185, 'reg_lambda': 0.9920596822781744}. Best is trial 26 with value: 0.8758747795648311.
[optuna] Best params: {'n_estimators': 985, 'max_depth': 3, 'learning_rate': 0.028770587138427596, 'subsample': 0.6585154505488585, 'colsample_bytree': 0.8706494475920988, 'min_child_weight': 3, 'reg_alpha': 0.23510449766185687, 'reg_lambda': 0.8225565566249871}
[wf] triple_double: auc_raw=0.840 brier_raw=0.007 auc_cal=0.810 brier_cal=0.006 folds=5
[optuna] Optimizing hyperparameters for triple_double classification...
[I 2026-04-12 17:52:23,906] A new study created in memory with name: no-name-f01d7339-95e5-4347-a733-93af3f8c03f1
[I 2026-04-12 17:52:30,097] Trial 0 finished with value: 0.9585250505401622 and parameters: {'n_estimators': 688, 'max_depth': 5, 'learning_rate': 0.01188538944804366, 'subsample': 0.6492720644327126, 'colsample_bytree': 0.7434868386732982, 'min_child_weight': 8, 'reg_alpha': 0.4864512047042845, 'reg_lambda': 0.2994138411833618}. Best is trial 0 with value: 0.9585250505401622.
[I 2026-04-12 17:52:34,715] Trial 1 finished with value: 0.9302682973682525 and parameters: {'n_estimators': 616, 'max_depth': 3, 'learning_rate': 0.11493675582489371, 'subsample': 0.691898208071164, 'colsample_bytree': 0.808417543133848, 'min_child_weight': 2, 'reg_alpha': 0.7590287126751479, 'reg_lambda': 0.12565988731696442}. Best is trial 0 with value: 0.9585250505401622.
[I 2026-04-12 17:52:43,017] Trial 2 finished with value: 0.9494918541150211 and parameters: {'n_estimators': 830, 'max_depth': 8, 'learning_rate': 0.10080564475134941, 'subsample': 0.8011639205044943, 'colsample_bytree': 0.7843512851172133, 'min_child_weight': 9, 'reg_alpha': 0.7661066710528719, 'reg_lambda': 0.23965085269708608}. Best is trial 0 with value: 0.9585250505401622.
[I 2026-04-12 17:52:49,036] Trial 3 finished with value: 0.933588854636431 and parameters: {'n_estimators': 598, 'max_depth': 5, 'learning_rate': 0.18162026554797253, 'subsample': 0.8433442355975895, 'colsample_bytree': 0.7712558818335071, 'min_child_weight': 4, 'reg_alpha': 0.8417131099552628, 'reg_lambda': 0.8889699393845901}. Best is trial 0 with value: 0.9585250505401622.
[I 2026-04-12 17:52:52,684] Trial 4 finished with value: 0.9420137396061068 and parameters: {'n_estimators': 315, 'max_depth': 9, 'learning_rate': 0.1197921267966493, 'subsample': 0.88977120430819, 'colsample_bytree': 0.6651834289043911, 'min_child_weight': 8, 'reg_alpha': 0.2798750689591719, 'reg_lambda': 0.7637691096372407}. Best is trial 0 with value: 0.9585250505401622.
[I 2026-04-12 17:52:58,160] Trial 5 finished with value: 0.9529724933451642 and parameters: {'n_estimators': 520, 'max_depth': 6, 'learning_rate': 0.01268536895202357, 'subsample': 0.8752239499080636, 'colsample_bytree': 0.6991598884046992, 'min_child_weight': 6, 'reg_alpha': 0.5643925271431737, 'reg_lambda': 0.39293325394067347}. Best is trial 0 with value: 0.9585250505401622.
[I 2026-04-12 17:53:05,668] Trial 6 finished with value: 0.9501230344221956 and parameters: {'n_estimators': 689, 'max_depth': 6, 'learning_rate': 0.07814072018503221, 'subsample': 0.7437640101434179, 'colsample_bytree': 0.9404305343373462, 'min_child_weight': 6, 'reg_alpha': 0.6482237196656804, 'reg_lambda': 0.9727383659685358}. Best is trial 0 with value: 0.9585250505401622.
[I 2026-04-12 17:53:13,478] Trial 7 finished with value: 0.9468848050201704 and parameters: {'n_estimators': 774, 'max_depth': 7, 'learning_rate': 0.12141444449998152, 'subsample': 0.9562833700455043, 'colsample_bytree': 0.7175256176964875, 'min_child_weight': 10, 'reg_alpha': 0.06506934587304525, 'reg_lambda': 0.17861818408356267}. Best is trial 0 with value: 0.9585250505401622.
[I 2026-04-12 17:53:21,913] Trial 8 finished with value: 0.925342346710087 and parameters: {'n_estimators': 829, 'max_depth': 5, 'learning_rate': 0.29577477898646104, 'subsample': 0.6402015531666474, 'colsample_bytree': 0.9901162951876806, 'min_child_weight': 3, 'reg_alpha': 0.7136954658164819, 'reg_lambda': 0.29726221017394017}. Best is trial 0 with value: 0.9585250505401622.
[I 2026-04-12 17:53:29,388] Trial 9 finished with value: 0.9428461658083225 and parameters: {'n_estimators': 646, 'max_depth': 10, 'learning_rate': 0.1246283281981504, 'subsample': 0.6528524462895609, 'colsample_bytree': 0.7166100091647876, 'min_child_weight': 6, 'reg_alpha': 0.008361973183952487, 'reg_lambda': 0.7051695144034128}. Best is trial 0 with value: 0.9585250505401622.
[I 2026-04-12 17:53:38,553] Trial 10 finished with value: 0.960080132456389 and parameters: {'n_estimators': 992, 'max_depth': 3, 'learning_rate': 0.012045083449061255, 'subsample': 0.6003799627352004, 'colsample_bytree': 0.8750089749155652, 'min_child_weight': 8, 'reg_alpha': 0.3697784604986847, 'reg_lambda': 0.5125516640355537}. Best is trial 10 with value: 0.960080132456389.
[I 2026-04-12 17:53:47,388] Trial 11 finished with value: 0.9580356571135851 and parameters: {'n_estimators': 985, 'max_depth': 3, 'learning_rate': 0.011230758176171602, 'subsample': 0.6245498475886605, 'colsample_bytree': 0.8673107159200514, 'min_child_weight': 8, 'reg_alpha': 0.3791491432138263, 'reg_lambda': 0.553442598272109}. Best is trial 10 with value: 0.960080132456389.
[I 2026-04-12 17:53:57,860] Trial 12 finished with value: 0.9538506572507982 and parameters: {'n_estimators': 998, 'max_depth': 4, 'learning_rate': 0.02460205073981346, 'subsample': 0.7143756224966255, 'colsample_bytree': 0.6111117978027825, 'min_child_weight': 8, 'reg_alpha': 0.4031904743044862, 'reg_lambda': 0.5104143250429104}. Best is trial 10 with value: 0.960080132456389.
[I 2026-04-12 17:53:59,221] Trial 13 finished with value: 0.9622252307467137 and parameters: {'n_estimators': 106, 'max_depth': 4, 'learning_rate': 0.024001910912058784, 'subsample': 0.6018110480171417, 'colsample_bytree': 0.8739976236336279, 'min_child_weight': 10, 'reg_alpha': 0.21965130900875696, 'reg_lambda': 0.009250730946080032}. Best is trial 13 with value: 0.9622252307467137.
[I 2026-04-12 17:54:00,583] Trial 14 finished with value: 0.9611869848791152 and parameters: {'n_estimators': 114, 'max_depth': 3, 'learning_rate': 0.025705934321981608, 'subsample': 0.6028279160145911, 'colsample_bytree': 0.8712750663658774, 'min_child_weight': 10, 'reg_alpha': 0.18901082962577873, 'reg_lambda': 0.002681699714479932}. Best is trial 13 with value: 0.9622252307467137.
[I 2026-04-12 17:54:01,919] Trial 15 finished with value: 0.9612052799604826 and parameters: {'n_estimators': 103, 'max_depth': 4, 'learning_rate': 0.035032025120468165, 'subsample': 0.7528418110195686, 'colsample_bytree': 0.871751581252372, 'min_child_weight': 10, 'reg_alpha': 0.17507562948205643, 'reg_lambda': 0.045122293912476685}. Best is trial 13 with value: 0.9622252307467137.
[I 2026-04-12 17:54:03,897] Trial 16 finished with value: 0.9605329357202317 and parameters: {'n_estimators': 163, 'max_depth': 4, 'learning_rate': 0.03527851356219982, 'subsample': 0.7663268955443561, 'colsample_bytree': 0.9291516165101495, 'min_child_weight': 10, 'reg_alpha': 0.15549139518197808, 'reg_lambda': 0.008640979265729964}. Best is trial 13 with value: 0.9622252307467137.
[I 2026-04-12 17:54:06,702] Trial 17 finished with value: 0.9461895919282102 and parameters: {'n_estimators': 257, 'max_depth': 4, 'learning_rate': 0.048898859713580996, 'subsample': 0.9898706068436613, 'colsample_bytree': 0.8449927477942049, 'min_child_weight': 4, 'reg_alpha': 0.20444744044502475, 'reg_lambda': 0.10859711725019607}. Best is trial 13 with value: 0.9622252307467137.
[I 2026-04-12 17:54:12,777] Trial 18 finished with value: 0.9564622801159909 and parameters: {'n_estimators': 434, 'max_depth': 7, 'learning_rate': 0.01991323444854335, 'subsample': 0.7992273393991758, 'colsample_bytree': 0.9352769223879636, 'min_child_weight': 9, 'reg_alpha': 0.973561492998031, 'reg_lambda': 0.39077590748640545}. Best is trial 13 with value: 0.9622252307467137.
[I 2026-04-12 17:54:16,805] Trial 19 finished with value: 0.9504706409681757 and parameters: {'n_estimators': 287, 'max_depth': 5, 'learning_rate': 0.04882111388007507, 'subsample': 0.6929645345812638, 'colsample_bytree': 0.8219884138322203, 'min_child_weight': 1, 'reg_alpha': 0.27823158363538975, 'reg_lambda': 0.046529344590794885}. Best is trial 13 with value: 0.9622252307467137.
[I 2026-04-12 17:54:21,366] Trial 20 finished with value: 0.9545092801800237 and parameters: {'n_estimators': 401, 'max_depth': 4, 'learning_rate': 0.01718717900374895, 'subsample': 0.9107047967409854, 'colsample_bytree': 0.9033380135450059, 'min_child_weight': 7, 'reg_alpha': 0.09130856013759336, 'reg_lambda': 0.16513654163266694}. Best is trial 13 with value: 0.9622252307467137.
[I 2026-04-12 17:54:22,839] Trial 21 finished with value: 0.9613562143817634 and parameters: {'n_estimators': 123, 'max_depth': 3, 'learning_rate': 0.030453049907574962, 'subsample': 0.6091486008690238, 'colsample_bytree': 0.9900557999649001, 'min_child_weight': 10, 'reg_alpha': 0.21336352092964428, 'reg_lambda': 0.008963119976284887}. Best is trial 13 with value: 0.9622252307467137.
[I 2026-04-12 17:54:25,301] Trial 22 finished with value: 0.9597782636138275 and parameters: {'n_estimators': 204, 'max_depth': 4, 'learning_rate': 0.035425244302901136, 'subsample': 0.6728610240463991, 'colsample_bytree': 0.9974426660135686, 'min_child_weight': 9, 'reg_alpha': 0.27245269500267477, 'reg_lambda': 0.0928052591906924}. Best is trial 13 with value: 0.9622252307467137.
[I 2026-04-12 17:54:26,795] Trial 23 finished with value: 0.9616077717505649 and parameters: {'n_estimators': 122, 'max_depth': 3, 'learning_rate': 0.03241827668538367, 'subsample': 0.7367405436980554, 'colsample_bytree': 0.9565625798386035, 'min_child_weight': 10, 'reg_alpha': 0.114705947944721, 'reg_lambda': 0.21578398444420493}. Best is trial 13 with value: 0.9622252307467137.
[I 2026-04-12 17:54:29,621] Trial 24 finished with value: 0.956718411255134 and parameters: {'n_estimators': 201, 'max_depth': 3, 'learning_rate': 0.06499059926446538, 'subsample': 0.7242555256452755, 'colsample_bytree': 0.9589461036559018, 'min_child_weight': 9, 'reg_alpha': 0.09758615526763205, 'reg_lambda': 0.22305670878644326}. Best is trial 13 with value: 0.9622252307467137.
[I 2026-04-12 17:54:33,300] Trial 25 finished with value: 0.9570797391121397 and parameters: {'n_estimators': 344, 'max_depth': 3, 'learning_rate': 0.018338804663111052, 'subsample': 0.6758496882912006, 'colsample_bytree': 0.9656245529990486, 'min_child_weight': 7, 'reg_alpha': 0.01730059413644544, 'reg_lambda': 0.38959017652063455}. Best is trial 13 with value: 0.9622252307467137.
[I 2026-04-12 17:54:36,539] Trial 26 finished with value: 0.9622526733687647 and parameters: {'n_estimators': 229, 'max_depth': 6, 'learning_rate': 0.026294962399519103, 'subsample': 0.6248523444287142, 'colsample_bytree': 0.9061306020956896, 'min_child_weight': 10, 'reg_alpha': 0.45892364983945266, 'reg_lambda': 0.28227396757334866}. Best is trial 26 with value: 0.9622526733687647.
[I 2026-04-12 17:54:39,588] Trial 27 finished with value: 0.9586531161097339 and parameters: {'n_estimators': 217, 'max_depth': 6, 'learning_rate': 0.04426178389309081, 'subsample': 0.6359507562970692, 'colsample_bytree': 0.9109206853418145, 'min_child_weight': 9, 'reg_alpha': 0.48615041525943575, 'reg_lambda': 0.3070566873895626}. Best is trial 26 with value: 0.9622526733687647.
[I 2026-04-12 17:54:45,694] Trial 28 finished with value: 0.9566772473220575 and parameters: {'n_estimators': 387, 'max_depth': 8, 'learning_rate': 0.023836277986788806, 'subsample': 0.7985889015758356, 'colsample_bytree': 0.8946021853656203, 'min_child_weight': 7, 'reg_alpha': 0.5744526096224323, 'reg_lambda': 0.6009691062727431}. Best is trial 26 with value: 0.9622526733687647.
[I 2026-04-12 17:54:55,024] Trial 29 finished with value: 0.9441817067481407 and parameters: {'n_estimators': 479, 'max_depth': 5, 'learning_rate': 0.06901175427654482, 'subsample': 0.661232147507408, 'colsample_bytree': 0.8492602077815049, 'min_child_weight': 5, 'reg_alpha': 0.4593879902136521, 'reg_lambda': 0.3141035344122856}. Best is trial 26 with value: 0.9622526733687647.
[optuna] Best params: {'n_estimators': 229, 'max_depth': 6, 'learning_rate': 0.026294962399519103, 'subsample': 0.6248523444287142, 'colsample_bytree': 0.9061306020956896, 'min_child_weight': 10, 'reg_alpha': 0.45892364983945266, 'reg_lambda': 0.28227396757334866}
[train] done. props trained: ['points', 'assists', 'rebounds', 'steals', 'blocks', 'turnovers', 'three_pointers', 'pts_reb', 'pts_ast', 'ast_reb', 'pts_ast_reb', 'stl_blk', 'double_double', 'triple_double']
