/Users/rithv/Library/Python/3.9/lib/python/site-packages/urllib3/__init__.py:35: NotOpenSSLWarning: urllib3 v2 only supports OpenSSL 1.1.1+, currently the 'ssl' module is compiled with 'LibreSSL 2.8.3'. See: https://github.com/urllib3/urllib3/issues/3020
  warnings.warn(
skipping incomplete per-prop bundle for 'blocks': missing reg or scaler file
skipping incomplete per-prop bundle for 'assists': missing reg or scaler file
skipping incomplete per-prop bundle for 'stl_blk': missing reg or scaler file
skipping incomplete per-prop bundle for 'steals': missing reg or scaler file
skipping incomplete per-prop bundle for 'points': missing reg or scaler file
skipping incomplete per-prop bundle for 'triple_double': missing reg or scaler file
skipping incomplete per-prop bundle for 'pts_reb': missing reg or scaler file
skipping incomplete per-prop bundle for 'double_double': missing reg or scaler file
skipping incomplete per-prop bundle for 'rebounds': missing reg or scaler file
skipping incomplete per-prop bundle for 'pts_ast': missing reg or scaler file
skipping incomplete per-prop bundle for 'ast_reb': missing reg or scaler file
skipping incomplete per-prop bundle for 'three_pointers': missing reg or scaler file
skipping incomplete per-prop bundle for 'turnovers': missing reg or scaler file
skipping incomplete per-prop bundle for 'pts_ast_reb': missing reg or scaler file
[train] building examples seasons=['2022-23', '2023-24', '2024-25', '2025-26'] max_players=300 ...
[train] season 2022-23: building examples...
[train] players processed: 10/300
[train] players processed: 20/300
[train] players processed: 30/300
[train] players processed: 40/300
[train] players processed: 50/300
[train] players processed: 60/300
[train] players processed: 70/300
[train] players processed: 80/300
[train] players processed: 90/300
[train] players processed: 100/300
[train] players processed: 110/300
[train] players processed: 120/300
[train] players processed: 130/300
[train] players processed: 140/300
[train] players processed: 150/300
[train] players processed: 160/300
[train] players processed: 170/300
[train] players processed: 180/300
[train] players processed: 190/300
[train] players processed: 200/300
[train] players processed: 210/300
[train] players processed: 220/300
[train] players processed: 230/300
[train] players processed: 240/300
[train] players processed: 250/300
[train] players processed: 260/300
[train] Skipping player 1629117 after 3 failed attempts
[train] Skipping player 203085 after 3 failed attempts
[train] Skipping player 1628977 after 3 failed attempts
[train] Skipping player 203115 after 3 failed attempts
[train] Skipping player 1628963 after 3 failed attempts
[train] Skipping player 1629629 after 3 failed attempts
[train] Skipping player 1629111 after 3 failed attempts
[train] Skipping player 1629642 after 3 failed attempts
[train] players processed: 270/300
[train] Skipping player 1630586 after 3 failed attempts
[train] Skipping player 1629312 after 3 failed attempts
[train] Skipping player 1630550 after 3 failed attempts
[train] Skipping player 1626166 after 3 failed attempts
[train] Skipping player 1629134 after 3 failed attempts
[train] Skipping player 1626157 after 3 failed attempts
[train] Skipping player 1629627 after 3 failed attempts
[train] Skipping player 1628995 after 3 failed attempts
[train] Skipping player 1630560 after 3 failed attempts
[train] Skipping player 203488 after 3 failed attempts
[train] players processed: 280/300
[train] Skipping player 1628467 after 3 failed attempts
[train] Skipping player 1629139 after 3 failed attempts
[train] Skipping player 1630688 after 3 failed attempts
[train] Skipping player 1630227 after 3 failed attempts
[train] Skipping player 1631119 after 3 failed attempts
[train] Skipping player 1630537 after 3 failed attempts
[train] Skipping player 1627884 after 3 failed attempts
[train] Skipping player 1629731 after 3 failed attempts
[train] Skipping player 1628427 after 3 failed attempts
[train] Skipping player 1629638 after 3 failed attempts
[train] players processed: 290/300
[train] Skipping player 202687 after 3 failed attempts
[train] Skipping player 201609 after 3 failed attempts
[train] Skipping player 1630164 after 3 failed attempts
[train] Skipping player 1630177 after 3 failed attempts
[train] Skipping player 203083 after 3 failed attempts
[train] Skipping player 1628988 after 3 failed attempts
[train] Skipping player 1629641 after 3 failed attempts
[train] Skipping player 1629056 after 3 failed attempts
[train] players processed: 300/300
[train] season 2023-24: building examples...
[train] players processed: 10/300
[train] players processed: 20/300
[train] players processed: 30/300
[train] players processed: 40/300
[train] players processed: 50/300
[train] Skipping player 201950 after 3 failed attempts
[train] Skipping player 1630166 after 3 failed attempts
[train] players processed: 60/300
[train] Skipping player 1630170 after 3 failed attempts
[train] Skipping player 1629652 after 3 failed attempts
[train] Skipping player 1629622 after 3 failed attempts
[train] Skipping player 1628415 after 3 failed attempts
[train] Skipping player 1631114 after 3 failed attempts
[train] Skipping player 1630169 after 3 failed attempts
[train] Skipping player 1629023 after 3 failed attempts
[train] Skipping player 1631093 after 3 failed attempts
[train] Skipping player 1630245 after 3 failed attempts
[train] Skipping player 1629627 after 3 failed attempts
[train] players processed: 70/300
[train] Skipping player 201144 after 3 failed attempts
[train] Skipping player 1631110 after 3 failed attempts
[train] Skipping player 1627741 after 3 failed attempts
[train] Skipping player 203468 after 3 failed attempts
[train] Skipping player 203915 after 3 failed attempts
[train] Skipping player 1630200 after 3 failed attempts
[train] Skipping player 1629684 after 3 failed attempts
[train] Skipping player 1628991 after 3 failed attempts
[train] Skipping player 203501 after 3 failed attempts
[train] Skipping player 1629651 after 3 failed attempts
[train] players processed: 80/300
[train] Skipping player 1631170 after 3 failed attempts
[train] Skipping player 1627752 after 3 failed attempts
[train] Skipping player 1641705 after 3 failed attempts
[train] Skipping player 1630183 after 3 failed attempts
[train] Skipping player 1627742 after 3 failed attempts
[train] Skipping player 1630567 after 3 failed attempts
[train] Skipping player 203994 after 3 failed attempts
[train] Skipping player 1626167 after 3 failed attempts
[train] Skipping player 1630560 after 3 failed attempts
[train] Skipping player 1629012 after 3 failed attempts
[train] players processed: 90/300
[train] Skipping player 1630595 after 3 failed attempts
[train] Skipping player 1630557 after 3 failed attempts
[train] Skipping player 1630180 after 3 failed attempts
[train] Skipping player 1626162 after 3 failed attempts
[train] Skipping player 1630578 after 3 failed attempts
[train] Skipping player 202710 after 3 failed attempts
[train] Skipping player 1626179 after 3 failed attempts
[train] Skipping player 1627936 after 3 failed attempts
[train] Skipping player 1629640 after 3 failed attempts
[train] Skipping player 202681 after 3 failed attempts
[train] players processed: 100/300
[train] Skipping player 1626157 after 3 failed attempts
[train] Skipping player 1630591 after 3 failed attempts
[train] players processed: 110/300
[train] players processed: 120/300
[train] players processed: 130/300
[train] players processed: 140/300
[train] players processed: 150/300
[train] players processed: 160/300
[train] players processed: 170/300
[train] players processed: 180/300
[train] players processed: 190/300
[train] players processed: 200/300
[train] players processed: 210/300
[train] players processed: 220/300
[train] players processed: 230/300
[train] players processed: 240/300
[train] players processed: 250/300
[train] players processed: 260/300
[train] players processed: 270/300
[train] players processed: 280/300
[train] players processed: 290/300
[train] players processed: 300/300
[train] season 2024-25: building examples...
[train] players processed: 10/300
[train] players processed: 20/300
[train] players processed: 30/300
[train] players processed: 40/300
[train] players processed: 50/300
[train] players processed: 60/300
[train] players processed: 70/300
[train] players processed: 80/300
[train] players processed: 90/300
[train] players processed: 100/300
[train] Skipping player 1630230 after 3 failed attempts
[train] Skipping player 201950 after 3 failed attempts
[train] Skipping player 1627824 after 3 failed attempts
[train] Skipping player 1629018 after 3 failed attempts
[train] Skipping player 1630182 after 3 failed attempts
[train] Skipping player 1641710 after 3 failed attempts
[train] Skipping player 1629651 after 3 failed attempts
[train] players processed: 110/300
[train] Skipping player 1629614 after 3 failed attempts
[train] Skipping player 1641717 after 3 failed attempts
[train] Skipping player 1627884 after 3 failed attempts
[train] Skipping player 1629060 after 3 failed attempts
[train] Skipping player 1629628 after 3 failed attempts
[train] Skipping player 1627741 after 3 failed attempts
[train] Skipping player 1630530 after 3 failed attempts
[train] Skipping player 1642258 after 3 failed attempts
[train] Skipping player 203952 after 3 failed attempts
[train] Skipping player 1642268 after 3 failed attempts
[train] players processed: 120/300
[train] Skipping player 1629640 after 3 failed attempts
[train] Skipping player 1626220 after 3 failed attempts
[train] Skipping player 1629023 after 3 failed attempts
[train] Skipping player 203468 after 3 failed attempts
[train] Skipping player 1627827 after 3 failed attempts
[train] Skipping player 1629312 after 3 failed attempts
[train] Skipping player 1642259 after 3 failed attempts
[train] Skipping player 202681 after 3 failed attempts
[train] Skipping player 1642273 after 3 failed attempts
[train] Skipping player 1629661 after 3 failed attempts
[train] players processed: 130/300
[train] Skipping player 1629130 after 3 failed attempts
[train] Skipping player 1627739 after 3 failed attempts
[train] Skipping player 1629029 after 3 failed attempts
[train] Skipping player 1630703 after 3 failed attempts
[train] Skipping player 1628976 after 3 failed attempts
[train] Skipping player 1629012 after 3 failed attempts
[train] Skipping player 201144 after 3 failed attempts
[train] Skipping player 1629599 after 3 failed attempts
[train] Skipping player 202710 after 3 failed attempts
[train] Skipping player 1630598 after 3 failed attempts
[train] players processed: 140/300
[train] players processed: 150/300
[train] players processed: 160/300
[train] players processed: 170/300
[train] players processed: 180/300
[train] players processed: 190/300
[train] players processed: 200/300
[train] Skipping player 1631170 after 3 failed attempts
[train] Skipping player 201587 after 3 failed attempts
[train] Skipping player 1630631 after 3 failed attempts
[train] Skipping player 1631110 after 3 failed attempts
[train] Skipping player 1628436 after 3 failed attempts
[train] Skipping player 1626168 after 3 failed attempts
[train] Skipping player 1631222 after 3 failed attempts
[train] Skipping player 203992 after 3 failed attempts
[train] Skipping player 1630551 after 3 failed attempts
[train] Skipping player 202331 after 3 failed attempts
[train] players processed: 210/300
[train] Skipping player 1641709 after 3 failed attempts
[train] Skipping player 1642270 after 3 failed attempts
[train] Skipping player 1641722 after 3 failed attempts
[train] Skipping player 1631213 after 3 failed attempts
[train] Skipping player 203486 after 3 failed attempts
[train] Skipping player 1642367 after 3 failed attempts
[train] Skipping player 1630552 after 3 failed attempts
[train] Skipping player 1629622 after 3 failed attempts
[train] Skipping player 1630548 after 3 failed attempts
[train] Skipping player 1641842 after 3 failed attempts
[train] players processed: 220/300
[train] Skipping player 1629750 after 3 failed attempts
[train] Skipping player 1630208 after 3 failed attempts
[train] Skipping player 1629731 after 3 failed attempts
[train] Skipping player 1641741 after 3 failed attempts
[train] Skipping player 1642275 after 3 failed attempts
[train] Skipping player 1626171 after 3 failed attempts
[train] Skipping player 1631217 after 3 failed attempts
[train] Skipping player 1630526 after 3 failed attempts
[train] Skipping player 1631323 after 3 failed attempts
[train] Skipping player 1630175 after 3 failed attempts
[train] players processed: 230/300
[train] Skipping player 1641767 after 3 failed attempts
[train] Skipping player 1629655 after 3 failed attempts
[train] Skipping player 1628381 after 3 failed attempts
[train] Skipping player 1628997 after 3 failed attempts
[train] Skipping player 204001 after 3 failed attempts
[train] Skipping player 1629634 after 3 failed attempts
[train] Skipping player 1629028 after 3 failed attempts
[train] Skipping player 1641716 after 3 failed attempts
[train] Skipping player 202695 after 3 failed attempts
[train] Skipping player 203991 after 3 failed attempts
[train] players processed: 240/300
[train] Skipping player 1628998 after 3 failed attempts
[train] Skipping player 1631109 after 3 failed attempts
[train] Skipping player 1630173 after 3 failed attempts
[train] Skipping player 1631107 after 3 failed attempts
[train] Skipping player 1642348 after 3 failed attempts
[train] Skipping player 1630249 after 3 failed attempts
[train] Skipping player 1630228 after 3 failed attempts
[train] Skipping player 1626172 after 3 failed attempts
[train] Skipping player 1629026 after 3 failed attempts
[train] players processed: 250/300
[train] players processed: 260/300
[train] players processed: 270/300
[train] players processed: 280/300
[train] players processed: 290/300
[train] players processed: 300/300
[train] season 2025-26: building examples...
[train] players processed: 10/300
[train] players processed: 20/300
[train] players processed: 30/300
[train] players processed: 40/300
[train] players processed: 50/300
[train] players processed: 60/300
[train] players processed: 70/300
[train] players processed: 80/300
[train] players processed: 90/300
[train] players processed: 100/300
[train] players processed: 110/300
[train] players processed: 120/300
[train] players processed: 130/300
[train] players processed: 140/300
[train] players processed: 150/300
[train] players processed: 160/300
[train] players processed: 170/300
[train] players processed: 180/300
[train] players processed: 190/300
[train] players processed: 200/300
[train] players processed: 210/300
[train] players processed: 220/300
[train] players processed: 230/300
[train] players processed: 240/300
[train] players processed: 250/300
[train] Skipping player 1641707 after 3 failed attempts
[train] Skipping player 1627780 after 3 failed attempts
[train] Skipping player 1627751 after 3 failed attempts
[train] Skipping player 1642272 after 3 failed attempts
[train] Skipping player 1641854 after 3 failed attempts
[train] Skipping player 1642948 after 3 failed attempts
[train] Skipping player 1630188 after 3 failed attempts
[train] Skipping player 1629020 after 3 failed attempts
[train] Skipping player 203484 after 3 failed attempts
[train] Skipping player 203994 after 3 failed attempts
[train] players processed: 260/300
[train] Skipping player 202331 after 3 failed attempts
[train] Skipping player 1629001 after 3 failed attempts
[train] Skipping player 1630568 after 3 failed attempts
[train] Skipping player 1642864 after 3 failed attempts
[train] Skipping player 1630540 after 3 failed attempts
[train] Skipping player 1629723 after 3 failed attempts
[train] Skipping player 1641711 after 3 failed attempts
[train] Skipping player 1630557 after 3 failed attempts
[train] Skipping player 203507 after 3 failed attempts
[train] Skipping player 1631172 after 3 failed attempts
[train] players processed: 270/300
[train] Skipping player 1627936 after 3 failed attempts
[train] Skipping player 1631126 after 3 failed attempts
[train] Skipping player 1629639 after 3 failed attempts
[train] Skipping player 1627824 after 3 failed attempts
[train] Skipping player 203932 after 3 failed attempts
[train] Skipping player 1641712 after 3 failed attempts
[train] Skipping player 1641765 after 3 failed attempts
[train] Skipping player 1630534 after 3 failed attempts
[train] Skipping player 1630532 after 3 failed attempts
[train] Skipping player 1629057 after 3 failed attempts
[train] players processed: 280/300
[train] Skipping player 201144 after 3 failed attempts
[train] Skipping player 1642364 after 3 failed attempts
[train] Skipping player 204456 after 3 failed attempts
[train] Skipping player 1641772 after 3 failed attempts
[train] Skipping player 1629048 after 3 failed attempts
[train] Skipping player 1642348 after 3 failed attempts
[train] Skipping player 1631114 after 3 failed attempts
[train] Skipping player 1626145 after 3 failed attempts
[train] Skipping player 201143 after 3 failed attempts
[train] Skipping player 1642265 after 3 failed attempts
[train] players processed: 290/300
[train] Skipping player 1631255 after 3 failed attempts
[train] Skipping player 1630543 after 3 failed attempts
[train] Skipping player 1629673 after 3 failed attempts
[train] Skipping player 1641738 after 3 failed attempts
[train] Skipping player 203991 after 3 failed attempts
[train] players processed: 300/300
[train] total examples: 775376
[train] training + saving models ...
[wf] points: auc_raw=0.570 brier_raw=0.272 auc_cal=0.565 brier_cal=0.250 folds=5
[optuna] Optimizing hyperparameters for points regression...
[I 2026-04-10 03:36:01,700] A new study created in memory with name: no-name-0e3ed209-62b2-4e7f-b96f-55b099213df1
[I 2026-04-10 03:36:04,854] Trial 0 finished with value: 6.845744421171597 and parameters: {'n_estimators': 347, 'max_depth': 7, 'learning_rate': 0.04338545234328099, 'subsample': 0.9645273637542919, 'colsample_bytree': 0.7694137549074046, 'min_child_weight': 3, 'reg_alpha': 0.01866134434797384, 'reg_lambda': 0.8921920146195084}. Best is trial 0 with value: 6.845744421171597.
[I 2026-04-10 03:36:08,908] Trial 1 finished with value: 6.979318716883515 and parameters: {'n_estimators': 700, 'max_depth': 4, 'learning_rate': 0.126672427650873, 'subsample': 0.7613645353240532, 'colsample_bytree': 0.7824173633720636, 'min_child_weight': 4, 'reg_alpha': 0.967670768496185, 'reg_lambda': 0.20990772025851223}. Best is trial 0 with value: 6.845744421171597.
[I 2026-04-10 03:36:11,440] Trial 2 finished with value: 6.8510712104052685 and parameters: {'n_estimators': 237, 'max_depth': 8, 'learning_rate': 0.0469998637286964, 'subsample': 0.7118987406119002, 'colsample_bytree': 0.6205433216936233, 'min_child_weight': 5, 'reg_alpha': 0.35865338168087557, 'reg_lambda': 0.6893138180043794}. Best is trial 0 with value: 6.845744421171597.
[I 2026-04-10 03:36:16,761] Trial 3 finished with value: 6.810848842429028 and parameters: {'n_estimators': 698, 'max_depth': 6, 'learning_rate': 0.019999576459778082, 'subsample': 0.6588124309387029, 'colsample_bytree': 0.8221316258471179, 'min_child_weight': 3, 'reg_alpha': 0.47911406548090985, 'reg_lambda': 0.14582641090570025}. Best is trial 3 with value: 6.810848842429028.
[I 2026-04-10 03:36:24,511] Trial 4 finished with value: 6.914963950167264 and parameters: {'n_estimators': 480, 'max_depth': 9, 'learning_rate': 0.03394433029390667, 'subsample': 0.6773516722250496, 'colsample_bytree': 0.9937333256817998, 'min_child_weight': 1, 'reg_alpha': 0.06277393384450258, 'reg_lambda': 0.3854458801148135}. Best is trial 3 with value: 6.810848842429028.
[I 2026-04-10 03:36:30,480] Trial 5 finished with value: 7.448277232877312 and parameters: {'n_estimators': 354, 'max_depth': 10, 'learning_rate': 0.2382861617647674, 'subsample': 0.8639853776751436, 'colsample_bytree': 0.6892836396908611, 'min_child_weight': 5, 'reg_alpha': 0.15067926543813448, 'reg_lambda': 0.23956552601785353}. Best is trial 3 with value: 6.810848842429028.
[I 2026-04-10 03:36:34,919] Trial 6 finished with value: 7.268535525449993 and parameters: {'n_estimators': 327, 'max_depth': 9, 'learning_rate': 0.19208991477729515, 'subsample': 0.9240536104009669, 'colsample_bytree': 0.6308822876423553, 'min_child_weight': 3, 'reg_alpha': 0.115853505592724, 'reg_lambda': 0.3690319833227895}. Best is trial 3 with value: 6.810848842429028.
[I 2026-04-10 03:36:36,939] Trial 7 finished with value: 6.787286595327722 and parameters: {'n_estimators': 307, 'max_depth': 4, 'learning_rate': 0.0316325127992569, 'subsample': 0.9372209607584518, 'colsample_bytree': 0.8019983211417719, 'min_child_weight': 1, 'reg_alpha': 0.3660598522314672, 'reg_lambda': 0.09693868805754435}. Best is trial 7 with value: 6.787286595327722.
[I 2026-04-10 03:36:40,461] Trial 8 finished with value: 6.875666023344115 and parameters: {'n_estimators': 605, 'max_depth': 4, 'learning_rate': 0.08766662486331918, 'subsample': 0.9466775251214268, 'colsample_bytree': 0.6226817586507163, 'min_child_weight': 10, 'reg_alpha': 0.4706983521817977, 'reg_lambda': 0.32882432491098945}. Best is trial 7 with value: 6.787286595327722.
[I 2026-04-10 03:36:44,840] Trial 9 finished with value: 6.836217004290442 and parameters: {'n_estimators': 755, 'max_depth': 4, 'learning_rate': 0.04148812083495621, 'subsample': 0.9856929415373237, 'colsample_bytree': 0.6951297112475753, 'min_child_weight': 6, 'reg_alpha': 0.6561366302270277, 'reg_lambda': 0.10104675849074052}. Best is trial 7 with value: 6.787286595327722.
[I 2026-04-10 03:36:50,149] Trial 10 finished with value: 6.772401291004087 and parameters: {'n_estimators': 965, 'max_depth': 3, 'learning_rate': 0.012230050097564246, 'subsample': 0.8421459628441859, 'colsample_bytree': 0.9014365737346632, 'min_child_weight': 8, 'reg_alpha': 0.7417120240879125, 'reg_lambda': 0.00480908529660122}. Best is trial 10 with value: 6.772401291004087.
[I 2026-04-10 03:36:55,210] Trial 11 finished with value: 6.7710002947332475 and parameters: {'n_estimators': 914, 'max_depth': 3, 'learning_rate': 0.01208612576852814, 'subsample': 0.8477842935716454, 'colsample_bytree': 0.9192658761269358, 'min_child_weight': 8, 'reg_alpha': 0.7562368235053707, 'reg_lambda': 0.001505608377540324}. Best is trial 11 with value: 6.7710002947332475.
[I 2026-04-10 03:37:00,979] Trial 12 finished with value: 6.775812834692249 and parameters: {'n_estimators': 987, 'max_depth': 3, 'learning_rate': 0.010313171482926311, 'subsample': 0.8355757219305123, 'colsample_bytree': 0.9438677094686723, 'min_child_weight': 8, 'reg_alpha': 0.7718856615599465, 'reg_lambda': 0.0013733114528119744}. Best is trial 11 with value: 6.7710002947332475.
[I 2026-04-10 03:37:06,354] Trial 13 finished with value: 6.77200114010666 and parameters: {'n_estimators': 974, 'max_depth': 3, 'learning_rate': 0.01179532530374886, 'subsample': 0.787274063723798, 'colsample_bytree': 0.8929945981825267, 'min_child_weight': 8, 'reg_alpha': 0.7867927836005001, 'reg_lambda': 0.6314072962026225}. Best is trial 11 with value: 6.7710002947332475.
[I 2026-04-10 03:37:13,213] Trial 14 finished with value: 6.807347675310116 and parameters: {'n_estimators': 858, 'max_depth': 6, 'learning_rate': 0.018603869926263724, 'subsample': 0.7859668725349862, 'colsample_bytree': 0.8788472394679636, 'min_child_weight': 8, 'reg_alpha': 0.9497976362475656, 'reg_lambda': 0.6056327743276693}. Best is trial 11 with value: 6.7710002947332475.
[I 2026-04-10 03:37:19,100] Trial 15 finished with value: 6.793143791034089 and parameters: {'n_estimators': 849, 'max_depth': 5, 'learning_rate': 0.018369488059656807, 'subsample': 0.735879287268857, 'colsample_bytree': 0.8675820830134681, 'min_child_weight': 10, 'reg_alpha': 0.8248670947607473, 'reg_lambda': 0.7930771705271822}. Best is trial 11 with value: 6.7710002947332475.
[I 2026-04-10 03:37:23,664] Trial 16 finished with value: 6.839260011803322 and parameters: {'n_estimators': 851, 'max_depth': 3, 'learning_rate': 0.07461647810847652, 'subsample': 0.8773504606750684, 'colsample_bytree': 0.9509157265845786, 'min_child_weight': 7, 'reg_alpha': 0.6238294502323323, 'reg_lambda': 0.6058120944906884}. Best is trial 11 with value: 6.7710002947332475.
[I 2026-04-10 03:37:24,704] Trial 17 finished with value: 6.935862312694555 and parameters: {'n_estimators': 102, 'max_depth': 5, 'learning_rate': 0.013939163026389647, 'subsample': 0.6228941224630558, 'colsample_bytree': 0.926668464584083, 'min_child_weight': 9, 'reg_alpha': 0.8589411598353665, 'reg_lambda': 0.4836794900822341}. Best is trial 11 with value: 6.7710002947332475.
[I 2026-04-10 03:37:28,427] Trial 18 finished with value: 6.7996301722226224 and parameters: {'n_estimators': 514, 'max_depth': 5, 'learning_rate': 0.025382049950694263, 'subsample': 0.8083659244311084, 'colsample_bytree': 0.9950495162421289, 'min_child_weight': 7, 'reg_alpha': 0.6172112308975297, 'reg_lambda': 0.9624159826503571}. Best is trial 11 with value: 6.7710002947332475.
[I 2026-04-10 03:37:36,677] Trial 19 finished with value: 6.818166391424872 and parameters: {'n_estimators': 902, 'max_depth': 7, 'learning_rate': 0.014689691152842152, 'subsample': 0.8924210668817023, 'colsample_bytree': 0.8409615165016148, 'min_child_weight': 9, 'reg_alpha': 0.6870008453478382, 'reg_lambda': 0.4965372571278867}. Best is trial 11 with value: 6.7710002947332475.
[I 2026-04-10 03:37:40,883] Trial 20 finished with value: 6.781017561631611 and parameters: {'n_estimators': 763, 'max_depth': 3, 'learning_rate': 0.02614106719396558, 'subsample': 0.808659194902577, 'colsample_bytree': 0.7481346805070686, 'min_child_weight': 6, 'reg_alpha': 0.8859217648696077, 'reg_lambda': 0.7520137327240186}. Best is trial 11 with value: 6.7710002947332475.
[I 2026-04-10 03:37:46,260] Trial 21 finished with value: 6.772854266787325 and parameters: {'n_estimators': 970, 'max_depth': 3, 'learning_rate': 0.013735685966339041, 'subsample': 0.8437971177089411, 'colsample_bytree': 0.9007893378666142, 'min_child_weight': 8, 'reg_alpha': 0.7122915252342641, 'reg_lambda': 0.010529538186656251}. Best is trial 11 with value: 6.7710002947332475.
[I 2026-04-10 03:37:51,573] Trial 22 finished with value: 6.77213340756788 and parameters: {'n_estimators': 935, 'max_depth': 3, 'learning_rate': 0.010499926822909985, 'subsample': 0.7659689856468246, 'colsample_bytree': 0.9075531336232217, 'min_child_weight': 7, 'reg_alpha': 0.7649806236365537, 'reg_lambda': 0.23612844749125017}. Best is trial 11 with value: 6.7710002947332475.
[I 2026-04-10 03:37:57,394] Trial 23 finished with value: 6.77371507980394 and parameters: {'n_estimators': 919, 'max_depth': 4, 'learning_rate': 0.010942051330591548, 'subsample': 0.7522997116765592, 'colsample_bytree': 0.864664389688644, 'min_child_weight': 7, 'reg_alpha': 0.5581866151399576, 'reg_lambda': 0.2992368283447457}. Best is trial 11 with value: 6.7710002947332475.
[I 2026-04-10 03:38:03,347] Trial 24 finished with value: 6.766838223723509 and parameters: {'n_estimators': 795, 'max_depth': 5, 'learning_rate': 0.010034672342356181, 'subsample': 0.7050933934585414, 'colsample_bytree': 0.9670277122750673, 'min_child_weight': 9, 'reg_alpha': 0.8014445397114951, 'reg_lambda': 0.18222706762549137}. Best is trial 24 with value: 6.766838223723509.
[I 2026-04-10 03:38:08,975] Trial 25 finished with value: 6.787278338585014 and parameters: {'n_estimators': 791, 'max_depth': 5, 'learning_rate': 0.017436061517373858, 'subsample': 0.7067057127956318, 'colsample_bytree': 0.9625474935587963, 'min_child_weight': 9, 'reg_alpha': 0.9121788061221257, 'reg_lambda': 0.5805731742389476}. Best is trial 24 with value: 6.766838223723509.
[I 2026-04-10 03:38:14,273] Trial 26 finished with value: 6.810665760363272 and parameters: {'n_estimators': 654, 'max_depth': 6, 'learning_rate': 0.023037996689795344, 'subsample': 0.6033532247986377, 'colsample_bytree': 0.9625390024226518, 'min_child_weight': 10, 'reg_alpha': 0.8142567999278632, 'reg_lambda': 0.43733608095525955}. Best is trial 24 with value: 6.766838223723509.
[I 2026-04-10 03:38:19,434] Trial 27 finished with value: 6.7763889954306835 and parameters: {'n_estimators': 811, 'max_depth': 4, 'learning_rate': 0.01497140003122703, 'subsample': 0.7148550643970067, 'colsample_bytree': 0.9235253650848212, 'min_child_weight': 9, 'reg_alpha': 0.5627641700983028, 'reg_lambda': 0.14632100048550478}. Best is trial 24 with value: 6.766838223723509.
[I 2026-04-10 03:38:25,624] Trial 28 finished with value: 6.923066682886548 and parameters: {'n_estimators': 895, 'max_depth': 5, 'learning_rate': 0.06131556783099151, 'subsample': 0.6731930997418343, 'colsample_bytree': 0.8410895859413542, 'min_child_weight': 9, 'reg_alpha': 0.968463687364225, 'reg_lambda': 0.08247680147956837}. Best is trial 24 with value: 6.766838223723509.
[I 2026-04-10 03:38:32,005] Trial 29 finished with value: 6.782570966415994 and parameters: {'n_estimators': 623, 'max_depth': 7, 'learning_rate': 0.010164819235162086, 'subsample': 0.6468475854697062, 'colsample_bytree': 0.9836926205458079, 'min_child_weight': 6, 'reg_alpha': 0.39680136273533306, 'reg_lambda': 0.8326728700325553}. Best is trial 24 with value: 6.766838223723509.
[optuna] Best params: {'n_estimators': 795, 'max_depth': 5, 'learning_rate': 0.010034672342356181, 'subsample': 0.7050933934585414, 'colsample_bytree': 0.9670277122750673, 'min_child_weight': 9, 'reg_alpha': 0.8014445397114951, 'reg_lambda': 0.18222706762549137}
[optuna] Optimizing hyperparameters for points classification...
[I 2026-04-10 03:46:02,202] A new study created in memory with name: no-name-18c3ae71-9804-47b1-9900-e4083338ca95
[I 2026-04-10 03:46:15,741] Trial 0 finished with value: 0.6007626573423425 and parameters: {'n_estimators': 559, 'max_depth': 6, 'learning_rate': 0.018689589035123567, 'subsample': 0.6883230131406952, 'colsample_bytree': 0.6033424250218171, 'min_child_weight': 2, 'reg_alpha': 0.36922342877069037, 'reg_lambda': 0.8276278055380313}. Best is trial 0 with value: 0.6007626573423425.
[I 2026-04-10 03:46:34,059] Trial 1 finished with value: 0.5779417258392393 and parameters: {'n_estimators': 561, 'max_depth': 10, 'learning_rate': 0.09374696877017125, 'subsample': 0.9989265056155042, 'colsample_bytree': 0.8222698794099004, 'min_child_weight': 5, 'reg_alpha': 0.4449756507238225, 'reg_lambda': 0.4218210239849214}. Best is trial 0 with value: 0.6007626573423425.
[I 2026-04-10 03:47:00,791] Trial 2 finished with value: 0.5997630395102682 and parameters: {'n_estimators': 877, 'max_depth': 8, 'learning_rate': 0.014119217983385184, 'subsample': 0.6056332553914244, 'colsample_bytree': 0.6396435143751537, 'min_child_weight': 4, 'reg_alpha': 0.019746982130842583, 'reg_lambda': 0.22286884361148174}. Best is trial 0 with value: 0.6007626573423425.
[I 2026-04-10 03:47:28,214] Trial 3 finished with value: 0.5870087468760792 and parameters: {'n_estimators': 920, 'max_depth': 9, 'learning_rate': 0.06046067456863485, 'subsample': 0.960614303481175, 'colsample_bytree': 0.7673562751128071, 'min_child_weight': 8, 'reg_alpha': 0.0027046686893095195, 'reg_lambda': 0.1717447778571155}. Best is trial 0 with value: 0.6007626573423425.
[I 2026-04-10 03:47:42,783] Trial 4 finished with value: 0.5998637050392331 and parameters: {'n_estimators': 533, 'max_depth': 6, 'learning_rate': 0.014080882957178761, 'subsample': 0.6843813668957459, 'colsample_bytree': 0.8524743846533389, 'min_child_weight': 6, 'reg_alpha': 0.9620831435199452, 'reg_lambda': 0.3046378071382171}. Best is trial 0 with value: 0.6007626573423425.
[I 2026-04-10 03:47:56,712] Trial 5 finished with value: 0.5817705489974284 and parameters: {'n_estimators': 695, 'max_depth': 3, 'learning_rate': 0.23389809736185352, 'subsample': 0.7346463834099811, 'colsample_bytree': 0.898735220122743, 'min_child_weight': 1, 'reg_alpha': 0.9258103980576033, 'reg_lambda': 0.19360199485826934}. Best is trial 0 with value: 0.6007626573423425.
[I 2026-04-10 03:48:17,036] Trial 6 finished with value: 0.5901483413359337 and parameters: {'n_estimators': 572, 'max_depth': 10, 'learning_rate': 0.048868777150333324, 'subsample': 0.7138394665333287, 'colsample_bytree': 0.6310345196636493, 'min_child_weight': 5, 'reg_alpha': 0.07892337227596513, 'reg_lambda': 0.7241943864562377}. Best is trial 0 with value: 0.6007626573423425.
[I 2026-04-10 03:48:41,669] Trial 7 finished with value: 0.6008346694882 and parameters: {'n_estimators': 706, 'max_depth': 9, 'learning_rate': 0.012605257786730837, 'subsample': 0.8315434497423883, 'colsample_bytree': 0.9607089981618385, 'min_child_weight': 8, 'reg_alpha': 0.981386930794736, 'reg_lambda': 0.04558549724601668}. Best is trial 7 with value: 0.6008346694882.
[I 2026-04-10 03:48:48,359] Trial 8 finished with value: 0.5912608205004128 and parameters: {'n_estimators': 299, 'max_depth': 4, 'learning_rate': 0.19357562934394013, 'subsample': 0.6964524277815052, 'colsample_bytree': 0.7404426638506031, 'min_child_weight': 2, 'reg_alpha': 0.24100439811940744, 'reg_lambda': 0.05592885767491462}. Best is trial 7 with value: 0.6008346694882.
[I 2026-04-10 03:49:19,021] Trial 9 finished with value: 0.5878872704919895 and parameters: {'n_estimators': 856, 'max_depth': 10, 'learning_rate': 0.028510677473963065, 'subsample': 0.8528519713303531, 'colsample_bytree': 0.7606362989310851, 'min_child_weight': 7, 'reg_alpha': 0.9902021150181697, 'reg_lambda': 0.8805423408972737}. Best is trial 7 with value: 0.6008346694882.
[I 2026-04-10 03:49:23,779] Trial 10 finished with value: 0.5966823361657154 and parameters: {'n_estimators': 116, 'max_depth': 8, 'learning_rate': 0.010001761249889714, 'subsample': 0.8701074013425842, 'colsample_bytree': 0.9899364129342371, 'min_child_weight': 10, 'reg_alpha': 0.6907853078245636, 'reg_lambda': 0.6038684299499811}. Best is trial 7 with value: 0.6008346694882.
[I 2026-04-10 03:49:41,581] Trial 11 finished with value: 0.6017493588401255 and parameters: {'n_estimators': 693, 'max_depth': 6, 'learning_rate': 0.022206147679313677, 'subsample': 0.8084332227130834, 'colsample_bytree': 0.9921726857391283, 'min_child_weight': 9, 'reg_alpha': 0.5135621860322449, 'reg_lambda': 0.9277366905678113}. Best is trial 11 with value: 0.6017493588401255.
[I 2026-04-10 03:49:58,726] Trial 12 finished with value: 0.598952601965862 and parameters: {'n_estimators': 724, 'max_depth': 5, 'learning_rate': 0.03025197470387113, 'subsample': 0.8114065859847115, 'colsample_bytree': 0.9991938703556921, 'min_child_weight': 10, 'reg_alpha': 0.655992327364964, 'reg_lambda': 0.9820805729274126}. Best is trial 11 with value: 0.6017493588401255.
[I 2026-04-10 03:50:19,577] Trial 13 finished with value: 0.6004065800023621 and parameters: {'n_estimators': 765, 'max_depth': 7, 'learning_rate': 0.025147759315419627, 'subsample': 0.9068770861672508, 'colsample_bytree': 0.9253297459352324, 'min_child_weight': 8, 'reg_alpha': 0.6990123195352971, 'reg_lambda': 0.5224837129570981}. Best is trial 11 with value: 0.6017493588401255.
[I 2026-04-10 03:50:32,579] Trial 14 finished with value: 0.6003842517338286 and parameters: {'n_estimators': 419, 'max_depth': 7, 'learning_rate': 0.010498813740069455, 'subsample': 0.7802480083116164, 'colsample_bytree': 0.9307906375624533, 'min_child_weight': 9, 'reg_alpha': 0.7960526144827273, 'reg_lambda': 0.6418793242628184}. Best is trial 11 with value: 0.6017493588401255.
[I 2026-04-10 03:50:48,737] Trial 15 finished with value: 0.5984879741968077 and parameters: {'n_estimators': 685, 'max_depth': 5, 'learning_rate': 0.040432593866464896, 'subsample': 0.7850123048758441, 'colsample_bytree': 0.9556717028331226, 'min_child_weight': 8, 'reg_alpha': 0.5460127564447202, 'reg_lambda': 0.015142098761288691}. Best is trial 11 with value: 0.6017493588401255.
[I 2026-04-10 03:51:18,185] Trial 16 finished with value: 0.5946859457796441 and parameters: {'n_estimators': 998, 'max_depth': 8, 'learning_rate': 0.019428869523768967, 'subsample': 0.8983989979697904, 'colsample_bytree': 0.8725817668606601, 'min_child_weight': 7, 'reg_alpha': 0.2565722914976967, 'reg_lambda': 0.4491576735591271}. Best is trial 11 with value: 0.6017493588401255.
[I 2026-04-10 03:51:27,026] Trial 17 finished with value: 0.5964820326830338 and parameters: {'n_estimators': 361, 'max_depth': 5, 'learning_rate': 0.07610187641421426, 'subsample': 0.8287691432879619, 'colsample_bytree': 0.9557001886800153, 'min_child_weight': 9, 'reg_alpha': 0.8598250042685476, 'reg_lambda': 0.33646193226201776}. Best is trial 11 with value: 0.6017493588401255.
[I 2026-04-10 03:51:51,726] Trial 18 finished with value: 0.5880646684626718 and parameters: {'n_estimators': 777, 'max_depth': 9, 'learning_rate': 0.13025970657491356, 'subsample': 0.7632450303808851, 'colsample_bytree': 0.6915755056436395, 'min_child_weight': 9, 'reg_alpha': 0.5200388053423204, 'reg_lambda': 0.9891182593705542}. Best is trial 11 with value: 0.6017493588401255.
[I 2026-04-10 03:52:10,651] Trial 19 finished with value: 0.5989003593852317 and parameters: {'n_estimators': 637, 'max_depth': 7, 'learning_rate': 0.016647954168974743, 'subsample': 0.624187945365439, 'colsample_bytree': 0.8204601353793827, 'min_child_weight': 7, 'reg_alpha': 0.8050829821791936, 'reg_lambda': 0.7635654583069176}. Best is trial 11 with value: 0.6017493588401255.
[I 2026-04-10 03:52:20,137] Trial 20 finished with value: 0.6029006729799088 and parameters: {'n_estimators': 441, 'max_depth': 3, 'learning_rate': 0.03752921020231863, 'subsample': 0.9245394496051771, 'colsample_bytree': 0.8768211554655473, 'min_child_weight': 6, 'reg_alpha': 0.6079732007579234, 'reg_lambda': 0.5484107886581489}. Best is trial 20 with value: 0.6029006729799088.
[I 2026-04-10 03:52:29,641] Trial 21 finished with value: 0.6007349742195289 and parameters: {'n_estimators': 441, 'max_depth': 3, 'learning_rate': 0.03681496816398539, 'subsample': 0.9341416065097056, 'colsample_bytree': 0.8933927643971707, 'min_child_weight': 4, 'reg_alpha': 0.6034195703864506, 'reg_lambda': 0.6046063922599801}. Best is trial 20 with value: 0.6029006729799088.
[I 2026-04-10 03:52:36,337] Trial 22 finished with value: 0.6000767897566716 and parameters: {'n_estimators': 273, 'max_depth': 4, 'learning_rate': 0.024234626316146788, 'subsample': 0.8420721862007577, 'colsample_bytree': 0.9585669149375472, 'min_child_weight': 6, 'reg_alpha': 0.4066209392517829, 'reg_lambda': 0.5193453270468573}. Best is trial 20 with value: 0.6029006729799088.
[I 2026-04-10 03:52:54,546] Trial 23 finished with value: 0.600745225408456 and parameters: {'n_estimators': 811, 'max_depth': 4, 'learning_rate': 0.039457123791405514, 'subsample': 0.8783568732830348, 'colsample_bytree': 0.9183772360629032, 'min_child_weight': 7, 'reg_alpha': 0.2608806916632316, 'reg_lambda': 0.8749410667456108}. Best is trial 20 with value: 0.6029006729799088.
[I 2026-04-10 03:53:12,505] Trial 24 finished with value: 0.5961729372296858 and parameters: {'n_estimators': 480, 'max_depth': 9, 'learning_rate': 0.013202199403222502, 'subsample': 0.9499585708512812, 'colsample_bytree': 0.9777546688795024, 'min_child_weight': 10, 'reg_alpha': 0.7742617076216085, 'reg_lambda': 0.10304401243085615}. Best is trial 20 with value: 0.6029006729799088.
[I 2026-04-10 03:53:30,189] Trial 25 finished with value: 0.6034574836647264 and parameters: {'n_estimators': 666, 'max_depth': 6, 'learning_rate': 0.02226674606673665, 'subsample': 0.8084561083808632, 'colsample_bytree': 0.8516925576726416, 'min_child_weight': 8, 'reg_alpha': 0.34635717747454065, 'reg_lambda': 0.33565195274652654}. Best is trial 25 with value: 0.6034574836647264.
[I 2026-04-10 03:53:46,090] Trial 26 finished with value: 0.5923455223817966 and parameters: {'n_estimators': 629, 'max_depth': 6, 'learning_rate': 0.05753490212816747, 'subsample': 0.993784470740013, 'colsample_bytree': 0.8451390187907101, 'min_child_weight': 6, 'reg_alpha': 0.34336607462915814, 'reg_lambda': 0.34590934787255134}. Best is trial 25 with value: 0.6034574836647264.
[I 2026-04-10 03:53:51,485] Trial 27 finished with value: 0.6007301884208646 and parameters: {'n_estimators': 189, 'max_depth': 5, 'learning_rate': 0.021908662813620843, 'subsample': 0.7418784905888122, 'colsample_bytree': 0.7915521479089596, 'min_child_weight': 9, 'reg_alpha': 0.4656466343002155, 'reg_lambda': 0.7059179524038793}. Best is trial 25 with value: 0.6034574836647264.
[I 2026-04-10 03:54:04,882] Trial 28 finished with value: 0.6046437312690124 and parameters: {'n_estimators': 622, 'max_depth': 3, 'learning_rate': 0.03207492009245576, 'subsample': 0.6541826463610511, 'colsample_bytree': 0.8711077118699331, 'min_child_weight': 5, 'reg_alpha': 0.17543201671071595, 'reg_lambda': 0.4030914121697977}. Best is trial 28 with value: 0.6046437312690124.
[I 2026-04-10 03:54:18,077] Trial 29 finished with value: 0.6042488557990554 and parameters: {'n_estimators': 604, 'max_depth': 3, 'learning_rate': 0.03364654562588842, 'subsample': 0.6655305802541354, 'colsample_bytree': 0.8555610051721306, 'min_child_weight': 3, 'reg_alpha': 0.1548726803589764, 'reg_lambda': 0.4077922899258493}. Best is trial 28 with value: 0.6046437312690124.
[optuna] Best params: {'n_estimators': 622, 'max_depth': 3, 'learning_rate': 0.03207492009245576, 'subsample': 0.6541826463610511, 'colsample_bytree': 0.8711077118699331, 'min_child_weight': 5, 'reg_alpha': 0.17543201671071595, 'reg_lambda': 0.4030914121697977}
[wf] assists: auc_raw=0.670 brier_raw=0.238 auc_cal=0.662 brier_cal=0.227 folds=5
[optuna] Optimizing hyperparameters for assists regression...
[I 2026-04-10 04:06:22,808] A new study created in memory with name: no-name-956be0b9-63aa-4905-84ca-a7c5f0f081f7
[I 2026-04-10 04:06:30,116] Trial 0 finished with value: 2.0394173088565744 and parameters: {'n_estimators': 956, 'max_depth': 6, 'learning_rate': 0.05169499969275071, 'subsample': 0.7299577376824442, 'colsample_bytree': 0.858823632557046, 'min_child_weight': 4, 'reg_alpha': 0.15688337180430878, 'reg_lambda': 0.8988452372502863}. Best is trial 0 with value: 2.0394173088565744.
[I 2026-04-10 04:06:31,189] Trial 1 finished with value: 1.9617939091371759 and parameters: {'n_estimators': 107, 'max_depth': 6, 'learning_rate': 0.04424855126366935, 'subsample': 0.8700470457009235, 'colsample_bytree': 0.9945225962223646, 'min_child_weight': 7, 'reg_alpha': 0.6424199875903966, 'reg_lambda': 0.6510863966084348}. Best is trial 1 with value: 1.9617939091371759.
[I 2026-04-10 04:06:33,041] Trial 2 finished with value: 2.0170609682858776 and parameters: {'n_estimators': 186, 'max_depth': 7, 'learning_rate': 0.10539384255271507, 'subsample': 0.8975795375531685, 'colsample_bytree': 0.8806485337721284, 'min_child_weight': 2, 'reg_alpha': 0.8280181250024393, 'reg_lambda': 0.21229318540445408}. Best is trial 1 with value: 1.9617939091371759.
[I 2026-04-10 04:06:37,105] Trial 3 finished with value: 1.9653878522872588 and parameters: {'n_estimators': 589, 'max_depth': 5, 'learning_rate': 0.0237992400503781, 'subsample': 0.9245694416891005, 'colsample_bytree': 0.7158617259113835, 'min_child_weight': 3, 'reg_alpha': 0.46340143251952126, 'reg_lambda': 0.9169631238526675}. Best is trial 1 with value: 1.9617939091371759.
[I 2026-04-10 04:06:48,336] Trial 4 finished with value: 1.9896054114986437 and parameters: {'n_estimators': 880, 'max_depth': 9, 'learning_rate': 0.011074773874579492, 'subsample': 0.7202751219705047, 'colsample_bytree': 0.7891702994153417, 'min_child_weight': 7, 'reg_alpha': 0.1378540512727423, 'reg_lambda': 0.39833624275785073}. Best is trial 1 with value: 1.9617939091371759.
[I 2026-04-10 04:06:54,335] Trial 5 finished with value: 2.1004764742023325 and parameters: {'n_estimators': 652, 'max_depth': 7, 'learning_rate': 0.12082789962265937, 'subsample': 0.8137556602267477, 'colsample_bytree': 0.8205292862271478, 'min_child_weight': 9, 'reg_alpha': 0.16568633187234605, 'reg_lambda': 0.8827832326395693}. Best is trial 1 with value: 1.9617939091371759.
[I 2026-04-10 04:07:02,549] Trial 6 finished with value: 2.1962163854818955 and parameters: {'n_estimators': 939, 'max_depth': 6, 'learning_rate': 0.19194141911377827, 'subsample': 0.7594480879442271, 'colsample_bytree': 0.99813081688814, 'min_child_weight': 5, 'reg_alpha': 0.22768630275553103, 'reg_lambda': 0.48666444547244636}. Best is trial 1 with value: 1.9617939091371759.
[I 2026-04-10 04:07:08,664] Trial 7 finished with value: 2.0039484320456666 and parameters: {'n_estimators': 525, 'max_depth': 8, 'learning_rate': 0.03359223661241762, 'subsample': 0.949172137498425, 'colsample_bytree': 0.8047188159234517, 'min_child_weight': 2, 'reg_alpha': 0.274630283993199, 'reg_lambda': 0.923295759719653}. Best is trial 1 with value: 1.9617939091371759.
[I 2026-04-10 04:07:12,367] Trial 8 finished with value: 1.9740221008339494 and parameters: {'n_estimators': 455, 'max_depth': 6, 'learning_rate': 0.02332433266483922, 'subsample': 0.7354169501947123, 'colsample_bytree': 0.8626175356868113, 'min_child_weight': 10, 'reg_alpha': 0.017675152620169277, 'reg_lambda': 0.4149837930965701}. Best is trial 1 with value: 1.9617939091371759.
[I 2026-04-10 04:07:17,450] Trial 9 finished with value: 2.272802643744192 and parameters: {'n_estimators': 615, 'max_depth': 6, 'learning_rate': 0.2722732923392239, 'subsample': 0.7096235262854097, 'colsample_bytree': 0.7193119230102742, 'min_child_weight': 4, 'reg_alpha': 0.943986071879741, 'reg_lambda': 0.5843121255937201}. Best is trial 1 with value: 1.9617939091371759.
[I 2026-04-10 04:07:18,545] Trial 10 finished with value: 2.0042908646471838 and parameters: {'n_estimators': 155, 'max_depth': 3, 'learning_rate': 0.010760993638876743, 'subsample': 0.6136153409096344, 'colsample_bytree': 0.6021596077900548, 'min_child_weight': 7, 'reg_alpha': 0.6802331097947362, 'reg_lambda': 0.6847624237875297}. Best is trial 1 with value: 1.9617939091371759.
[I 2026-04-10 04:07:20,818] Trial 11 finished with value: 1.961373148147562 and parameters: {'n_estimators': 323, 'max_depth': 4, 'learning_rate': 0.022151217201865425, 'subsample': 0.870944593699579, 'colsample_bytree': 0.9885264043265104, 'min_child_weight': 7, 'reg_alpha': 0.5234641587906498, 'reg_lambda': 0.7403357975972404}. Best is trial 11 with value: 1.961373148147562.
[I 2026-04-10 04:07:22,880] Trial 12 finished with value: 1.9672649506510407 and parameters: {'n_estimators': 311, 'max_depth': 4, 'learning_rate': 0.05481243973861473, 'subsample': 0.8554657346914429, 'colsample_bytree': 0.9885375852019525, 'min_child_weight': 7, 'reg_alpha': 0.5189060918044993, 'reg_lambda': 0.7090924418045033}. Best is trial 11 with value: 1.961373148147562.
[I 2026-04-10 04:07:25,213] Trial 13 finished with value: 1.960924495116326 and parameters: {'n_estimators': 327, 'max_depth': 4, 'learning_rate': 0.018237441221192387, 'subsample': 0.99556038143461, 'colsample_bytree': 0.932945670859316, 'min_child_weight': 8, 'reg_alpha': 0.5792586114900135, 'reg_lambda': 0.7276340116004985}. Best is trial 13 with value: 1.960924495116326.
[I 2026-04-10 04:07:27,470] Trial 14 finished with value: 1.9621801639478356 and parameters: {'n_estimators': 355, 'max_depth': 3, 'learning_rate': 0.016450389064987355, 'subsample': 0.9988878028765499, 'colsample_bytree': 0.934422964978796, 'min_child_weight': 9, 'reg_alpha': 0.44178931347296535, 'reg_lambda': 0.7682699043095027}. Best is trial 13 with value: 1.960924495116326.
[I 2026-04-10 04:07:29,788] Trial 15 finished with value: 1.9605321648007847 and parameters: {'n_estimators': 316, 'max_depth': 4, 'learning_rate': 0.018522746194320455, 'subsample': 0.9840021671976686, 'colsample_bytree': 0.9296387442832817, 'min_child_weight': 8, 'reg_alpha': 0.6411963226610863, 'reg_lambda': 0.03989155281585638}. Best is trial 15 with value: 1.9605321648007847.
[I 2026-04-10 04:07:34,683] Trial 16 finished with value: 1.96236491548873 and parameters: {'n_estimators': 759, 'max_depth': 4, 'learning_rate': 0.015454050739518058, 'subsample': 0.9927215704553735, 'colsample_bytree': 0.9245338619595963, 'min_child_weight': 9, 'reg_alpha': 0.7168191637768712, 'reg_lambda': 0.034527763948398044}. Best is trial 15 with value: 1.9605321648007847.
[I 2026-04-10 04:07:42,037] Trial 17 finished with value: 2.058823612359635 and parameters: {'n_estimators': 440, 'max_depth': 10, 'learning_rate': 0.07736901410600897, 'subsample': 0.9557632682619719, 'colsample_bytree': 0.9243596183977663, 'min_child_weight': 8, 'reg_alpha': 0.3626184952059336, 'reg_lambda': 0.18566846468306875}. Best is trial 15 with value: 1.9605321648007847.
[I 2026-04-10 04:07:43,891] Trial 18 finished with value: 1.9644691049633083 and parameters: {'n_estimators': 232, 'max_depth': 5, 'learning_rate': 0.03098368855656568, 'subsample': 0.9506037214315779, 'colsample_bytree': 0.9424906020580228, 'min_child_weight': 10, 'reg_alpha': 0.8221249598121312, 'reg_lambda': 0.03282778546359405}. Best is trial 15 with value: 1.9605321648007847.
[I 2026-04-10 04:07:45,618] Trial 19 finished with value: 1.964325825039519 and parameters: {'n_estimators': 272, 'max_depth': 3, 'learning_rate': 0.015527394204301747, 'subsample': 0.6617967970320044, 'colsample_bytree': 0.764334897813915, 'min_child_weight': 6, 'reg_alpha': 0.6242492109158511, 'reg_lambda': 0.27015639268598857}. Best is trial 15 with value: 1.9605321648007847.
[I 2026-04-10 04:07:48,756] Trial 20 finished with value: 1.9704134983914845 and parameters: {'n_estimators': 433, 'max_depth': 5, 'learning_rate': 0.0349205256154666, 'subsample': 0.8373682065987957, 'colsample_bytree': 0.8862858318469622, 'min_child_weight': 8, 'reg_alpha': 0.8159181320103349, 'reg_lambda': 0.5411506995479918}. Best is trial 15 with value: 1.9605321648007847.
[I 2026-04-10 04:07:51,174] Trial 21 finished with value: 1.9614923805588975 and parameters: {'n_estimators': 349, 'max_depth': 4, 'learning_rate': 0.02278610783457871, 'subsample': 0.9107198538036193, 'colsample_bytree': 0.9594702078043358, 'min_child_weight': 6, 'reg_alpha': 0.5265161970636926, 'reg_lambda': 0.8055021780809427}. Best is trial 15 with value: 1.9605321648007847.
[I 2026-04-10 04:07:53,703] Trial 22 finished with value: 1.9598633807735784 and parameters: {'n_estimators': 362, 'max_depth': 4, 'learning_rate': 0.018703199631293542, 'subsample': 0.9748658935268297, 'colsample_bytree': 0.8992901100166684, 'min_child_weight': 8, 'reg_alpha': 0.5614334294711372, 'reg_lambda': 0.8105695106262449}. Best is trial 22 with value: 1.9598633807735784.
[I 2026-04-10 04:07:56,740] Trial 23 finished with value: 1.9614737244981768 and parameters: {'n_estimators': 389, 'max_depth': 5, 'learning_rate': 0.017987136156755852, 'subsample': 0.973755515403472, 'colsample_bytree': 0.8875992251679331, 'min_child_weight': 8, 'reg_alpha': 0.574134580308339, 'reg_lambda': 0.8120831558830148}. Best is trial 22 with value: 1.9598633807735784.
[I 2026-04-10 04:07:59,974] Trial 24 finished with value: 1.9610667506787276 and parameters: {'n_estimators': 520, 'max_depth': 3, 'learning_rate': 0.012680290524799517, 'subsample': 0.9257842110670349, 'colsample_bytree': 0.9081051192126894, 'min_child_weight': 9, 'reg_alpha': 0.389289967892782, 'reg_lambda': 0.9905761933610726}. Best is trial 22 with value: 1.9598633807735784.
[I 2026-04-10 04:08:01,697] Trial 25 finished with value: 1.960574912692139 and parameters: {'n_estimators': 236, 'max_depth': 4, 'learning_rate': 0.029491271907010164, 'subsample': 0.9988347680384031, 'colsample_bytree': 0.8313831766568477, 'min_child_weight': 8, 'reg_alpha': 0.7537165575490606, 'reg_lambda': 0.6195078807918805}. Best is trial 22 with value: 1.9598633807735784.
[I 2026-04-10 04:08:03,533] Trial 26 finished with value: 1.9664593605940652 and parameters: {'n_estimators': 235, 'max_depth': 5, 'learning_rate': 0.042274114449540025, 'subsample': 0.9685042455337606, 'colsample_bytree': 0.8373233063705993, 'min_child_weight': 5, 'reg_alpha': 0.7464673134297909, 'reg_lambda': 0.609152785941506}. Best is trial 22 with value: 1.9598633807735784.
[I 2026-04-10 04:08:04,484] Trial 27 finished with value: 1.9647213252651032 and parameters: {'n_estimators': 113, 'max_depth': 4, 'learning_rate': 0.02728745330769001, 'subsample': 0.8857563805990467, 'colsample_bytree': 0.7560651905143055, 'min_child_weight': 10, 'reg_alpha': 0.9237965119615992, 'reg_lambda': 0.3202971716166921}. Best is trial 22 with value: 1.9598633807735784.
[I 2026-04-10 04:08:05,723] Trial 28 finished with value: 1.9597012716889382 and parameters: {'n_estimators': 191, 'max_depth': 3, 'learning_rate': 0.06143976822112658, 'subsample': 0.9326317372698076, 'colsample_bytree': 0.8462175758134023, 'min_child_weight': 6, 'reg_alpha': 0.741021204436483, 'reg_lambda': 0.4707859261157924}. Best is trial 28 with value: 1.9597012716889382.
[I 2026-04-10 04:08:06,887] Trial 29 finished with value: 1.9623637117147241 and parameters: {'n_estimators': 178, 'max_depth': 3, 'learning_rate': 0.06461117700451122, 'subsample': 0.9299062554549686, 'colsample_bytree': 0.8591003087958536, 'min_child_weight': 6, 'reg_alpha': 0.621945109092361, 'reg_lambda': 0.17368178660739095}. Best is trial 28 with value: 1.9597012716889382.
[optuna] Best params: {'n_estimators': 191, 'max_depth': 3, 'learning_rate': 0.06143976822112658, 'subsample': 0.9326317372698076, 'colsample_bytree': 0.8462175758134023, 'min_child_weight': 6, 'reg_alpha': 0.741021204436483, 'reg_lambda': 0.4707859261157924}
[optuna] Optimizing hyperparameters for assists classification...
[I 2026-04-10 04:15:26,211] A new study created in memory with name: no-name-83478512-7f06-4c95-9017-a06e2132702c
[I 2026-04-10 04:15:29,724] Trial 0 finished with value: 0.691121418558155 and parameters: {'n_estimators': 148, 'max_depth': 4, 'learning_rate': 0.08802298941720973, 'subsample': 0.6625809442580276, 'colsample_bytree': 0.8891342201322685, 'min_child_weight': 8, 'reg_alpha': 0.813539836704429, 'reg_lambda': 0.3088556535924559}. Best is trial 0 with value: 0.691121418558155.
[I 2026-04-10 04:15:54,739] Trial 1 finished with value: 0.6676161290329846 and parameters: {'n_estimators': 696, 'max_depth': 10, 'learning_rate': 0.16930389890556755, 'subsample': 0.7024912616190342, 'colsample_bytree': 0.7127190012978438, 'min_child_weight': 3, 'reg_alpha': 0.16704510437309872, 'reg_lambda': 0.532123796627203}. Best is trial 0 with value: 0.691121418558155.
[I 2026-04-10 04:15:59,800] Trial 2 finished with value: 0.6824763658269636 and parameters: {'n_estimators': 184, 'max_depth': 6, 'learning_rate': 0.09096921183679921, 'subsample': 0.6106838421925584, 'colsample_bytree': 0.7498270571656375, 'min_child_weight': 10, 'reg_alpha': 0.7455096741089557, 'reg_lambda': 0.703873715056703}. Best is trial 0 with value: 0.691121418558155.
[I 2026-04-10 04:16:21,251] Trial 3 finished with value: 0.6824381486046027 and parameters: {'n_estimators': 817, 'max_depth': 7, 'learning_rate': 0.034494245192833256, 'subsample': 0.981657644442376, 'colsample_bytree': 0.7038873408573704, 'min_child_weight': 5, 'reg_alpha': 0.4139026181854226, 'reg_lambda': 0.44113543073974515}. Best is trial 0 with value: 0.691121418558155.
[I 2026-04-10 04:16:47,614] Trial 4 finished with value: 0.6627445202765839 and parameters: {'n_estimators': 742, 'max_depth': 10, 'learning_rate': 0.11239038426753596, 'subsample': 0.7336455237732398, 'colsample_bytree': 0.7289994198695472, 'min_child_weight': 10, 'reg_alpha': 0.5427167389873542, 'reg_lambda': 0.945442174585211}. Best is trial 0 with value: 0.691121418558155.
[I 2026-04-10 04:17:10,871] Trial 5 finished with value: 0.6721396682866367 and parameters: {'n_estimators': 610, 'max_depth': 9, 'learning_rate': 0.13025657407118177, 'subsample': 0.7200068059793109, 'colsample_bytree': 0.9657972740416201, 'min_child_weight': 1, 'reg_alpha': 0.5802864726550514, 'reg_lambda': 0.8779860356018655}. Best is trial 0 with value: 0.691121418558155.
[I 2026-04-10 04:17:15,548] Trial 6 finished with value: 0.6873073233085366 and parameters: {'n_estimators': 102, 'max_depth': 9, 'learning_rate': 0.019656817481652163, 'subsample': 0.8904870301684558, 'colsample_bytree': 0.6905854572814997, 'min_child_weight': 7, 'reg_alpha': 0.8637294959561556, 'reg_lambda': 0.7752249439560565}. Best is trial 0 with value: 0.691121418558155.
[I 2026-04-10 04:17:19,492] Trial 7 finished with value: 0.6908344515682201 and parameters: {'n_estimators': 134, 'max_depth': 6, 'learning_rate': 0.07833312152235192, 'subsample': 0.9812770262334621, 'colsample_bytree': 0.9264375880185926, 'min_child_weight': 8, 'reg_alpha': 0.6772370018341862, 'reg_lambda': 0.03714018442549438}. Best is trial 0 with value: 0.691121418558155.
[I 2026-04-10 04:17:29,096] Trial 8 finished with value: 0.6883897706944136 and parameters: {'n_estimators': 249, 'max_depth': 9, 'learning_rate': 0.022536806323704923, 'subsample': 0.7844355286244232, 'colsample_bytree': 0.908746346439058, 'min_child_weight': 10, 'reg_alpha': 0.882052278783201, 'reg_lambda': 0.4861394284664171}. Best is trial 0 with value: 0.691121418558155.
[I 2026-04-10 04:17:51,323] Trial 9 finished with value: 0.6867439267835631 and parameters: {'n_estimators': 975, 'max_depth': 5, 'learning_rate': 0.04011659195244549, 'subsample': 0.9230466787192897, 'colsample_bytree': 0.7998262451253465, 'min_child_weight': 5, 'reg_alpha': 0.3765924726615182, 'reg_lambda': 0.2744633315555576}. Best is trial 0 with value: 0.691121418558155.
[I 2026-04-10 04:17:59,086] Trial 10 finished with value: 0.68057506767662 and parameters: {'n_estimators': 372, 'max_depth': 3, 'learning_rate': 0.2551533655957263, 'subsample': 0.6038816458273844, 'colsample_bytree': 0.6152944982303463, 'min_child_weight': 7, 'reg_alpha': 0.033160628840947226, 'reg_lambda': 0.12954508305693185}. Best is trial 0 with value: 0.691121418558155.
[I 2026-04-10 04:18:07,912] Trial 11 finished with value: 0.6906709975822843 and parameters: {'n_estimators': 383, 'max_depth': 4, 'learning_rate': 0.06575314312224173, 'subsample': 0.8539186486443161, 'colsample_bytree': 0.8987466480825204, 'min_child_weight': 8, 'reg_alpha': 0.7091610624144089, 'reg_lambda': 0.00010257485589128951}. Best is trial 0 with value: 0.691121418558155.
[I 2026-04-10 04:18:21,461] Trial 12 finished with value: 0.6907756401830843 and parameters: {'n_estimators': 410, 'max_depth': 7, 'learning_rate': 0.010663090361231434, 'subsample': 0.9973787868916725, 'colsample_bytree': 0.8698714612921062, 'min_child_weight': 8, 'reg_alpha': 0.9584548479478352, 'reg_lambda': 0.25027652154193025}. Best is trial 0 with value: 0.691121418558155.
[I 2026-04-10 04:18:28,504] Trial 13 finished with value: 0.6901061155057163 and parameters: {'n_estimators': 264, 'max_depth': 5, 'learning_rate': 0.06239345042417578, 'subsample': 0.8068810370350161, 'colsample_bytree': 0.9789953476787583, 'min_child_weight': 8, 'reg_alpha': 0.7334293545328802, 'reg_lambda': 0.0114984760278602}. Best is trial 0 with value: 0.691121418558155.
[I 2026-04-10 04:18:31,179] Trial 14 finished with value: 0.6905651855968471 and parameters: {'n_estimators': 103, 'max_depth': 3, 'learning_rate': 0.22484451454013027, 'subsample': 0.6677441233519792, 'colsample_bytree': 0.8397100669606979, 'min_child_weight': 6, 'reg_alpha': 0.6187279695404166, 'reg_lambda': 0.2831960549376441}. Best is trial 0 with value: 0.691121418558155.
[I 2026-04-10 04:18:42,750] Trial 15 finished with value: 0.6780813939175747 and parameters: {'n_estimators': 439, 'max_depth': 6, 'learning_rate': 0.08018238321705161, 'subsample': 0.7957182216724568, 'colsample_bytree': 0.93154404070224, 'min_child_weight': 9, 'reg_alpha': 0.3374350643328644, 'reg_lambda': 0.1730384997353341}. Best is trial 0 with value: 0.691121418558155.
[I 2026-04-10 04:18:55,085] Trial 16 finished with value: 0.6911438187705361 and parameters: {'n_estimators': 532, 'max_depth': 4, 'learning_rate': 0.040872583880968774, 'subsample': 0.9234568013727749, 'colsample_bytree': 0.8090175435863391, 'min_child_weight': 4, 'reg_alpha': 0.9997004514127914, 'reg_lambda': 0.3936019062792469}. Best is trial 16 with value: 0.6911438187705361.
[I 2026-04-10 04:19:07,632] Trial 17 finished with value: 0.6912322502354231 and parameters: {'n_estimators': 529, 'max_depth': 4, 'learning_rate': 0.035905489115178546, 'subsample': 0.9304389703853113, 'colsample_bytree': 0.7905262475171968, 'min_child_weight': 3, 'reg_alpha': 0.9628245529403963, 'reg_lambda': 0.37208983262876116}. Best is trial 17 with value: 0.6912322502354231.
[I 2026-04-10 04:19:20,767] Trial 18 finished with value: 0.6910138005231117 and parameters: {'n_estimators': 554, 'max_depth': 4, 'learning_rate': 0.04258346543120969, 'subsample': 0.9271705332829023, 'colsample_bytree': 0.7899610674356499, 'min_child_weight': 3, 'reg_alpha': 0.9825688860383534, 'reg_lambda': 0.618945085149146}. Best is trial 17 with value: 0.6912322502354231.
[I 2026-04-10 04:19:34,205] Trial 19 finished with value: 0.6910979009337874 and parameters: {'n_estimators': 504, 'max_depth': 5, 'learning_rate': 0.025767571868383552, 'subsample': 0.8607561351087682, 'colsample_bytree': 0.8465015834507268, 'min_child_weight': 2, 'reg_alpha': 0.9762568463179908, 'reg_lambda': 0.4143945596650423}. Best is trial 17 with value: 0.6912322502354231.
[I 2026-04-10 04:19:50,249] Trial 20 finished with value: 0.6881714076031864 and parameters: {'n_estimators': 689, 'max_depth': 3, 'learning_rate': 0.013302831886176323, 'subsample': 0.935826242537872, 'colsample_bytree': 0.6467479893434549, 'min_child_weight': 4, 'reg_alpha': 0.8432560679355814, 'reg_lambda': 0.37423203513618364}. Best is trial 17 with value: 0.6912322502354231.
[I 2026-04-10 04:19:57,840] Trial 21 finished with value: 0.6914438742062976 and parameters: {'n_estimators': 302, 'max_depth': 4, 'learning_rate': 0.04953344725682542, 'subsample': 0.8423884893382273, 'colsample_bytree': 0.7724999716815644, 'min_child_weight': 4, 'reg_alpha': 0.8160256800638684, 'reg_lambda': 0.3501247871635009}. Best is trial 21 with value: 0.6914438742062976.
[I 2026-04-10 04:20:10,394] Trial 22 finished with value: 0.6917428208921809 and parameters: {'n_estimators': 501, 'max_depth': 4, 'learning_rate': 0.02929248150480511, 'subsample': 0.8483919592958339, 'colsample_bytree': 0.77001599107179, 'min_child_weight': 4, 'reg_alpha': 0.9090372806045656, 'reg_lambda': 0.5726817697627739}. Best is trial 22 with value: 0.6917428208921809.
[I 2026-04-10 04:20:18,494] Trial 23 finished with value: 0.691706323098342 and parameters: {'n_estimators': 288, 'max_depth': 5, 'learning_rate': 0.03138351672194999, 'subsample': 0.8450139415654697, 'colsample_bytree': 0.7642161618086017, 'min_child_weight': 3, 'reg_alpha': 0.8995873888668077, 'reg_lambda': 0.6188716262950007}. Best is trial 22 with value: 0.6917428208921809.
[I 2026-04-10 04:20:27,325] Trial 24 finished with value: 0.6901445146323542 and parameters: {'n_estimators': 308, 'max_depth': 5, 'learning_rate': 0.018341892603899925, 'subsample': 0.8416893400244612, 'colsample_bytree': 0.7602207768168319, 'min_child_weight': 1, 'reg_alpha': 0.7931730915222385, 'reg_lambda': 0.5958773582847737}. Best is trial 22 with value: 0.6917428208921809.
[I 2026-04-10 04:20:36,196] Trial 25 finished with value: 0.6923868486534068 and parameters: {'n_estimators': 317, 'max_depth': 5, 'learning_rate': 0.028574349797034816, 'subsample': 0.8212806485906398, 'colsample_bytree': 0.6756298279695444, 'min_child_weight': 4, 'reg_alpha': 0.9015103808847003, 'reg_lambda': 0.6846941494929935}. Best is trial 25 with value: 0.6923868486534068.
[I 2026-04-10 04:20:43,724] Trial 26 finished with value: 0.6907336895919934 and parameters: {'n_estimators': 220, 'max_depth': 7, 'learning_rate': 0.028230659638290443, 'subsample': 0.75741980365617, 'colsample_bytree': 0.6769549786616724, 'min_child_weight': 2, 'reg_alpha': 0.8940176466137273, 'reg_lambda': 0.7615073858198597}. Best is trial 25 with value: 0.6923868486534068.
[I 2026-04-10 04:20:56,634] Trial 27 finished with value: 0.6915377714615992 and parameters: {'n_estimators': 470, 'max_depth': 5, 'learning_rate': 0.015393459464073589, 'subsample': 0.8182303422254785, 'colsample_bytree': 0.6474797594317061, 'min_child_weight': 5, 'reg_alpha': 0.47800250885623746, 'reg_lambda': 0.6331230278833269}. Best is trial 25 with value: 0.6923868486534068.
[I 2026-04-10 04:21:06,620] Trial 28 finished with value: 0.6910004738693034 and parameters: {'n_estimators': 341, 'max_depth': 6, 'learning_rate': 0.028559952235515745, 'subsample': 0.8889488801807768, 'colsample_bytree': 0.7345161034942761, 'min_child_weight': 2, 'reg_alpha': 0.6376682002326861, 'reg_lambda': 0.8225553416533031}. Best is trial 25 with value: 0.6923868486534068.
[I 2026-04-10 04:21:13,470] Trial 29 finished with value: 0.6867417266080238 and parameters: {'n_estimators': 194, 'max_depth': 8, 'learning_rate': 0.0541961101560147, 'subsample': 0.766995971512404, 'colsample_bytree': 0.6630705473510822, 'min_child_weight': 6, 'reg_alpha': 0.9018816899377811, 'reg_lambda': 0.6927027215881405}. Best is trial 25 with value: 0.6923868486534068.
[optuna] Best params: {'n_estimators': 317, 'max_depth': 5, 'learning_rate': 0.028574349797034816, 'subsample': 0.8212806485906398, 'colsample_bytree': 0.6756298279695444, 'min_child_weight': 4, 'reg_alpha': 0.9015103808847003, 'reg_lambda': 0.6846941494929935}
[wf] rebounds: auc_raw=0.638 brier_raw=0.251 auc_cal=0.626 brier_cal=0.235 folds=5
[optuna] Optimizing hyperparameters for rebounds regression...
[I 2026-04-10 04:33:22,527] A new study created in memory with name: no-name-339da482-a474-48a9-bbcd-c7a29904ebe5
[I 2026-04-10 04:33:29,096] Trial 0 finished with value: 2.8199944081655266 and parameters: {'n_estimators': 741, 'max_depth': 7, 'learning_rate': 0.12695512429143416, 'subsample': 0.835654035420994, 'colsample_bytree': 0.6846386807853186, 'min_child_weight': 8, 'reg_alpha': 0.14144462580013983, 'reg_lambda': 0.911194987011545}. Best is trial 0 with value: 2.8199944081655266.
[I 2026-04-10 04:33:33,813] Trial 1 finished with value: 2.661769545594 and parameters: {'n_estimators': 630, 'max_depth': 6, 'learning_rate': 0.02586614529500196, 'subsample': 0.8176605321853062, 'colsample_bytree': 0.6576746678141817, 'min_child_weight': 9, 'reg_alpha': 0.6322193999460713, 'reg_lambda': 0.0211478465351439}. Best is trial 1 with value: 2.661769545594.
[I 2026-04-10 04:33:42,222] Trial 2 finished with value: 2.839294469543863 and parameters: {'n_estimators': 590, 'max_depth': 9, 'learning_rate': 0.1464584090551792, 'subsample': 0.9060726983604253, 'colsample_bytree': 0.834633530211768, 'min_child_weight': 6, 'reg_alpha': 0.2979644530517398, 'reg_lambda': 0.40962567304673103}. Best is trial 1 with value: 2.661769545594.
[I 2026-04-10 04:33:46,052] Trial 3 finished with value: 2.663083101834839 and parameters: {'n_estimators': 378, 'max_depth': 7, 'learning_rate': 0.020273229445054986, 'subsample': 0.6486575322511561, 'colsample_bytree': 0.9465199313008029, 'min_child_weight': 3, 'reg_alpha': 0.930604282720118, 'reg_lambda': 0.6115280208168895}. Best is trial 1 with value: 2.661769545594.
[I 2026-04-10 04:33:51,387] Trial 4 finished with value: 2.7242181208484806 and parameters: {'n_estimators': 333, 'max_depth': 10, 'learning_rate': 0.06549628144373283, 'subsample': 0.9276807954339663, 'colsample_bytree': 0.80332662338476, 'min_child_weight': 8, 'reg_alpha': 0.5081918581316287, 'reg_lambda': 0.09161335636218282}. Best is trial 1 with value: 2.661769545594.
[I 2026-04-10 04:33:59,050] Trial 5 finished with value: 2.6677147529578993 and parameters: {'n_estimators': 995, 'max_depth': 6, 'learning_rate': 0.019381593258229735, 'subsample': 0.7667085479058432, 'colsample_bytree': 0.6041580136694341, 'min_child_weight': 2, 'reg_alpha': 0.9123031565745259, 'reg_lambda': 0.09129615911845224}. Best is trial 1 with value: 2.661769545594.
[I 2026-04-10 04:34:08,062] Trial 6 finished with value: 2.6676450570563417 and parameters: {'n_estimators': 808, 'max_depth': 8, 'learning_rate': 0.011920470674056853, 'subsample': 0.6338549503216575, 'colsample_bytree': 0.8924505828232134, 'min_child_weight': 8, 'reg_alpha': 0.7832123721014642, 'reg_lambda': 0.9248153508480377}. Best is trial 1 with value: 2.661769545594.
[I 2026-04-10 04:34:09,320] Trial 7 finished with value: 2.6760238877548876 and parameters: {'n_estimators': 204, 'max_depth': 3, 'learning_rate': 0.23405473861146753, 'subsample': 0.7685050811947306, 'colsample_bytree': 0.7109119449694564, 'min_child_weight': 2, 'reg_alpha': 0.7369669259825026, 'reg_lambda': 0.5522154357942715}. Best is trial 1 with value: 2.661769545594.
[I 2026-04-10 04:34:16,016] Trial 8 finished with value: 2.8803639510205454 and parameters: {'n_estimators': 718, 'max_depth': 7, 'learning_rate': 0.12557140646002887, 'subsample': 0.678589223481833, 'colsample_bytree': 0.6618410995766759, 'min_child_weight': 5, 'reg_alpha': 0.32504973845395224, 'reg_lambda': 0.28304316126360574}. Best is trial 1 with value: 2.661769545594.
[I 2026-04-10 04:34:18,027] Trial 9 finished with value: 2.6761782651914694 and parameters: {'n_estimators': 144, 'max_depth': 8, 'learning_rate': 0.013191410583007955, 'subsample': 0.6087705579234952, 'colsample_bytree': 0.8709435444657584, 'min_child_weight': 6, 'reg_alpha': 0.903091405208277, 'reg_lambda': 0.4954730218943022}. Best is trial 1 with value: 2.661769545594.
[I 2026-04-10 04:34:21,157] Trial 10 finished with value: 2.6575402043424554 and parameters: {'n_estimators': 497, 'max_depth': 4, 'learning_rate': 0.04059749394221172, 'subsample': 0.988211170260859, 'colsample_bytree': 0.7594866663392944, 'min_child_weight': 10, 'reg_alpha': 0.6169715474500809, 'reg_lambda': 0.01577233294442265}. Best is trial 10 with value: 2.6575402043424554.
[I 2026-04-10 04:34:24,278] Trial 11 finished with value: 2.6604204126633593 and parameters: {'n_estimators': 501, 'max_depth': 4, 'learning_rate': 0.04313754139167269, 'subsample': 0.9769739319867251, 'colsample_bytree': 0.7425857955444204, 'min_child_weight': 10, 'reg_alpha': 0.5774619287881555, 'reg_lambda': 0.030440024820573286}. Best is trial 10 with value: 2.6575402043424554.
[I 2026-04-10 04:34:27,108] Trial 12 finished with value: 2.658942240372032 and parameters: {'n_estimators': 434, 'max_depth': 4, 'learning_rate': 0.04238537123167627, 'subsample': 0.9937200844253818, 'colsample_bytree': 0.7543218311937802, 'min_child_weight': 10, 'reg_alpha': 0.5235790317419866, 'reg_lambda': 0.2018725326614344}. Best is trial 10 with value: 2.6575402043424554.
[I 2026-04-10 04:34:29,963] Trial 13 finished with value: 2.662069834383414 and parameters: {'n_estimators': 433, 'max_depth': 4, 'learning_rate': 0.04834741739553786, 'subsample': 0.9984599168072453, 'colsample_bytree': 0.7589985931818497, 'min_child_weight': 10, 'reg_alpha': 0.3367183774107405, 'reg_lambda': 0.2476003866065385}. Best is trial 10 with value: 2.6575402043424554.
[I 2026-04-10 04:34:32,096] Trial 14 finished with value: 2.6697871050822823 and parameters: {'n_estimators': 264, 'max_depth': 5, 'learning_rate': 0.07165358027941258, 'subsample': 0.912172480102823, 'colsample_bytree': 0.7726252661025864, 'min_child_weight': 10, 'reg_alpha': 0.47030251035999715, 'reg_lambda': 0.26099197956872944}. Best is trial 10 with value: 2.6575402043424554.
[I 2026-04-10 04:34:34,946] Trial 15 finished with value: 2.649911124820918 and parameters: {'n_estimators': 488, 'max_depth': 3, 'learning_rate': 0.03492572395390087, 'subsample': 0.957247708675993, 'colsample_bytree': 0.9985386127240674, 'min_child_weight': 7, 'reg_alpha': 0.00795325471926045, 'reg_lambda': 0.1779658097651078}. Best is trial 15 with value: 2.649911124820918.
[I 2026-04-10 04:34:38,043] Trial 16 finished with value: 2.647842453492906 and parameters: {'n_estimators': 537, 'max_depth': 3, 'learning_rate': 0.02893971567261957, 'subsample': 0.8738535376109124, 'colsample_bytree': 0.9780194509686725, 'min_child_weight': 4, 'reg_alpha': 0.07147512476177709, 'reg_lambda': 0.6919652074492395}. Best is trial 16 with value: 2.647842453492906.
[I 2026-04-10 04:34:41,667] Trial 17 finished with value: 2.6474499736159616 and parameters: {'n_estimators': 630, 'max_depth': 3, 'learning_rate': 0.02893230465629174, 'subsample': 0.8699609979971918, 'colsample_bytree': 0.9996319849494363, 'min_child_weight': 4, 'reg_alpha': 0.042692979372418186, 'reg_lambda': 0.7382440568934906}. Best is trial 17 with value: 2.6474499736159616.
[I 2026-04-10 04:34:46,629] Trial 18 finished with value: 2.6462500297571334 and parameters: {'n_estimators': 887, 'max_depth': 3, 'learning_rate': 0.02705237363102984, 'subsample': 0.8579677430029987, 'colsample_bytree': 0.9931723371583009, 'min_child_weight': 4, 'reg_alpha': 0.03725216340558031, 'reg_lambda': 0.7555283467108578}. Best is trial 18 with value: 2.6462500297571334.
[I 2026-04-10 04:34:53,246] Trial 19 finished with value: 2.654035038779119 and parameters: {'n_estimators': 924, 'max_depth': 5, 'learning_rate': 0.017112800951049677, 'subsample': 0.7158017348741703, 'colsample_bytree': 0.9240447869441498, 'min_child_weight': 1, 'reg_alpha': 0.19164560884204457, 'reg_lambda': 0.8016207012172434}. Best is trial 18 with value: 2.6462500297571334.
[I 2026-04-10 04:34:59,399] Trial 20 finished with value: 2.725757928828891 and parameters: {'n_estimators': 871, 'max_depth': 5, 'learning_rate': 0.08905718765247476, 'subsample': 0.8546323361565072, 'colsample_bytree': 0.9460866394496048, 'min_child_weight': 4, 'reg_alpha': 0.21477467673823514, 'reg_lambda': 0.7603473783461039}. Best is trial 18 with value: 2.6462500297571334.
[I 2026-04-10 04:35:02,915] Trial 21 finished with value: 2.647498992494395 and parameters: {'n_estimators': 611, 'max_depth': 3, 'learning_rate': 0.02839436951212241, 'subsample': 0.8691630151001709, 'colsample_bytree': 0.9944564686773256, 'min_child_weight': 4, 'reg_alpha': 0.020754405073939775, 'reg_lambda': 0.7115705868098097}. Best is trial 18 with value: 2.6462500297571334.
[I 2026-04-10 04:35:06,743] Trial 22 finished with value: 2.649430691646794 and parameters: {'n_estimators': 672, 'max_depth': 3, 'learning_rate': 0.02668015514769226, 'subsample': 0.8731383568517058, 'colsample_bytree': 0.9975732477426881, 'min_child_weight': 4, 'reg_alpha': 0.004927598172627723, 'reg_lambda': 0.8343462851488206}. Best is trial 18 with value: 2.6462500297571334.
[I 2026-04-10 04:35:11,322] Trial 23 finished with value: 2.6444045168499146 and parameters: {'n_estimators': 798, 'max_depth': 3, 'learning_rate': 0.01729701375172236, 'subsample': 0.789820796110006, 'colsample_bytree': 0.9630232852001746, 'min_child_weight': 5, 'reg_alpha': 0.11730286777829886, 'reg_lambda': 0.6798679943990327}. Best is trial 23 with value: 2.6444045168499146.
[I 2026-04-10 04:35:16,573] Trial 24 finished with value: 2.647994308792578 and parameters: {'n_estimators': 799, 'max_depth': 4, 'learning_rate': 0.01050548648038293, 'subsample': 0.7894520522715045, 'colsample_bytree': 0.9565322496085082, 'min_child_weight': 5, 'reg_alpha': 0.11092807231332526, 'reg_lambda': 0.6572759751113202}. Best is trial 23 with value: 2.6444045168499146.
[I 2026-04-10 04:35:22,940] Trial 25 finished with value: 2.6488091110406167 and parameters: {'n_estimators': 889, 'max_depth': 5, 'learning_rate': 0.015485543000430242, 'subsample': 0.7287399266846959, 'colsample_bytree': 0.9024482531662349, 'min_child_weight': 3, 'reg_alpha': 0.25287629098487585, 'reg_lambda': 0.9887431800256464}. Best is trial 23 with value: 2.6444045168499146.
[I 2026-04-10 04:35:27,438] Trial 26 finished with value: 2.6456671481499123 and parameters: {'n_estimators': 776, 'max_depth': 3, 'learning_rate': 0.014539069360595873, 'subsample': 0.8044812230053301, 'colsample_bytree': 0.8638925313095187, 'min_child_weight': 5, 'reg_alpha': 0.4174054571651765, 'reg_lambda': 0.4390843943898763}. Best is trial 23 with value: 2.6444045168499146.
[I 2026-04-10 04:35:32,557] Trial 27 finished with value: 2.650540192878851 and parameters: {'n_estimators': 808, 'max_depth': 4, 'learning_rate': 0.02117369827916318, 'subsample': 0.7927404066688052, 'colsample_bytree': 0.8576010900106761, 'min_child_weight': 6, 'reg_alpha': 0.39312497199379104, 'reg_lambda': 0.40869315775286197}. Best is trial 23 with value: 2.6444045168499146.
[I 2026-04-10 04:35:38,150] Trial 28 finished with value: 2.6448812851178185 and parameters: {'n_estimators': 981, 'max_depth': 3, 'learning_rate': 0.013955937880304884, 'subsample': 0.7264911514275277, 'colsample_bytree': 0.9129452353771045, 'min_child_weight': 5, 'reg_alpha': 0.4260014385281153, 'reg_lambda': 0.4869485240654136}. Best is trial 23 with value: 2.6444045168499146.
[I 2026-04-10 04:35:45,853] Trial 29 finished with value: 2.650555130743137 and parameters: {'n_estimators': 950, 'max_depth': 6, 'learning_rate': 0.013414598365514091, 'subsample': 0.7289840022336849, 'colsample_bytree': 0.8297529298792377, 'min_child_weight': 7, 'reg_alpha': 0.4238906306203657, 'reg_lambda': 0.40473305820264455}. Best is trial 23 with value: 2.6444045168499146.
[optuna] Best params: {'n_estimators': 798, 'max_depth': 3, 'learning_rate': 0.01729701375172236, 'subsample': 0.789820796110006, 'colsample_bytree': 0.9630232852001746, 'min_child_weight': 5, 'reg_alpha': 0.11730286777829886, 'reg_lambda': 0.6798679943990327}
[optuna] Optimizing hyperparameters for rebounds classification...
[I 2026-04-10 04:43:13,209] A new study created in memory with name: no-name-ff598a47-c5df-4569-83e2-c468c05eab30
[I 2026-04-10 04:43:26,069] Trial 0 finished with value: 0.6457854396609816 and parameters: {'n_estimators': 587, 'max_depth': 5, 'learning_rate': 0.09307082330878473, 'subsample': 0.7137724684226621, 'colsample_bytree': 0.9499075557724703, 'min_child_weight': 7, 'reg_alpha': 0.236940133213299, 'reg_lambda': 0.12385116907716476}. Best is trial 0 with value: 0.6457854396609816.
[I 2026-04-10 04:43:52,823] Trial 1 finished with value: 0.6239164289669978 and parameters: {'n_estimators': 962, 'max_depth': 7, 'learning_rate': 0.2861402214482695, 'subsample': 0.7806525308700197, 'colsample_bytree': 0.7070046659927479, 'min_child_weight': 7, 'reg_alpha': 0.8835961502562515, 'reg_lambda': 0.8624115384810926}. Best is trial 0 with value: 0.6457854396609816.
[I 2026-04-10 04:44:00,327] Trial 2 finished with value: 0.6426883489952981 and parameters: {'n_estimators': 258, 'max_depth': 7, 'learning_rate': 0.0939615767853294, 'subsample': 0.8573757389231291, 'colsample_bytree': 0.8179585454910828, 'min_child_weight': 5, 'reg_alpha': 0.3772417996886287, 'reg_lambda': 0.35144373505421}. Best is trial 0 with value: 0.6457854396609816.
[I 2026-04-10 04:44:32,634] Trial 3 finished with value: 0.6345340266466444 and parameters: {'n_estimators': 987, 'max_depth': 9, 'learning_rate': 0.11304631607311708, 'subsample': 0.7536485777341756, 'colsample_bytree': 0.6746727126132595, 'min_child_weight': 6, 'reg_alpha': 0.34892591917961957, 'reg_lambda': 0.2485962322356412}. Best is trial 0 with value: 0.6457854396609816.
[I 2026-04-10 04:44:45,203] Trial 4 finished with value: 0.6488384966838391 and parameters: {'n_estimators': 410, 'max_depth': 8, 'learning_rate': 0.044678033323855997, 'subsample': 0.8002549686827009, 'colsample_bytree': 0.7521826986108282, 'min_child_weight': 10, 'reg_alpha': 0.19937798531738482, 'reg_lambda': 0.8243789038228334}. Best is trial 4 with value: 0.6488384966838391.
[I 2026-04-10 04:44:54,157] Trial 5 finished with value: 0.6274476233274686 and parameters: {'n_estimators': 282, 'max_depth': 8, 'learning_rate': 0.20299469581026844, 'subsample': 0.6917277467077821, 'colsample_bytree': 0.972020479862713, 'min_child_weight': 9, 'reg_alpha': 0.8522403168720548, 'reg_lambda': 0.2327088707822882}. Best is trial 4 with value: 0.6488384966838391.
[I 2026-04-10 04:44:59,639] Trial 6 finished with value: 0.6620327600396293 and parameters: {'n_estimators': 200, 'max_depth': 5, 'learning_rate': 0.0471642906556593, 'subsample': 0.7352444773056707, 'colsample_bytree': 0.838575780924321, 'min_child_weight': 3, 'reg_alpha': 0.5328185054007545, 'reg_lambda': 0.9103690507440987}. Best is trial 6 with value: 0.6620327600396293.
[I 2026-04-10 04:45:31,675] Trial 7 finished with value: 0.6561596222689442 and parameters: {'n_estimators': 829, 'max_depth': 9, 'learning_rate': 0.010567580642263368, 'subsample': 0.6347423474011826, 'colsample_bytree': 0.8952336908934417, 'min_child_weight': 1, 'reg_alpha': 0.1602870446254938, 'reg_lambda': 0.8331044103116321}. Best is trial 6 with value: 0.6620327600396293.
[I 2026-04-10 04:45:43,545] Trial 8 finished with value: 0.6291775989912448 and parameters: {'n_estimators': 500, 'max_depth': 5, 'learning_rate': 0.19912837321745164, 'subsample': 0.9539082099008496, 'colsample_bytree': 0.9169345140609286, 'min_child_weight': 1, 'reg_alpha': 0.692754687409193, 'reg_lambda': 0.8246524708283564}. Best is trial 6 with value: 0.6620327600396293.
[I 2026-04-10 04:45:57,351] Trial 9 finished with value: 0.6609742190038239 and parameters: {'n_estimators': 428, 'max_depth': 7, 'learning_rate': 0.013933008265612548, 'subsample': 0.8862618720250632, 'colsample_bytree': 0.7294423399065665, 'min_child_weight': 8, 'reg_alpha': 0.7488362032718232, 'reg_lambda': 0.42901357475665913}. Best is trial 6 with value: 0.6620327600396293.
[I 2026-04-10 04:46:00,206] Trial 10 finished with value: 0.6503716789478209 and parameters: {'n_estimators': 105, 'max_depth': 3, 'learning_rate': 0.028566474922612786, 'subsample': 0.6022033846080868, 'colsample_bytree': 0.83694088046809, 'min_child_weight': 3, 'reg_alpha': 0.5398365485837994, 'reg_lambda': 0.6694088588449019}. Best is trial 6 with value: 0.6620327600396293.
[I 2026-04-10 04:46:03,484] Trial 11 finished with value: 0.653106457927497 and parameters: {'n_estimators': 101, 'max_depth': 5, 'learning_rate': 0.014278033991246074, 'subsample': 0.9163118325089823, 'colsample_bytree': 0.6368553797830938, 'min_child_weight': 4, 'reg_alpha': 0.5721263436197312, 'reg_lambda': 0.5337884630995253}. Best is trial 6 with value: 0.6620327600396293.
[I 2026-04-10 04:46:17,059] Trial 12 finished with value: 0.6631383767875109 and parameters: {'n_estimators': 607, 'max_depth': 3, 'learning_rate': 0.023624924007721135, 'subsample': 0.8797203210818992, 'colsample_bytree': 0.7603987747851007, 'min_child_weight': 3, 'reg_alpha': 0.7252487337878216, 'reg_lambda': 0.9994511910088357}. Best is trial 12 with value: 0.6631383767875109.
[I 2026-04-10 04:46:32,834] Trial 13 finished with value: 0.6636058854571192 and parameters: {'n_estimators': 700, 'max_depth': 3, 'learning_rate': 0.031138714331801577, 'subsample': 0.8274192548686616, 'colsample_bytree': 0.7869365528132732, 'min_child_weight': 3, 'reg_alpha': 0.6704862899881793, 'reg_lambda': 0.9831343048681556}. Best is trial 13 with value: 0.6636058854571192.
[I 2026-04-10 04:46:48,493] Trial 14 finished with value: 0.6636394348992722 and parameters: {'n_estimators': 684, 'max_depth': 3, 'learning_rate': 0.025646017402584573, 'subsample': 0.8392151617280126, 'colsample_bytree': 0.7770713430490369, 'min_child_weight': 3, 'reg_alpha': 0.6804220557066846, 'reg_lambda': 0.9720602084671541}. Best is trial 14 with value: 0.6636394348992722.
[I 2026-04-10 04:47:06,717] Trial 15 finished with value: 0.6628026223247828 and parameters: {'n_estimators': 741, 'max_depth': 4, 'learning_rate': 0.027516366200393667, 'subsample': 0.8253219886368013, 'colsample_bytree': 0.7854358872797034, 'min_child_weight': 2, 'reg_alpha': 0.9896752811726365, 'reg_lambda': 0.6317910893065237}. Best is trial 14 with value: 0.6636394348992722.
[I 2026-04-10 04:47:23,554] Trial 16 finished with value: 0.6625957451052074 and parameters: {'n_estimators': 730, 'max_depth': 3, 'learning_rate': 0.020383637185081238, 'subsample': 0.9857308534053097, 'colsample_bytree': 0.6084281516673464, 'min_child_weight': 5, 'reg_alpha': 0.6409048722632827, 'reg_lambda': 0.6894358093844527}. Best is trial 14 with value: 0.6636394348992722.
[I 2026-04-10 04:47:40,543] Trial 17 finished with value: 0.6622019932000961 and parameters: {'n_estimators': 697, 'max_depth': 4, 'learning_rate': 0.03794425932306721, 'subsample': 0.8380448722108575, 'colsample_bytree': 0.8772272108643085, 'min_child_weight': 4, 'reg_alpha': 0.37543622176501856, 'reg_lambda': 0.995677657906986}. Best is trial 14 with value: 0.6636394348992722.
[I 2026-04-10 04:48:00,346] Trial 18 finished with value: 0.654746471719752 and parameters: {'n_estimators': 839, 'max_depth': 4, 'learning_rate': 0.06893078158288965, 'subsample': 0.9134580941491128, 'colsample_bytree': 0.6820989507244761, 'min_child_weight': 2, 'reg_alpha': 0.05035896047730565, 'reg_lambda': 0.02342740280295197}. Best is trial 14 with value: 0.6636394348992722.
[I 2026-04-10 04:48:25,027] Trial 19 finished with value: 0.658876462533611 and parameters: {'n_estimators': 858, 'max_depth': 6, 'learning_rate': 0.01800891038189491, 'subsample': 0.7986416993435252, 'colsample_bytree': 0.7948392567485423, 'min_child_weight': 4, 'reg_alpha': 0.8456520349846616, 'reg_lambda': 0.7237349614154835}. Best is trial 14 with value: 0.6636394348992722.
[I 2026-04-10 04:48:54,147] Trial 20 finished with value: 0.6393421553726839 and parameters: {'n_estimators': 643, 'max_depth': 10, 'learning_rate': 0.059598027136556785, 'subsample': 0.6771954205728787, 'colsample_bytree': 0.8492692650147255, 'min_child_weight': 2, 'reg_alpha': 0.4521538908740653, 'reg_lambda': 0.5928344607982712}. Best is trial 14 with value: 0.6636394348992722.
[I 2026-04-10 04:49:07,222] Trial 21 finished with value: 0.6637881660814942 and parameters: {'n_estimators': 550, 'max_depth': 3, 'learning_rate': 0.02781252921035739, 'subsample': 0.8709075540989358, 'colsample_bytree': 0.7730982436457642, 'min_child_weight': 3, 'reg_alpha': 0.7565306943744243, 'reg_lambda': 0.9950037504589979}. Best is trial 21 with value: 0.6637881660814942.
[I 2026-04-10 04:49:20,030] Trial 22 finished with value: 0.6636420889705448 and parameters: {'n_estimators': 539, 'max_depth': 3, 'learning_rate': 0.03155877401578911, 'subsample': 0.8540513898269319, 'colsample_bytree': 0.7668041678962018, 'min_child_weight': 3, 'reg_alpha': 0.7783193246072088, 'reg_lambda': 0.9295961277785052}. Best is trial 21 with value: 0.6637881660814942.
[I 2026-04-10 04:49:32,311] Trial 23 finished with value: 0.6629856170305422 and parameters: {'n_estimators': 490, 'max_depth': 4, 'learning_rate': 0.03703390664355081, 'subsample': 0.9032978959652943, 'colsample_bytree': 0.7462589706484632, 'min_child_weight': 4, 'reg_alpha': 0.7893869353952242, 'reg_lambda': 0.7461018996037324}. Best is trial 21 with value: 0.6637881660814942.
[I 2026-04-10 04:49:41,822] Trial 24 finished with value: 0.6578749530728829 and parameters: {'n_estimators': 387, 'max_depth': 3, 'learning_rate': 0.017404758432229384, 'subsample': 0.9393679607394188, 'colsample_bytree': 0.7108269707929404, 'min_child_weight': 1, 'reg_alpha': 0.929206577848793, 'reg_lambda': 0.9128008701652774}. Best is trial 21 with value: 0.6637881660814942.
[I 2026-04-10 04:49:55,259] Trial 25 finished with value: 0.6639707356405334 and parameters: {'n_estimators': 533, 'max_depth': 4, 'learning_rate': 0.024809351145698596, 'subsample': 0.8612160637287317, 'colsample_bytree': 0.7747982336923263, 'min_child_weight': 6, 'reg_alpha': 0.6180959432546882, 'reg_lambda': 0.9151431026247016}. Best is trial 25 with value: 0.6639707356405334.
[I 2026-04-10 04:50:08,610] Trial 26 finished with value: 0.6622153997685155 and parameters: {'n_estimators': 529, 'max_depth': 4, 'learning_rate': 0.0359387130098498, 'subsample': 0.870440695986369, 'colsample_bytree': 0.6785143086329959, 'min_child_weight': 6, 'reg_alpha': 0.602881941006326, 'reg_lambda': 0.74510779744227}. Best is trial 25 with value: 0.6639707356405334.
[I 2026-04-10 04:50:20,048] Trial 27 finished with value: 0.6612693905291444 and parameters: {'n_estimators': 336, 'max_depth': 6, 'learning_rate': 0.010192153584814047, 'subsample': 0.9519235089327561, 'colsample_bytree': 0.8109529976594037, 'min_child_weight': 5, 'reg_alpha': 0.7796483183548344, 'reg_lambda': 0.9031711344301525}. Best is trial 25 with value: 0.6639707356405334.
[I 2026-04-10 04:50:33,804] Trial 28 finished with value: 0.6585563229256646 and parameters: {'n_estimators': 565, 'max_depth': 4, 'learning_rate': 0.066076415687696, 'subsample': 0.7672497495039582, 'colsample_bytree': 0.8708960411084147, 'min_child_weight': 7, 'reg_alpha': 0.4624360392653015, 'reg_lambda': 0.7803394718149353}. Best is trial 25 with value: 0.6639707356405334.
[I 2026-04-10 04:50:46,574] Trial 29 finished with value: 0.6634096905648434 and parameters: {'n_estimators': 449, 'max_depth': 5, 'learning_rate': 0.022054594511346757, 'subsample': 0.8041000771167502, 'colsample_bytree': 0.7266145446390214, 'min_child_weight': 6, 'reg_alpha': 0.971498802911126, 'reg_lambda': 0.9122364727050317}. Best is trial 25 with value: 0.6639707356405334.
[optuna] Best params: {'n_estimators': 533, 'max_depth': 4, 'learning_rate': 0.024809351145698596, 'subsample': 0.8612160637287317, 'colsample_bytree': 0.7747982336923263, 'min_child_weight': 6, 'reg_alpha': 0.6180959432546882, 'reg_lambda': 0.9151431026247016}
[wf] steals: auc_raw=0.719 brier_raw=0.200 auc_cal=0.713 brier_cal=0.189 folds=5
[optuna] Optimizing hyperparameters for steals regression...
[I 2026-04-10 05:01:34,294] A new study created in memory with name: no-name-44aba1bf-3085-4704-abeb-1effe1a355b6
[I 2026-04-10 05:01:35,640] Trial 0 finished with value: 0.984222061438503 and parameters: {'n_estimators': 227, 'max_depth': 3, 'learning_rate': 0.1222179318047989, 'subsample': 0.8597031422117463, 'colsample_bytree': 0.8229168425505421, 'min_child_weight': 10, 'reg_alpha': 0.2886411719783367, 'reg_lambda': 0.6642514889673488}. Best is trial 0 with value: 0.984222061438503.
[I 2026-04-10 05:01:37,204] Trial 1 finished with value: 1.0863059531025316 and parameters: {'n_estimators': 132, 'max_depth': 8, 'learning_rate': 0.27987280945906456, 'subsample': 0.8354437053953148, 'colsample_bytree': 0.6261902075504003, 'min_child_weight': 3, 'reg_alpha': 0.43368860156041955, 'reg_lambda': 0.46310939188882505}. Best is trial 0 with value: 0.984222061438503.
[I 2026-04-10 05:01:38,069] Trial 2 finished with value: 0.9870028033894607 and parameters: {'n_estimators': 136, 'max_depth': 3, 'learning_rate': 0.1515612397414344, 'subsample': 0.7869539253353268, 'colsample_bytree': 0.987093378667374, 'min_child_weight': 8, 'reg_alpha': 0.376303012262158, 'reg_lambda': 0.5320467100402435}. Best is trial 0 with value: 0.984222061438503.
[I 2026-04-10 05:01:42,163] Trial 3 finished with value: 0.9885575198027744 and parameters: {'n_estimators': 522, 'max_depth': 6, 'learning_rate': 0.019128862098316785, 'subsample': 0.8900755329579536, 'colsample_bytree': 0.7686044349459594, 'min_child_weight': 4, 'reg_alpha': 0.9790078358908236, 'reg_lambda': 0.7343658901997555}. Best is trial 0 with value: 0.984222061438503.
[I 2026-04-10 05:01:45,349] Trial 4 finished with value: 1.0428521747289656 and parameters: {'n_estimators': 378, 'max_depth': 6, 'learning_rate': 0.14132302526626128, 'subsample': 0.6906821255567794, 'colsample_bytree': 0.7554985049994154, 'min_child_weight': 9, 'reg_alpha': 0.23590660552531573, 'reg_lambda': 0.8199683105280167}. Best is trial 0 with value: 0.984222061438503.
[I 2026-04-10 05:01:47,955] Trial 5 finished with value: 0.9878536245588511 and parameters: {'n_estimators': 460, 'max_depth': 3, 'learning_rate': 0.07476228599824522, 'subsample': 0.9424079783718126, 'colsample_bytree': 0.7637709237572124, 'min_child_weight': 4, 'reg_alpha': 0.025062732442104663, 'reg_lambda': 0.3259241416888531}. Best is trial 0 with value: 0.984222061438503.
[I 2026-04-10 05:01:54,931] Trial 6 finished with value: 1.0954348506107103 and parameters: {'n_estimators': 856, 'max_depth': 6, 'learning_rate': 0.15986055880815597, 'subsample': 0.8794958460850031, 'colsample_bytree': 0.9658883128047209, 'min_child_weight': 3, 'reg_alpha': 0.03736295551868152, 'reg_lambda': 0.08194187699157096}. Best is trial 0 with value: 0.984222061438503.
[I 2026-04-10 05:02:12,373] Trial 7 finished with value: 1.0198687061148353 and parameters: {'n_estimators': 793, 'max_depth': 10, 'learning_rate': 0.03191624597790636, 'subsample': 0.9066846656824645, 'colsample_bytree': 0.8025908432165223, 'min_child_weight': 1, 'reg_alpha': 0.33457895609702426, 'reg_lambda': 0.4753801515601985}. Best is trial 0 with value: 0.984222061438503.
[I 2026-04-10 05:02:13,620] Trial 8 finished with value: 0.9993893638352305 and parameters: {'n_estimators': 172, 'max_depth': 4, 'learning_rate': 0.16431055165005212, 'subsample': 0.6531432283424672, 'colsample_bytree': 0.678935189060042, 'min_child_weight': 4, 'reg_alpha': 0.34540344234808396, 'reg_lambda': 0.4229933181473279}. Best is trial 0 with value: 0.984222061438503.
[I 2026-04-10 05:02:18,836] Trial 9 finished with value: 0.9922505124050696 and parameters: {'n_estimators': 557, 'max_depth': 7, 'learning_rate': 0.027412321094480625, 'subsample': 0.7200037505532341, 'colsample_bytree': 0.7263399061970389, 'min_child_weight': 8, 'reg_alpha': 0.9502667585415387, 'reg_lambda': 0.35249710860650596}. Best is trial 0 with value: 0.984222061438503.
[I 2026-04-10 05:02:20,929] Trial 10 finished with value: 0.9817556508033037 and parameters: {'n_estimators': 287, 'max_depth': 4, 'learning_rate': 0.010916180467839647, 'subsample': 0.9967525882279765, 'colsample_bytree': 0.8734526890088202, 'min_child_weight': 10, 'reg_alpha': 0.6401702533187446, 'reg_lambda': 0.9788222881446307}. Best is trial 10 with value: 0.9817556508033037.
[I 2026-04-10 05:02:23,188] Trial 11 finished with value: 0.9815477383456372 and parameters: {'n_estimators': 322, 'max_depth': 4, 'learning_rate': 0.013588091867488328, 'subsample': 0.987601310471539, 'colsample_bytree': 0.8730069596034882, 'min_child_weight': 10, 'reg_alpha': 0.6676791798509851, 'reg_lambda': 0.9976776461755579}. Best is trial 11 with value: 0.9815477383456372.
[I 2026-04-10 05:02:25,926] Trial 12 finished with value: 0.982116605871355 and parameters: {'n_estimators': 340, 'max_depth': 5, 'learning_rate': 0.01066618756450469, 'subsample': 0.9793704832910527, 'colsample_bytree': 0.8830526296002414, 'min_child_weight': 7, 'reg_alpha': 0.6923796337650936, 'reg_lambda': 0.9785867902195434}. Best is trial 11 with value: 0.9815477383456372.
[I 2026-04-10 05:02:30,218] Trial 13 finished with value: 0.9828916023212789 and parameters: {'n_estimators': 657, 'max_depth': 4, 'learning_rate': 0.010604471240236278, 'subsample': 0.9989215980997543, 'colsample_bytree': 0.8776695068301881, 'min_child_weight': 10, 'reg_alpha': 0.6750765604160999, 'reg_lambda': 0.9728500763769935}. Best is trial 11 with value: 0.9815477383456372.
[I 2026-04-10 05:02:32,575] Trial 14 finished with value: 0.9836147223695568 and parameters: {'n_estimators': 301, 'max_depth': 5, 'learning_rate': 0.01740962029955343, 'subsample': 0.9438923048719723, 'colsample_bytree': 0.9081681805927483, 'min_child_weight': 6, 'reg_alpha': 0.6206920184253675, 'reg_lambda': 0.8551401049820205}. Best is trial 11 with value: 0.9815477383456372.
[I 2026-04-10 05:02:35,292] Trial 15 finished with value: 0.9888876399944837 and parameters: {'n_estimators': 422, 'max_depth': 4, 'learning_rate': 0.04985266804728798, 'subsample': 0.7733288366339616, 'colsample_bytree': 0.9301634717718958, 'min_child_weight': 10, 'reg_alpha': 0.8130685980139762, 'reg_lambda': 0.9969773766495926}. Best is trial 11 with value: 0.9815477383456372.
[I 2026-04-10 05:02:48,379] Trial 16 finished with value: 1.0003270663926218 and parameters: {'n_estimators': 969, 'max_depth': 9, 'learning_rate': 0.01607072966760953, 'subsample': 0.9564493568452573, 'colsample_bytree': 0.8512756512667432, 'min_child_weight': 8, 'reg_alpha': 0.5318817333706181, 'reg_lambda': 0.6632107363888935}. Best is trial 11 with value: 0.9815477383456372.
[I 2026-04-10 05:02:50,488] Trial 17 finished with value: 0.9870993435840365 and parameters: {'n_estimators': 273, 'max_depth': 5, 'learning_rate': 0.035362253263652284, 'subsample': 0.9972999835303288, 'colsample_bytree': 0.9292207005615095, 'min_child_weight': 6, 'reg_alpha': 0.8253177619468671, 'reg_lambda': 0.8758958584912311}. Best is trial 11 with value: 0.9815477383456372.
[I 2026-04-10 05:02:56,526] Trial 18 finished with value: 0.9869119542716381 and parameters: {'n_estimators': 629, 'max_depth': 7, 'learning_rate': 0.012946591250072763, 'subsample': 0.8345327349963894, 'colsample_bytree': 0.8388946390283043, 'min_child_weight': 9, 'reg_alpha': 0.5492999733389471, 'reg_lambda': 0.09062542132949702}. Best is trial 11 with value: 0.9815477383456372.
[I 2026-04-10 05:02:58,391] Trial 19 finished with value: 0.9828901691687129 and parameters: {'n_estimators': 267, 'max_depth': 4, 'learning_rate': 0.02392568482502453, 'subsample': 0.918601185965798, 'colsample_bytree': 0.9486822150687146, 'min_child_weight': 9, 'reg_alpha': 0.7854283908216799, 'reg_lambda': 0.757956053838659}. Best is trial 11 with value: 0.9815477383456372.
[I 2026-04-10 05:03:01,845] Trial 20 finished with value: 0.9935994677757074 and parameters: {'n_estimators': 460, 'max_depth': 5, 'learning_rate': 0.043733748153385744, 'subsample': 0.6151811130386994, 'colsample_bytree': 0.8776369801845534, 'min_child_weight': 7, 'reg_alpha': 0.1667652918593726, 'reg_lambda': 0.5850505443498393}. Best is trial 11 with value: 0.9815477383456372.
[I 2026-04-10 05:03:04,619] Trial 21 finished with value: 0.9821413443273127 and parameters: {'n_estimators': 342, 'max_depth': 5, 'learning_rate': 0.010119446858081532, 'subsample': 0.9700276778336292, 'colsample_bytree': 0.8866858095709709, 'min_child_weight': 7, 'reg_alpha': 0.6842536420777323, 'reg_lambda': 0.9328763935157712}. Best is trial 11 with value: 0.9815477383456372.
[I 2026-04-10 05:03:06,239] Trial 22 finished with value: 0.9819848431922718 and parameters: {'n_estimators': 214, 'max_depth': 4, 'learning_rate': 0.01456724267909687, 'subsample': 0.9974183698758706, 'colsample_bytree': 0.8531712944251416, 'min_child_weight': 10, 'reg_alpha': 0.731241989901182, 'reg_lambda': 0.902805968766506}. Best is trial 11 with value: 0.9815477383456372.
[I 2026-04-10 05:03:07,635] Trial 23 finished with value: 0.9817726325316422 and parameters: {'n_estimators': 207, 'max_depth': 3, 'learning_rate': 0.015582071679853498, 'subsample': 0.9238878964949406, 'colsample_bytree': 0.8468029853157646, 'min_child_weight': 10, 'reg_alpha': 0.5941465871587726, 'reg_lambda': 0.8940416729219797}. Best is trial 11 with value: 0.9815477383456372.
[I 2026-04-10 05:03:08,453] Trial 24 finished with value: 0.9823502912949963 and parameters: {'n_estimators': 107, 'max_depth': 3, 'learning_rate': 0.02153812801076719, 'subsample': 0.9253089243918229, 'colsample_bytree': 0.8141101799287792, 'min_child_weight': 9, 'reg_alpha': 0.5971877893999653, 'reg_lambda': 0.793629213597305}. Best is trial 11 with value: 0.9815477383456372.
[I 2026-04-10 05:03:09,940] Trial 25 finished with value: 0.9822506831456581 and parameters: {'n_estimators': 217, 'max_depth': 3, 'learning_rate': 0.0134164054504825, 'subsample': 0.9563556905895466, 'colsample_bytree': 0.915161903009209, 'min_child_weight': 10, 'reg_alpha': 0.4906698122610962, 'reg_lambda': 0.8979222699589929}. Best is trial 11 with value: 0.9815477383456372.
[I 2026-04-10 05:03:12,450] Trial 26 finished with value: 0.9908751037051374 and parameters: {'n_estimators': 390, 'max_depth': 4, 'learning_rate': 0.0742607285642866, 'subsample': 0.9169022408256796, 'colsample_bytree': 0.7776526943340755, 'min_child_weight': 9, 'reg_alpha': 0.8918614904240516, 'reg_lambda': 0.6685815882475642}. Best is trial 11 with value: 0.9815477383456372.
[I 2026-04-10 05:03:14,339] Trial 27 finished with value: 0.9809813704435577 and parameters: {'n_estimators': 303, 'max_depth': 3, 'learning_rate': 0.021706586758267605, 'subsample': 0.8683507292798174, 'colsample_bytree': 0.8377186447183844, 'min_child_weight': 8, 'reg_alpha': 0.4654907458006271, 'reg_lambda': 0.20110265000163108}. Best is trial 27 with value: 0.9809813704435577.
[I 2026-04-10 05:03:16,428] Trial 28 finished with value: 0.9825434647582965 and parameters: {'n_estimators': 307, 'max_depth': 4, 'learning_rate': 0.02565434480385155, 'subsample': 0.7550173642132361, 'colsample_bytree': 0.7238853483469789, 'min_child_weight': 8, 'reg_alpha': 0.4612142721640901, 'reg_lambda': 0.20303558939919583}. Best is trial 27 with value: 0.9809813704435577.
[I 2026-04-10 05:03:19,436] Trial 29 finished with value: 0.9878139741715894 and parameters: {'n_estimators': 526, 'max_depth': 3, 'learning_rate': 0.07148602304702574, 'subsample': 0.8175812855480803, 'colsample_bytree': 0.8231758972455754, 'min_child_weight': 9, 'reg_alpha': 0.42258472490878873, 'reg_lambda': 0.004223268609932218}. Best is trial 27 with value: 0.9809813704435577.
[optuna] Best params: {'n_estimators': 303, 'max_depth': 3, 'learning_rate': 0.021706586758267605, 'subsample': 0.8683507292798174, 'colsample_bytree': 0.8377186447183844, 'min_child_weight': 8, 'reg_alpha': 0.4654907458006271, 'reg_lambda': 0.20110265000163108}
[optuna] Optimizing hyperparameters for steals classification...
[I 2026-04-10 05:10:00,849] A new study created in memory with name: no-name-9aa95ade-c60e-49ca-ab35-cf25e80dc674
[I 2026-04-10 05:10:24,966] Trial 0 finished with value: 0.7227990229633239 and parameters: {'n_estimators': 986, 'max_depth': 7, 'learning_rate': 0.16647288409563288, 'subsample': 0.9389586693925505, 'colsample_bytree': 0.6733166358705005, 'min_child_weight': 4, 'reg_alpha': 0.032118718917119704, 'reg_lambda': 0.8915727835750019}. Best is trial 0 with value: 0.7227990229633239.
[I 2026-04-10 05:10:48,049] Trial 1 finished with value: 0.7427571432466842 and parameters: {'n_estimators': 982, 'max_depth': 6, 'learning_rate': 0.03900299961057952, 'subsample': 0.8845746571856802, 'colsample_bytree': 0.7426042996483336, 'min_child_weight': 6, 'reg_alpha': 0.330033089564142, 'reg_lambda': 0.41318034437000717}. Best is trial 1 with value: 0.7427571432466842.
[I 2026-04-10 05:10:54,539] Trial 2 finished with value: 0.752568641034224 and parameters: {'n_estimators': 274, 'max_depth': 5, 'learning_rate': 0.071957006123766, 'subsample': 0.7982887294355085, 'colsample_bytree': 0.6160580386117354, 'min_child_weight': 10, 'reg_alpha': 0.8913900129491976, 'reg_lambda': 0.05184437892167837}. Best is trial 2 with value: 0.752568641034224.
[I 2026-04-10 05:11:29,363] Trial 3 finished with value: 0.7234000154674749 and parameters: {'n_estimators': 943, 'max_depth': 9, 'learning_rate': 0.13943066957791608, 'subsample': 0.723470053506585, 'colsample_bytree': 0.9551340941437804, 'min_child_weight': 2, 'reg_alpha': 0.7691134081242627, 'reg_lambda': 0.3355840099245333}. Best is trial 2 with value: 0.752568641034224.
[I 2026-04-10 05:11:42,124] Trial 4 finished with value: 0.7533327002168269 and parameters: {'n_estimators': 491, 'max_depth': 6, 'learning_rate': 0.021666201595965582, 'subsample': 0.8974142136598704, 'colsample_bytree': 0.9212202449565232, 'min_child_weight': 1, 'reg_alpha': 0.49972918357842566, 'reg_lambda': 0.06405387625773018}. Best is trial 4 with value: 0.7533327002168269.
[I 2026-04-10 05:11:49,568] Trial 5 finished with value: 0.7505652915501513 and parameters: {'n_estimators': 347, 'max_depth': 4, 'learning_rate': 0.10491202489736307, 'subsample': 0.614002664202973, 'colsample_bytree': 0.8033516605842325, 'min_child_weight': 1, 'reg_alpha': 0.9987254397559681, 'reg_lambda': 0.04651472098351861}. Best is trial 4 with value: 0.7533327002168269.
[I 2026-04-10 05:11:54,302] Trial 6 finished with value: 0.7417302016319361 and parameters: {'n_estimators': 215, 'max_depth': 4, 'learning_rate': 0.23114116474776433, 'subsample': 0.761641112678432, 'colsample_bytree': 0.853296937813009, 'min_child_weight': 4, 'reg_alpha': 0.7085040227833429, 'reg_lambda': 0.7860064513746603}. Best is trial 4 with value: 0.7533327002168269.
[I 2026-04-10 05:12:09,151] Trial 7 finished with value: 0.7311867784587436 and parameters: {'n_estimators': 771, 'max_depth': 3, 'learning_rate': 0.24150504859929237, 'subsample': 0.9522791353643267, 'colsample_bytree': 0.9863471781574448, 'min_child_weight': 6, 'reg_alpha': 0.8752252838636831, 'reg_lambda': 0.3290015788583257}. Best is trial 4 with value: 0.7533327002168269.
[I 2026-04-10 05:12:24,496] Trial 8 finished with value: 0.7234139021101584 and parameters: {'n_estimators': 505, 'max_depth': 8, 'learning_rate': 0.2404815871629868, 'subsample': 0.9909896252985625, 'colsample_bytree': 0.9191606627163136, 'min_child_weight': 4, 'reg_alpha': 0.729511634811085, 'reg_lambda': 0.9025171446937041}. Best is trial 4 with value: 0.7533327002168269.
[I 2026-04-10 05:12:32,137] Trial 9 finished with value: 0.7340736486880384 and parameters: {'n_estimators': 357, 'max_depth': 4, 'learning_rate': 0.2016539668918122, 'subsample': 0.814183504905407, 'colsample_bytree': 0.8277404724779354, 'min_child_weight': 2, 'reg_alpha': 0.16843336876528947, 'reg_lambda': 0.320626838707901}. Best is trial 4 with value: 0.7533327002168269.
[I 2026-04-10 05:12:56,156] Trial 10 finished with value: 0.7497538426567575 and parameters: {'n_estimators': 604, 'max_depth': 10, 'learning_rate': 0.012634113660254322, 'subsample': 0.8820500058028614, 'colsample_bytree': 0.8938473940023153, 'min_child_weight': 9, 'reg_alpha': 0.4879180916916695, 'reg_lambda': 0.6499248056029179}. Best is trial 4 with value: 0.7533327002168269.
[I 2026-04-10 05:12:59,916] Trial 11 finished with value: 0.7550672082947039 and parameters: {'n_estimators': 111, 'max_depth': 6, 'learning_rate': 0.03808232891895403, 'subsample': 0.8252850746346606, 'colsample_bytree': 0.629800432245754, 'min_child_weight': 10, 'reg_alpha': 0.5112205731388639, 'reg_lambda': 0.002944737201011585}. Best is trial 11 with value: 0.7550672082947039.
[I 2026-04-10 05:13:03,672] Trial 12 finished with value: 0.7554363884809153 and parameters: {'n_estimators': 111, 'max_depth': 6, 'learning_rate': 0.026535054345621773, 'subsample': 0.8633885492458411, 'colsample_bytree': 0.7327404051027355, 'min_child_weight': 8, 'reg_alpha': 0.512699237341036, 'reg_lambda': 0.16198265637851778}. Best is trial 12 with value: 0.7554363884809153.
[I 2026-04-10 05:13:07,502] Trial 13 finished with value: 0.7545289143054869 and parameters: {'n_estimators': 106, 'max_depth': 7, 'learning_rate': 0.03418481914830592, 'subsample': 0.6927464038829452, 'colsample_bytree': 0.720304852538617, 'min_child_weight': 8, 'reg_alpha': 0.32866220486246706, 'reg_lambda': 0.16137441453560858}. Best is trial 12 with value: 0.7554363884809153.
[I 2026-04-10 05:13:11,744] Trial 14 finished with value: 0.75340441946664 and parameters: {'n_estimators': 107, 'max_depth': 8, 'learning_rate': 0.01873455507098551, 'subsample': 0.8279273689572528, 'colsample_bytree': 0.6106882181353025, 'min_child_weight': 8, 'reg_alpha': 0.6038677502238181, 'reg_lambda': 0.19265269944606173}. Best is trial 12 with value: 0.7554363884809153.
[I 2026-04-10 05:13:16,681] Trial 15 finished with value: 0.7542976132604686 and parameters: {'n_estimators': 184, 'max_depth': 5, 'learning_rate': 0.054090790211363454, 'subsample': 0.8475200446113557, 'colsample_bytree': 0.6840797039236081, 'min_child_weight': 10, 'reg_alpha': 0.4047622018252475, 'reg_lambda': 0.5702636287664098}. Best is trial 12 with value: 0.7554363884809153.
[I 2026-04-10 05:13:27,051] Trial 16 finished with value: 0.7517998804914238 and parameters: {'n_estimators': 372, 'max_depth': 6, 'learning_rate': 0.028552409224493147, 'subsample': 0.7558969570873848, 'colsample_bytree': 0.7698834883067117, 'min_child_weight': 8, 'reg_alpha': 0.593587587987803, 'reg_lambda': 0.1879423587050854}. Best is trial 12 with value: 0.7554363884809153.
[I 2026-04-10 05:13:48,549] Trial 17 finished with value: 0.7528352434176256 and parameters: {'n_estimators': 647, 'max_depth': 8, 'learning_rate': 0.01142534058749916, 'subsample': 0.6667603081862858, 'colsample_bytree': 0.6655554318104827, 'min_child_weight': 7, 'reg_alpha': 0.2260167152305384, 'reg_lambda': 0.18070472232892715}. Best is trial 12 with value: 0.7554363884809153.
[I 2026-04-10 05:13:55,007] Trial 18 finished with value: 0.7526719475478645 and parameters: {'n_estimators': 250, 'max_depth': 5, 'learning_rate': 0.052901884157473406, 'subsample': 0.7783347756487562, 'colsample_bytree': 0.7214912983205699, 'min_child_weight': 9, 'reg_alpha': 0.555874072412572, 'reg_lambda': 0.025332886783221174}. Best is trial 12 with value: 0.7554363884809153.
[I 2026-04-10 05:13:58,394] Trial 19 finished with value: 0.7519309426603306 and parameters: {'n_estimators': 100, 'max_depth': 7, 'learning_rate': 0.07896607946374957, 'subsample': 0.8547619145572862, 'colsample_bytree': 0.6406831836389074, 'min_child_weight': 10, 'reg_alpha': 0.4130110908257316, 'reg_lambda': 0.5017802986700682}. Best is trial 12 with value: 0.7554363884809153.
[I 2026-04-10 05:14:07,931] Trial 20 finished with value: 0.7555310209849914 and parameters: {'n_estimators': 428, 'max_depth': 3, 'learning_rate': 0.02146530906668515, 'subsample': 0.9253882724273469, 'colsample_bytree': 0.7677694999371445, 'min_child_weight': 7, 'reg_alpha': 0.6345749154810634, 'reg_lambda': 0.2685221962755473}. Best is trial 20 with value: 0.7555310209849914.
[I 2026-04-10 05:14:17,209] Trial 21 finished with value: 0.7557621163455011 and parameters: {'n_estimators': 416, 'max_depth': 3, 'learning_rate': 0.01893375378342131, 'subsample': 0.9274065113580142, 'colsample_bytree': 0.7567698021073224, 'min_child_weight': 7, 'reg_alpha': 0.6308427437027633, 'reg_lambda': 0.2607841884542715}. Best is trial 21 with value: 0.7557621163455011.
[I 2026-04-10 05:14:26,946] Trial 22 finished with value: 0.7557523140094894 and parameters: {'n_estimators': 435, 'max_depth': 3, 'learning_rate': 0.017279145498924547, 'subsample': 0.9325409100967622, 'colsample_bytree': 0.7643906726132716, 'min_child_weight': 7, 'reg_alpha': 0.6613821598193405, 'reg_lambda': 0.2845314753714785}. Best is trial 21 with value: 0.7557621163455011.
[I 2026-04-10 05:14:36,994] Trial 23 finished with value: 0.7555505786434131 and parameters: {'n_estimators': 435, 'max_depth': 3, 'learning_rate': 0.014846122083714525, 'subsample': 0.9453151267661777, 'colsample_bytree': 0.7824769774007931, 'min_child_weight': 5, 'reg_alpha': 0.6608928259103485, 'reg_lambda': 0.42000312027419423}. Best is trial 21 with value: 0.7557621163455011.
[I 2026-04-10 05:14:51,295] Trial 24 finished with value: 0.7556734369387751 and parameters: {'n_estimators': 663, 'max_depth': 3, 'learning_rate': 0.014866866063523434, 'subsample': 0.9924075061816127, 'colsample_bytree': 0.841519850246145, 'min_child_weight': 5, 'reg_alpha': 0.8043853406004687, 'reg_lambda': 0.43516259028799464}. Best is trial 21 with value: 0.7557621163455011.
[I 2026-04-10 05:15:05,527] Trial 25 finished with value: 0.7554428352210862 and parameters: {'n_estimators': 660, 'max_depth': 3, 'learning_rate': 0.015915836847807775, 'subsample': 0.9917903741936787, 'colsample_bytree': 0.8609432109493422, 'min_child_weight': 5, 'reg_alpha': 0.8250395164900788, 'reg_lambda': 0.42786418731415793}. Best is trial 21 with value: 0.7557621163455011.
[I 2026-04-10 05:15:23,354] Trial 26 finished with value: 0.7558460943920295 and parameters: {'n_estimators': 738, 'max_depth': 4, 'learning_rate': 0.01060940883329254, 'subsample': 0.9718417912031686, 'colsample_bytree': 0.8188059611250774, 'min_child_weight': 7, 'reg_alpha': 0.9486769282773356, 'reg_lambda': 0.6213903170506386}. Best is trial 26 with value: 0.7558460943920295.
[I 2026-04-10 05:15:42,760] Trial 27 finished with value: 0.7554196927755139 and parameters: {'n_estimators': 817, 'max_depth': 4, 'learning_rate': 0.011573013093751772, 'subsample': 0.9125928902485658, 'colsample_bytree': 0.8128581799162992, 'min_child_weight': 7, 'reg_alpha': 0.892437788313015, 'reg_lambda': 0.7016374528671885}. Best is trial 26 with value: 0.7558460943920295.
[I 2026-04-10 05:15:59,872] Trial 28 finished with value: 0.7533830047709403 and parameters: {'n_estimators': 752, 'max_depth': 4, 'learning_rate': 0.025410336552329858, 'subsample': 0.9728412812005761, 'colsample_bytree': 0.7022373943533312, 'min_child_weight': 6, 'reg_alpha': 0.9397893649812425, 'reg_lambda': 0.5816269264984126}. Best is trial 26 with value: 0.7558460943920295.
[I 2026-04-10 05:16:15,131] Trial 29 finished with value: 0.7557010809367366 and parameters: {'n_estimators': 556, 'max_depth': 5, 'learning_rate': 0.010899017823523843, 'subsample': 0.9575230301243992, 'colsample_bytree': 0.877477310319214, 'min_child_weight': 7, 'reg_alpha': 0.017293626831771103, 'reg_lambda': 0.7909288729178505}. Best is trial 26 with value: 0.7558460943920295.
[optuna] Best params: {'n_estimators': 738, 'max_depth': 4, 'learning_rate': 0.01060940883329254, 'subsample': 0.9718417912031686, 'colsample_bytree': 0.8188059611250774, 'min_child_weight': 7, 'reg_alpha': 0.9486769282773356, 'reg_lambda': 0.6213903170506386}
[wf] blocks: auc_raw=0.721 brier_raw=0.166 auc_cal=0.712 brier_cal=0.159 folds=5
[optuna] Optimizing hyperparameters for blocks regression...
[I 2026-04-10 05:25:51,652] A new study created in memory with name: no-name-af112a96-7fd2-42e0-9c0c-775255257aeb
[I 2026-04-10 05:26:05,296] Trial 0 finished with value: 0.8730724199365741 and parameters: {'n_estimators': 786, 'max_depth': 10, 'learning_rate': 0.2505552928954823, 'subsample': 0.6832787046937733, 'colsample_bytree': 0.988774302914446, 'min_child_weight': 5, 'reg_alpha': 0.801923473898233, 'reg_lambda': 0.0764099674397124}. Best is trial 0 with value: 0.8730724199365741.
[I 2026-04-10 05:26:06,884] Trial 1 finished with value: 0.7846678618665478 and parameters: {'n_estimators': 110, 'max_depth': 9, 'learning_rate': 0.03194513729167394, 'subsample': 0.7437786491407201, 'colsample_bytree': 0.735285433399128, 'min_child_weight': 9, 'reg_alpha': 0.51014402040003, 'reg_lambda': 0.49073501636663475}. Best is trial 1 with value: 0.7846678618665478.
[I 2026-04-10 05:26:11,420] Trial 2 finished with value: 0.7810874697097582 and parameters: {'n_estimators': 755, 'max_depth': 4, 'learning_rate': 0.01688492694882197, 'subsample': 0.6287024974159565, 'colsample_bytree': 0.9319977362732914, 'min_child_weight': 10, 'reg_alpha': 0.6106041403864159, 'reg_lambda': 0.7207825529274098}. Best is trial 2 with value: 0.7810874697097582.
[I 2026-04-10 05:26:23,523] Trial 3 finished with value: 0.8104513787411829 and parameters: {'n_estimators': 741, 'max_depth': 10, 'learning_rate': 0.03475711525949676, 'subsample': 0.933506663503291, 'colsample_bytree': 0.9659280357504831, 'min_child_weight': 7, 'reg_alpha': 0.2225092944027217, 'reg_lambda': 0.0567679484956114}. Best is trial 2 with value: 0.7810874697097582.
[I 2026-04-10 05:26:29,292] Trial 4 finished with value: 0.7798959278789312 and parameters: {'n_estimators': 956, 'max_depth': 4, 'learning_rate': 0.014486640525650539, 'subsample': 0.6867005780438953, 'colsample_bytree': 0.7621552169326492, 'min_child_weight': 3, 'reg_alpha': 0.8620968881891158, 'reg_lambda': 0.07153227732224166}. Best is trial 4 with value: 0.7798959278789312.
[I 2026-04-10 05:26:31,554] Trial 5 finished with value: 0.7896416839349667 and parameters: {'n_estimators': 403, 'max_depth': 3, 'learning_rate': 0.109890953361445, 'subsample': 0.8658874895173624, 'colsample_bytree': 0.7619723380798392, 'min_child_weight': 2, 'reg_alpha': 0.1084989918382937, 'reg_lambda': 0.5973373030118531}. Best is trial 4 with value: 0.7798959278789312.
[I 2026-04-10 05:26:34,863] Trial 6 finished with value: 0.7800178829096022 and parameters: {'n_estimators': 272, 'max_depth': 8, 'learning_rate': 0.010323718348232785, 'subsample': 0.6048427652303814, 'colsample_bytree': 0.6366946608576531, 'min_child_weight': 2, 'reg_alpha': 0.6148187053847887, 'reg_lambda': 0.4762920666434196}. Best is trial 4 with value: 0.7798959278789312.
[I 2026-04-10 05:26:36,517] Trial 7 finished with value: 0.7792602051936116 and parameters: {'n_estimators': 246, 'max_depth': 4, 'learning_rate': 0.023854582642956743, 'subsample': 0.7796447694497596, 'colsample_bytree': 0.6391227322518472, 'min_child_weight': 8, 'reg_alpha': 0.9103223199955598, 'reg_lambda': 0.41774427811320824}. Best is trial 7 with value: 0.7792602051936116.
[I 2026-04-10 05:26:40,775] Trial 8 finished with value: 0.8567967360088421 and parameters: {'n_estimators': 348, 'max_depth': 8, 'learning_rate': 0.27442970100732017, 'subsample': 0.9414104506349534, 'colsample_bytree': 0.8774578906484758, 'min_child_weight': 7, 'reg_alpha': 0.6019495566592421, 'reg_lambda': 0.6763077649959491}. Best is trial 7 with value: 0.7792602051936116.
[I 2026-04-10 05:26:45,514] Trial 9 finished with value: 0.7811420096868535 and parameters: {'n_estimators': 873, 'max_depth': 3, 'learning_rate': 0.03344724069923154, 'subsample': 0.7184730113726144, 'colsample_bytree': 0.8258107290727101, 'min_child_weight': 2, 'reg_alpha': 0.7743174853026313, 'reg_lambda': 0.7940380302824167}. Best is trial 7 with value: 0.7792602051936116.
[I 2026-04-10 05:26:49,842] Trial 10 finished with value: 0.7951366043749865 and parameters: {'n_estimators': 560, 'max_depth': 6, 'learning_rate': 0.05872588038787421, 'subsample': 0.8323899380721863, 'colsample_bytree': 0.6250643545735561, 'min_child_weight': 8, 'reg_alpha': 0.9632754125155178, 'reg_lambda': 0.3056111467443965}. Best is trial 7 with value: 0.7792602051936116.
[I 2026-04-10 05:26:53,746] Trial 11 finished with value: 0.7813082437060228 and parameters: {'n_estimators': 540, 'max_depth': 5, 'learning_rate': 0.01606274999630262, 'subsample': 0.7842731652503324, 'colsample_bytree': 0.7142910254056347, 'min_child_weight': 4, 'reg_alpha': 0.9512142636535965, 'reg_lambda': 0.2678965479368224}. Best is trial 7 with value: 0.7792602051936116.
[I 2026-04-10 05:27:00,537] Trial 12 finished with value: 0.7856403680731612 and parameters: {'n_estimators': 969, 'max_depth': 5, 'learning_rate': 0.01793118650319134, 'subsample': 0.6777785158981451, 'colsample_bytree': 0.6882375536391842, 'min_child_weight': 4, 'reg_alpha': 0.7724884448887417, 'reg_lambda': 0.24627528000495574}. Best is trial 7 with value: 0.7792602051936116.
[I 2026-04-10 05:27:01,509] Trial 13 finished with value: 0.7882917812955899 and parameters: {'n_estimators': 103, 'max_depth': 5, 'learning_rate': 0.01092078124888156, 'subsample': 0.7801807776038878, 'colsample_bytree': 0.8027772849875302, 'min_child_weight': 5, 'reg_alpha': 0.30574215756234635, 'reg_lambda': 0.3743032880013137}. Best is trial 7 with value: 0.7792602051936116.
[I 2026-04-10 05:27:05,105] Trial 14 finished with value: 0.790719324556509 and parameters: {'n_estimators': 590, 'max_depth': 4, 'learning_rate': 0.05963711026129323, 'subsample': 0.8549647378987206, 'colsample_bytree': 0.6564754703590863, 'min_child_weight': 1, 'reg_alpha': 0.9973953982356856, 'reg_lambda': 0.15036341236679174}. Best is trial 7 with value: 0.7792602051936116.
[I 2026-04-10 05:27:07,266] Trial 15 finished with value: 0.7811228540042032 and parameters: {'n_estimators': 252, 'max_depth': 6, 'learning_rate': 0.02502190385913954, 'subsample': 0.6767918536992914, 'colsample_bytree': 0.8573634193473246, 'min_child_weight': 7, 'reg_alpha': 0.839389314094277, 'reg_lambda': 0.956129321490619}. Best is trial 7 with value: 0.7792602051936116.
[I 2026-04-10 05:27:10,136] Trial 16 finished with value: 0.7793539073697188 and parameters: {'n_estimators': 452, 'max_depth': 4, 'learning_rate': 0.023691430972453513, 'subsample': 0.9995881947759103, 'colsample_bytree': 0.6025760537750074, 'min_child_weight': 4, 'reg_alpha': 0.6913966947486745, 'reg_lambda': 0.1621807677350336}. Best is trial 7 with value: 0.7792602051936116.
[I 2026-04-10 05:27:14,161] Trial 17 finished with value: 0.8137572977739104 and parameters: {'n_estimators': 459, 'max_depth': 7, 'learning_rate': 0.10889397075627615, 'subsample': 0.9946888548759631, 'colsample_bytree': 0.6094213442855306, 'min_child_weight': 6, 'reg_alpha': 0.37101068997807474, 'reg_lambda': 0.4059157329612469}. Best is trial 7 with value: 0.7792602051936116.
[I 2026-04-10 05:27:15,510] Trial 18 finished with value: 0.7787531649062518 and parameters: {'n_estimators': 211, 'max_depth': 3, 'learning_rate': 0.02497193801543867, 'subsample': 0.9133678566383421, 'colsample_bytree': 0.6671979776005559, 'min_child_weight': 10, 'reg_alpha': 0.6890744000598237, 'reg_lambda': 0.2119821772773447}. Best is trial 18 with value: 0.7787531649062518.
[I 2026-04-10 05:27:16,829] Trial 19 finished with value: 0.7775930911894386 and parameters: {'n_estimators': 213, 'max_depth': 3, 'learning_rate': 0.047357096580736516, 'subsample': 0.9010649841099758, 'colsample_bytree': 0.6692028402443944, 'min_child_weight': 10, 'reg_alpha': 0.4786255447841003, 'reg_lambda': 0.5929326481348001}. Best is trial 19 with value: 0.7775930911894386.
[I 2026-04-10 05:27:17,902] Trial 20 finished with value: 0.7783026226445645 and parameters: {'n_estimators': 169, 'max_depth': 3, 'learning_rate': 0.0844323553969764, 'subsample': 0.90903839118738, 'colsample_bytree': 0.687360921607722, 'min_child_weight': 10, 'reg_alpha': 0.4469968726505521, 'reg_lambda': 0.8537815876747775}. Best is trial 19 with value: 0.7775930911894386.
[I 2026-04-10 05:27:19,087] Trial 21 finished with value: 0.7781084808042181 and parameters: {'n_estimators': 189, 'max_depth': 3, 'learning_rate': 0.08082199997653856, 'subsample': 0.9073073552123956, 'colsample_bytree': 0.6943918914239066, 'min_child_weight': 10, 'reg_alpha': 0.4656286326692963, 'reg_lambda': 0.9219789669648556}. Best is trial 19 with value: 0.7775930911894386.
[I 2026-04-10 05:27:20,223] Trial 22 finished with value: 0.7791981103639228 and parameters: {'n_estimators': 184, 'max_depth': 3, 'learning_rate': 0.10966301526479814, 'subsample': 0.8999576232400073, 'colsample_bytree': 0.6999764121979096, 'min_child_weight': 9, 'reg_alpha': 0.44156708841441294, 'reg_lambda': 0.9856561179120306}. Best is trial 19 with value: 0.7775930911894386.
[I 2026-04-10 05:27:21,219] Trial 23 finished with value: 0.7781129705306286 and parameters: {'n_estimators': 154, 'max_depth': 3, 'learning_rate': 0.07891575398160189, 'subsample': 0.9629536778054447, 'colsample_bytree': 0.7439789991506338, 'min_child_weight': 10, 'reg_alpha': 0.4761510015394413, 'reg_lambda': 0.8681461568583799}. Best is trial 19 with value: 0.7775930911894386.
[I 2026-04-10 05:27:23,550] Trial 24 finished with value: 0.814455983874365 and parameters: {'n_estimators': 334, 'max_depth': 5, 'learning_rate': 0.18888952407584073, 'subsample': 0.9620674197242463, 'colsample_bytree': 0.7454858766572259, 'min_child_weight': 9, 'reg_alpha': 0.2700056053002343, 'reg_lambda': 0.8858218918374894}. Best is trial 19 with value: 0.7775930911894386.
[I 2026-04-10 05:27:25,360] Trial 25 finished with value: 0.7781511687423541 and parameters: {'n_estimators': 304, 'max_depth': 3, 'learning_rate': 0.04481781477536077, 'subsample': 0.8798604917462636, 'colsample_bytree': 0.7115660850207012, 'min_child_weight': 10, 'reg_alpha': 0.5168244751344646, 'reg_lambda': 0.5865477320351825}. Best is trial 19 with value: 0.7775930911894386.
[I 2026-04-10 05:27:26,426] Trial 26 finished with value: 0.7812380590942071 and parameters: {'n_estimators': 150, 'max_depth': 4, 'learning_rate': 0.07686201050795892, 'subsample': 0.8254581313010062, 'colsample_bytree': 0.780253162706009, 'min_child_weight': 8, 'reg_alpha': 0.3866676845649456, 'reg_lambda': 0.7639289216253786}. Best is trial 19 with value: 0.7775930911894386.
[I 2026-04-10 05:27:29,156] Trial 27 finished with value: 0.8167956347145523 and parameters: {'n_estimators': 350, 'max_depth': 6, 'learning_rate': 0.15602038582569747, 'subsample': 0.959604960562405, 'colsample_bytree': 0.668227850813845, 'min_child_weight': 9, 'reg_alpha': 0.19085008229104, 'reg_lambda': 0.9027980037463891}. Best is trial 19 with value: 0.7775930911894386.
[I 2026-04-10 05:27:32,801] Trial 28 finished with value: 0.7811416604584409 and parameters: {'n_estimators': 655, 'max_depth': 3, 'learning_rate': 0.04529383969534546, 'subsample': 0.9647014158759737, 'colsample_bytree': 0.7273746122197131, 'min_child_weight': 10, 'reg_alpha': 0.02686360285843792, 'reg_lambda': 0.6355900348565937}. Best is trial 19 with value: 0.7775930911894386.
[I 2026-04-10 05:27:34,882] Trial 29 finished with value: 0.7977236813479008 and parameters: {'n_estimators': 215, 'max_depth': 7, 'learning_rate': 0.07983213543467946, 'subsample': 0.826671406213745, 'colsample_bytree': 0.8061380529442841, 'min_child_weight': 8, 'reg_alpha': 0.5494687114497877, 'reg_lambda': 0.8112047324890466}. Best is trial 19 with value: 0.7775930911894386.
[optuna] Best params: {'n_estimators': 213, 'max_depth': 3, 'learning_rate': 0.047357096580736516, 'subsample': 0.9010649841099758, 'colsample_bytree': 0.6692028402443944, 'min_child_weight': 10, 'reg_alpha': 0.4786255447841003, 'reg_lambda': 0.5929326481348001}
[optuna] Optimizing hyperparameters for blocks classification...
[I 2026-04-10 05:33:21,978] A new study created in memory with name: no-name-a484a4c5-e58d-49cc-bedb-cca98ff951d9
[I 2026-04-10 05:33:45,149] Trial 0 finished with value: 0.7319388021110987 and parameters: {'n_estimators': 864, 'max_depth': 9, 'learning_rate': 0.03273015304037704, 'subsample': 0.6912662057701393, 'colsample_bytree': 0.8954482698085815, 'min_child_weight': 9, 'reg_alpha': 0.11137978644015967, 'reg_lambda': 0.13860459037654627}. Best is trial 0 with value: 0.7319388021110987.
[I 2026-04-10 05:33:52,388] Trial 1 finished with value: 0.7523756776803348 and parameters: {'n_estimators': 375, 'max_depth': 4, 'learning_rate': 0.056023647034234764, 'subsample': 0.9799263368140686, 'colsample_bytree': 0.7941471763099022, 'min_child_weight': 8, 'reg_alpha': 0.4650707925467471, 'reg_lambda': 0.3919272887326024}. Best is trial 1 with value: 0.7523756776803348.
[I 2026-04-10 05:34:01,579] Trial 2 finished with value: 0.7486577025846609 and parameters: {'n_estimators': 432, 'max_depth': 5, 'learning_rate': 0.05758045538789267, 'subsample': 0.9108587787931417, 'colsample_bytree': 0.8957770783412242, 'min_child_weight': 4, 'reg_alpha': 0.9653311568088787, 'reg_lambda': 0.7775388151217744}. Best is trial 1 with value: 0.7523756776803348.
[I 2026-04-10 05:34:28,913] Trial 3 finished with value: 0.720190719671974 and parameters: {'n_estimators': 870, 'max_depth': 10, 'learning_rate': 0.13608166480505166, 'subsample': 0.9216812811549719, 'colsample_bytree': 0.6390802360772486, 'min_child_weight': 5, 'reg_alpha': 0.4770540042881941, 'reg_lambda': 0.7693982935913766}. Best is trial 1 with value: 0.7523756776803348.
[I 2026-04-10 05:34:37,512] Trial 4 finished with value: 0.7507713563557823 and parameters: {'n_estimators': 488, 'max_depth': 3, 'learning_rate': 0.0854902238978108, 'subsample': 0.7490217465097201, 'colsample_bytree': 0.8653035823121469, 'min_child_weight': 3, 'reg_alpha': 0.3335453361791788, 'reg_lambda': 0.9753383969295767}. Best is trial 1 with value: 0.7523756776803348.
[I 2026-04-10 05:34:54,423] Trial 5 finished with value: 0.7047377349969003 and parameters: {'n_estimators': 524, 'max_depth': 10, 'learning_rate': 0.29041713349705855, 'subsample': 0.6009524560093864, 'colsample_bytree': 0.874950346077113, 'min_child_weight': 9, 'reg_alpha': 0.6420854728276525, 'reg_lambda': 0.8499262772320008}. Best is trial 1 with value: 0.7523756776803348.
[I 2026-04-10 05:35:10,229] Trial 6 finished with value: 0.7449705798221514 and parameters: {'n_estimators': 799, 'max_depth': 5, 'learning_rate': 0.03972334368374428, 'subsample': 0.6409072641114432, 'colsample_bytree': 0.8358166563533836, 'min_child_weight': 10, 'reg_alpha': 0.5030071662178395, 'reg_lambda': 0.9851612073973701}. Best is trial 1 with value: 0.7523756776803348.
[I 2026-04-10 05:35:18,510] Trial 7 finished with value: 0.751853973563431 and parameters: {'n_estimators': 381, 'max_depth': 4, 'learning_rate': 0.013095620079321206, 'subsample': 0.7088255166834443, 'colsample_bytree': 0.800108548747146, 'min_child_weight': 5, 'reg_alpha': 0.22706422890076006, 'reg_lambda': 0.46581891304842904}. Best is trial 1 with value: 0.7523756776803348.
[I 2026-04-10 05:35:29,659] Trial 8 finished with value: 0.7415572667138096 and parameters: {'n_estimators': 659, 'max_depth': 3, 'learning_rate': 0.13656841646166007, 'subsample': 0.6792026542361191, 'colsample_bytree': 0.955044023525077, 'min_child_weight': 9, 'reg_alpha': 0.6921861878495603, 'reg_lambda': 0.8133036565914602}. Best is trial 1 with value: 0.7523756776803348.
[I 2026-04-10 05:35:49,177] Trial 9 finished with value: 0.7150313489289379 and parameters: {'n_estimators': 895, 'max_depth': 6, 'learning_rate': 0.12349038641942615, 'subsample': 0.7859121795423967, 'colsample_bytree': 0.9753260345068917, 'min_child_weight': 7, 'reg_alpha': 0.41842561854831883, 'reg_lambda': 0.145578048446535}. Best is trial 1 with value: 0.7523756776803348.
[I 2026-04-10 05:35:53,756] Trial 10 finished with value: 0.7476792456201117 and parameters: {'n_estimators': 139, 'max_depth': 7, 'learning_rate': 0.01671986574925245, 'subsample': 0.9943190881955086, 'colsample_bytree': 0.6928983390001583, 'min_child_weight': 7, 'reg_alpha': 0.003671031268409952, 'reg_lambda': 0.4343687437396069}. Best is trial 1 with value: 0.7523756776803348.
[I 2026-04-10 05:36:00,645] Trial 11 finished with value: 0.7514063073618545 and parameters: {'n_estimators': 288, 'max_depth': 4, 'learning_rate': 0.014768440027225336, 'subsample': 0.8520309970056258, 'colsample_bytree': 0.7562255020155645, 'min_child_weight': 6, 'reg_alpha': 0.27132204423812223, 'reg_lambda': 0.41823411231229696}. Best is trial 1 with value: 0.7523756776803348.
[I 2026-04-10 05:36:10,579] Trial 12 finished with value: 0.7499195361161524 and parameters: {'n_estimators': 314, 'max_depth': 7, 'learning_rate': 0.010166981063035352, 'subsample': 0.753690474909129, 'colsample_bytree': 0.770923530322578, 'min_child_weight': 1, 'reg_alpha': 0.19038534730649725, 'reg_lambda': 0.2968563813807785}. Best is trial 1 with value: 0.7523756776803348.
[I 2026-04-10 05:36:17,406] Trial 13 finished with value: 0.7531103704758156 and parameters: {'n_estimators': 312, 'max_depth': 4, 'learning_rate': 0.028018071814698307, 'subsample': 0.9993110754513066, 'colsample_bytree': 0.728695057106215, 'min_child_weight': 7, 'reg_alpha': 0.6075181313530404, 'reg_lambda': 0.5895491368918041}. Best is trial 13 with value: 0.7531103704758156.
[I 2026-04-10 05:36:21,284] Trial 14 finished with value: 0.7509634822486702 and parameters: {'n_estimators': 138, 'max_depth': 5, 'learning_rate': 0.026697645967959694, 'subsample': 0.9887743619047402, 'colsample_bytree': 0.6955831884410657, 'min_child_weight': 7, 'reg_alpha': 0.7889536643482484, 'reg_lambda': 0.6522449500147292}. Best is trial 13 with value: 0.7531103704758156.
[I 2026-04-10 05:36:33,346] Trial 15 finished with value: 0.7481913251922363 and parameters: {'n_estimators': 621, 'max_depth': 4, 'learning_rate': 0.058623820662398005, 'subsample': 0.9314772025050574, 'colsample_bytree': 0.7138904348154402, 'min_child_weight': 8, 'reg_alpha': 0.6047755930603191, 'reg_lambda': 0.6457891101408668}. Best is trial 13 with value: 0.7531103704758156.
[I 2026-04-10 05:36:40,806] Trial 16 finished with value: 0.7508054937132127 and parameters: {'n_estimators': 265, 'max_depth': 6, 'learning_rate': 0.020521359977603636, 'subsample': 0.857247586762488, 'colsample_bytree': 0.7412192129780043, 'min_child_weight': 10, 'reg_alpha': 0.8313868317805324, 'reg_lambda': 0.27935807352546116}. Best is trial 13 with value: 0.7531103704758156.
[I 2026-04-10 05:36:45,100] Trial 17 finished with value: 0.7532727966756323 and parameters: {'n_estimators': 209, 'max_depth': 3, 'learning_rate': 0.04321043680955516, 'subsample': 0.9525790058670206, 'colsample_bytree': 0.6232311917712141, 'min_child_weight': 6, 'reg_alpha': 0.524094112710507, 'reg_lambda': 0.5929174013729677}. Best is trial 17 with value: 0.7532727966756323.
[I 2026-04-10 05:36:49,352] Trial 18 finished with value: 0.7509764974763906 and parameters: {'n_estimators': 194, 'max_depth': 3, 'learning_rate': 0.0274457032688693, 'subsample': 0.858616905092035, 'colsample_bytree': 0.6118703204663694, 'min_child_weight': 3, 'reg_alpha': 0.5668812388935949, 'reg_lambda': 0.582341360148791}. Best is trial 17 with value: 0.7532727966756323.
[I 2026-04-10 05:36:56,303] Trial 19 finished with value: 0.7468037770479005 and parameters: {'n_estimators': 225, 'max_depth': 8, 'learning_rate': 0.04359542818471186, 'subsample': 0.9489943887206691, 'colsample_bytree': 0.6576891065994092, 'min_child_weight': 6, 'reg_alpha': 0.731401730908197, 'reg_lambda': 0.558945644067381}. Best is trial 17 with value: 0.7532727966756323.
[I 2026-04-10 05:37:07,553] Trial 20 finished with value: 0.7489279390545392 and parameters: {'n_estimators': 623, 'max_depth': 3, 'learning_rate': 0.0869659466500862, 'subsample': 0.8865290913295089, 'colsample_bytree': 0.6553023247162704, 'min_child_weight': 4, 'reg_alpha': 0.884606318547738, 'reg_lambda': 0.7010158470002976}. Best is trial 17 with value: 0.7532727966756323.
[I 2026-04-10 05:37:15,077] Trial 21 finished with value: 0.7491776393200884 and parameters: {'n_estimators': 355, 'max_depth': 4, 'learning_rate': 0.07232842251169667, 'subsample': 0.9669074554269514, 'colsample_bytree': 0.8031171873383407, 'min_child_weight': 8, 'reg_alpha': 0.38374098885141095, 'reg_lambda': 0.32432242048907295}. Best is trial 17 with value: 0.7532727966756323.
[I 2026-04-10 05:37:24,251] Trial 22 finished with value: 0.7504157668869939 and parameters: {'n_estimators': 417, 'max_depth': 5, 'learning_rate': 0.0417560121232138, 'subsample': 0.9963784510935112, 'colsample_bytree': 0.6131795806907987, 'min_child_weight': 8, 'reg_alpha': 0.5180815353975694, 'reg_lambda': 0.5271113821418595}. Best is trial 17 with value: 0.7532727966756323.
[I 2026-04-10 05:37:29,464] Trial 23 finished with value: 0.7513967404490801 and parameters: {'n_estimators': 205, 'max_depth': 4, 'learning_rate': 0.021297889925355817, 'subsample': 0.9569705773302383, 'colsample_bytree': 0.7175915768780192, 'min_child_weight': 6, 'reg_alpha': 0.4200562799296915, 'reg_lambda': 0.35861350747067555}. Best is trial 17 with value: 0.7532727966756323.
[I 2026-04-10 05:37:38,121] Trial 24 finished with value: 0.7535502371460939 and parameters: {'n_estimators': 461, 'max_depth': 3, 'learning_rate': 0.04894717659285674, 'subsample': 0.8954055571200006, 'colsample_bytree': 0.8296497732173382, 'min_child_weight': 7, 'reg_alpha': 0.5848959792526851, 'reg_lambda': 0.011225792899644482}. Best is trial 24 with value: 0.7535502371460939.
[I 2026-04-10 05:37:47,308] Trial 25 finished with value: 0.7536715909372521 and parameters: {'n_estimators': 478, 'max_depth': 3, 'learning_rate': 0.03222112356605469, 'subsample': 0.892156946246787, 'colsample_bytree': 0.8456330187076633, 'min_child_weight': 7, 'reg_alpha': 0.6709181801708454, 'reg_lambda': 0.059205615475366014}. Best is trial 25 with value: 0.7536715909372521.
[I 2026-04-10 05:37:57,794] Trial 26 finished with value: 0.7531072391368954 and parameters: {'n_estimators': 568, 'max_depth': 3, 'learning_rate': 0.043212400662688825, 'subsample': 0.8178038295610441, 'colsample_bytree': 0.8290648081565873, 'min_child_weight': 5, 'reg_alpha': 0.6959490388351718, 'reg_lambda': 0.038294972251494794}. Best is trial 25 with value: 0.7536715909372521.
[I 2026-04-10 05:38:06,684] Trial 27 finished with value: 0.7540057220896366 and parameters: {'n_estimators': 464, 'max_depth': 3, 'learning_rate': 0.035665396955746234, 'subsample': 0.8821711527168244, 'colsample_bytree': 0.9286486240475614, 'min_child_weight': 6, 'reg_alpha': 0.7827088267711126, 'reg_lambda': 0.06989502666981531}. Best is trial 27 with value: 0.7540057220896366.
[I 2026-04-10 05:38:19,664] Trial 28 finished with value: 0.7539402137109997 and parameters: {'n_estimators': 700, 'max_depth': 3, 'learning_rate': 0.020804880071617248, 'subsample': 0.8890628146579752, 'colsample_bytree': 0.9343287264630015, 'min_child_weight': 4, 'reg_alpha': 0.9724032461856622, 'reg_lambda': 0.008193051788339761}. Best is trial 27 with value: 0.7540057220896366.
[I 2026-04-10 05:38:42,386] Trial 29 finished with value: 0.7359859424014219 and parameters: {'n_estimators': 752, 'max_depth': 8, 'learning_rate': 0.03397512349248671, 'subsample': 0.8184583597001838, 'colsample_bytree': 0.9281457800196705, 'min_child_weight': 1, 'reg_alpha': 0.9819103277460595, 'reg_lambda': 0.20493274779610995}. Best is trial 27 with value: 0.7540057220896366.
[optuna] Best params: {'n_estimators': 464, 'max_depth': 3, 'learning_rate': 0.035665396955746234, 'subsample': 0.8821711527168244, 'colsample_bytree': 0.9286486240475614, 'min_child_weight': 6, 'reg_alpha': 0.7827088267711126, 'reg_lambda': 0.06989502666981531}
[wf] turnovers: auc_raw=0.729 brier_raw=0.210 auc_cal=0.722 brier_cal=0.203 folds=5
[optuna] Optimizing hyperparameters for turnovers regression...
[I 2026-04-10 05:50:12,799] A new study created in memory with name: no-name-553a9b7f-af5f-4bfd-ad5d-240340c04477
[I 2026-04-10 05:50:19,996] Trial 0 finished with value: 1.327339452527956 and parameters: {'n_estimators': 903, 'max_depth': 6, 'learning_rate': 0.08113621367886395, 'subsample': 0.8279565448531319, 'colsample_bytree': 0.9837391099063477, 'min_child_weight': 3, 'reg_alpha': 0.5517569312549895, 'reg_lambda': 0.6396673917826117}. Best is trial 0 with value: 1.327339452527956.
[I 2026-04-10 05:50:22,387] Trial 1 finished with value: 1.292147831557827 and parameters: {'n_estimators': 423, 'max_depth': 3, 'learning_rate': 0.20976384868286682, 'subsample': 0.82167134664222, 'colsample_bytree': 0.8035787484987589, 'min_child_weight': 1, 'reg_alpha': 0.39717755954646394, 'reg_lambda': 0.4497203273943501}. Best is trial 1 with value: 1.292147831557827.
[I 2026-04-10 05:50:28,795] Trial 2 finished with value: 1.2781047678443724 and parameters: {'n_estimators': 381, 'max_depth': 9, 'learning_rate': 0.018464764457034058, 'subsample': 0.7936190361532537, 'colsample_bytree': 0.8464194330761222, 'min_child_weight': 1, 'reg_alpha': 0.7932453711403097, 'reg_lambda': 0.7771455782075742}. Best is trial 2 with value: 1.2781047678443724.
[I 2026-04-10 05:50:32,430] Trial 3 finished with value: 1.2666548849565504 and parameters: {'n_estimators': 550, 'max_depth': 4, 'learning_rate': 0.013260978692366315, 'subsample': 0.7325828186607601, 'colsample_bytree': 0.7168154368503804, 'min_child_weight': 6, 'reg_alpha': 0.8739835519365599, 'reg_lambda': 0.22293410883978493}. Best is trial 3 with value: 1.2666548849565504.
[I 2026-04-10 05:50:36,622] Trial 4 finished with value: 1.2855299969333094 and parameters: {'n_estimators': 189, 'max_depth': 10, 'learning_rate': 0.02840919862735634, 'subsample': 0.9983129717475536, 'colsample_bytree': 0.9380815350478573, 'min_child_weight': 4, 'reg_alpha': 0.7888993816375144, 'reg_lambda': 0.13868845395701623}. Best is trial 3 with value: 1.2666548849565504.
[I 2026-04-10 05:50:40,011] Trial 5 finished with value: 1.267952630805951 and parameters: {'n_estimators': 407, 'max_depth': 5, 'learning_rate': 0.010450359796239211, 'subsample': 0.9576298643909259, 'colsample_bytree': 0.8146229590018563, 'min_child_weight': 1, 'reg_alpha': 0.6523008210788043, 'reg_lambda': 0.6157408534514349}. Best is trial 3 with value: 1.2666548849565504.
[I 2026-04-10 05:50:50,601] Trial 6 finished with value: 1.3550131983447309 and parameters: {'n_estimators': 650, 'max_depth': 9, 'learning_rate': 0.0825834524816858, 'subsample': 0.6003082748787761, 'colsample_bytree': 0.8987325466684233, 'min_child_weight': 5, 'reg_alpha': 0.7074841040230734, 'reg_lambda': 0.2524714898903615}. Best is trial 3 with value: 1.2666548849565504.
[I 2026-04-10 05:50:53,884] Trial 7 finished with value: 1.2684693030368406 and parameters: {'n_estimators': 430, 'max_depth': 5, 'learning_rate': 0.022617092572828908, 'subsample': 0.8035389474888731, 'colsample_bytree': 0.9984314810785934, 'min_child_weight': 8, 'reg_alpha': 0.383345436744676, 'reg_lambda': 0.7971543877719458}. Best is trial 3 with value: 1.2666548849565504.
[I 2026-04-10 05:51:06,514] Trial 8 finished with value: 1.3472441534563488 and parameters: {'n_estimators': 624, 'max_depth': 10, 'learning_rate': 0.1435600593557465, 'subsample': 0.9876479291695234, 'colsample_bytree': 0.9438161205477886, 'min_child_weight': 6, 'reg_alpha': 0.7235373008399743, 'reg_lambda': 0.18528166505278765}. Best is trial 3 with value: 1.2666548849565504.
[I 2026-04-10 05:51:16,321] Trial 9 finished with value: 1.328971552460679 and parameters: {'n_estimators': 810, 'max_depth': 8, 'learning_rate': 0.06494892938908614, 'subsample': 0.8318141748909663, 'colsample_bytree': 0.6705072771914226, 'min_child_weight': 1, 'reg_alpha': 0.4083834845263896, 'reg_lambda': 0.2225133189725551}. Best is trial 3 with value: 1.2666548849565504.
[I 2026-04-10 05:51:17,327] Trial 10 finished with value: 1.294800719819958 and parameters: {'n_estimators': 137, 'max_depth': 3, 'learning_rate': 0.010031420169401279, 'subsample': 0.6698084103677122, 'colsample_bytree': 0.6845059100410753, 'min_child_weight': 10, 'reg_alpha': 0.9906306646455854, 'reg_lambda': 0.97399770336171}. Best is trial 3 with value: 1.2666548849565504.
[I 2026-04-10 05:51:19,825] Trial 11 finished with value: 1.2699238280273437 and parameters: {'n_estimators': 301, 'max_depth': 5, 'learning_rate': 0.010795800353611239, 'subsample': 0.7181069268807865, 'colsample_bytree': 0.7281084792380702, 'min_child_weight': 7, 'reg_alpha': 0.07271113953125813, 'reg_lambda': 0.39209849186075135}. Best is trial 3 with value: 1.2666548849565504.
[I 2026-04-10 05:51:23,402] Trial 12 finished with value: 1.270965708366612 and parameters: {'n_estimators': 558, 'max_depth': 4, 'learning_rate': 0.03712889695055772, 'subsample': 0.908920281594266, 'colsample_bytree': 0.7516212230061777, 'min_child_weight': 3, 'reg_alpha': 0.9914716273768873, 'reg_lambda': 0.03786197555391538}. Best is trial 3 with value: 1.2666548849565504.
[I 2026-04-10 05:51:30,508] Trial 13 finished with value: 1.2719653728039204 and parameters: {'n_estimators': 756, 'max_depth': 7, 'learning_rate': 0.015229911994174969, 'subsample': 0.9209166282707093, 'colsample_bytree': 0.6061820252473924, 'min_child_weight': 9, 'reg_alpha': 0.5932115845481709, 'reg_lambda': 0.5933073332529153}. Best is trial 3 with value: 1.2666548849565504.
[I 2026-04-10 05:51:34,132] Trial 14 finished with value: 1.2749396172589091 and parameters: {'n_estimators': 500, 'max_depth': 5, 'learning_rate': 0.038535084506263396, 'subsample': 0.7317501456461278, 'colsample_bytree': 0.8205631065890757, 'min_child_weight': 6, 'reg_alpha': 0.9100043964360198, 'reg_lambda': 0.37058479235776387}. Best is trial 3 with value: 1.2666548849565504.
[I 2026-04-10 05:51:36,203] Trial 15 finished with value: 1.2702208363030543 and parameters: {'n_estimators': 282, 'max_depth': 4, 'learning_rate': 0.014728650593059632, 'subsample': 0.9008299429713025, 'colsample_bytree': 0.7544745506343635, 'min_child_weight': 3, 'reg_alpha': 0.12741856653911393, 'reg_lambda': 0.5603693798620641}. Best is trial 3 with value: 1.2666548849565504.
[I 2026-04-10 05:51:44,306] Trial 16 finished with value: 1.2845269886468347 and parameters: {'n_estimators': 985, 'max_depth': 6, 'learning_rate': 0.026799178048993025, 'subsample': 0.7439714934004081, 'colsample_bytree': 0.862992202650288, 'min_child_weight': 5, 'reg_alpha': 0.6205361861505236, 'reg_lambda': 0.7394207169174771}. Best is trial 3 with value: 1.2666548849565504.
[I 2026-04-10 05:51:48,817] Trial 17 finished with value: 1.265750126893303 and parameters: {'n_estimators': 692, 'max_depth': 4, 'learning_rate': 0.01344668313523899, 'subsample': 0.6681944535655825, 'colsample_bytree': 0.694695441411529, 'min_child_weight': 7, 'reg_alpha': 0.22979038376526512, 'reg_lambda': 0.33046472149920486}. Best is trial 17 with value: 1.265750126893303.
[I 2026-04-10 05:51:53,084] Trial 18 finished with value: 1.2781746220575223 and parameters: {'n_estimators': 687, 'max_depth': 4, 'learning_rate': 0.04514503196905457, 'subsample': 0.6426711324899236, 'colsample_bytree': 0.637489918418849, 'min_child_weight': 8, 'reg_alpha': 0.19953911961446297, 'reg_lambda': 0.29563309378087266}. Best is trial 17 with value: 1.265750126893303.
[I 2026-04-10 05:51:57,738] Trial 19 finished with value: 1.266663307577345 and parameters: {'n_estimators': 816, 'max_depth': 3, 'learning_rate': 0.016661615653097164, 'subsample': 0.6745757168904986, 'colsample_bytree': 0.7061084873261159, 'min_child_weight': 7, 'reg_alpha': 0.2730783567157713, 'reg_lambda': 0.013805965896579175}. Best is trial 17 with value: 1.265750126893303.
[I 2026-04-10 05:52:01,194] Trial 20 finished with value: 1.304108530118991 and parameters: {'n_estimators': 547, 'max_depth': 4, 'learning_rate': 0.1254527546954536, 'subsample': 0.7648211009085306, 'colsample_bytree': 0.6531692355734855, 'min_child_weight': 7, 'reg_alpha': 0.2646405548643212, 'reg_lambda': 0.11268281349959214}. Best is trial 17 with value: 1.265750126893303.
[I 2026-04-10 05:52:05,947] Trial 21 finished with value: 1.2659614926110023 and parameters: {'n_estimators': 827, 'max_depth': 3, 'learning_rate': 0.015500216305040625, 'subsample': 0.6825613213390432, 'colsample_bytree': 0.7155989054717532, 'min_child_weight': 7, 'reg_alpha': 0.28608914263971374, 'reg_lambda': 0.037075809959329686}. Best is trial 17 with value: 1.265750126893303.
[I 2026-04-10 05:52:10,227] Trial 22 finished with value: 1.2648870150496174 and parameters: {'n_estimators': 743, 'max_depth': 3, 'learning_rate': 0.02156420196946339, 'subsample': 0.6892389314409365, 'colsample_bytree': 0.7483372602606179, 'min_child_weight': 8, 'reg_alpha': 0.278189926546205, 'reg_lambda': 0.31872376346165043}. Best is trial 22 with value: 1.2648870150496174.
[I 2026-04-10 05:52:14,699] Trial 23 finished with value: 1.266337562872325 and parameters: {'n_estimators': 739, 'max_depth': 3, 'learning_rate': 0.022408195924821846, 'subsample': 0.6018268980736261, 'colsample_bytree': 0.7559415704884643, 'min_child_weight': 9, 'reg_alpha': 0.002060624329606131, 'reg_lambda': 0.34354835531989664}. Best is trial 22 with value: 1.2648870150496174.
[I 2026-04-10 05:52:19,828] Trial 24 finished with value: 1.2665708094160983 and parameters: {'n_estimators': 899, 'max_depth': 3, 'learning_rate': 0.0213769035089816, 'subsample': 0.6913523480900683, 'colsample_bytree': 0.76672973306059, 'min_child_weight': 8, 'reg_alpha': 0.31126961229989347, 'reg_lambda': 0.4363557372274176}. Best is trial 22 with value: 1.2648870150496174.
[I 2026-04-10 05:52:24,730] Trial 25 finished with value: 1.2688461852120754 and parameters: {'n_estimators': 879, 'max_depth': 3, 'learning_rate': 0.03138230341863034, 'subsample': 0.6333920263030868, 'colsample_bytree': 0.6895661006336663, 'min_child_weight': 10, 'reg_alpha': 0.16559964897336088, 'reg_lambda': 0.09497122283581039}. Best is trial 22 with value: 1.2648870150496174.
[I 2026-04-10 05:52:31,123] Trial 26 finished with value: 1.2668682705396903 and parameters: {'n_estimators': 995, 'max_depth': 4, 'learning_rate': 0.0129670772909567, 'subsample': 0.7027634056733197, 'colsample_bytree': 0.6237450172316934, 'min_child_weight': 9, 'reg_alpha': 0.483533734717216, 'reg_lambda': 0.5050024732223782}. Best is trial 22 with value: 1.2648870150496174.
[I 2026-04-10 05:52:37,101] Trial 27 finished with value: 1.2734784903006475 and parameters: {'n_estimators': 728, 'max_depth': 6, 'learning_rate': 0.019970440646654042, 'subsample': 0.6437504090292779, 'colsample_bytree': 0.781128689883474, 'min_child_weight': 7, 'reg_alpha': 0.3203370042920039, 'reg_lambda': 0.2867081081542333}. Best is trial 22 with value: 1.2648870150496174.
[I 2026-04-10 05:52:44,591] Trial 28 finished with value: 1.3109565303278194 and parameters: {'n_estimators': 789, 'max_depth': 7, 'learning_rate': 0.052136438297602825, 'subsample': 0.6699194375165057, 'colsample_bytree': 0.7226863542153187, 'min_child_weight': 8, 'reg_alpha': 0.2166179464093558, 'reg_lambda': 0.16085614747092097}. Best is trial 22 with value: 1.2648870150496174.
[I 2026-04-10 05:52:50,905] Trial 29 finished with value: 1.4689594630539655 and parameters: {'n_estimators': 853, 'max_depth': 5, 'learning_rate': 0.28678022547428633, 'subsample': 0.7565408188173567, 'colsample_bytree': 0.669814906563021, 'min_child_weight': 5, 'reg_alpha': 0.46990524297461844, 'reg_lambda': 0.7021722621485929}. Best is trial 22 with value: 1.2648870150496174.
[optuna] Best params: {'n_estimators': 743, 'max_depth': 3, 'learning_rate': 0.02156420196946339, 'subsample': 0.6892389314409365, 'colsample_bytree': 0.7483372602606179, 'min_child_weight': 8, 'reg_alpha': 0.278189926546205, 'reg_lambda': 0.31872376346165043}
[optuna] Optimizing hyperparameters for turnovers classification...
[I 2026-04-10 05:59:58,168] A new study created in memory with name: no-name-76ca012b-c848-415f-be7d-e61ee9a3f96b
[I 2026-04-10 06:00:20,977] Trial 0 finished with value: 0.7346062467036241 and parameters: {'n_estimators': 604, 'max_depth': 10, 'learning_rate': 0.04194236213207226, 'subsample': 0.7875111064088619, 'colsample_bytree': 0.9895624095154012, 'min_child_weight': 3, 'reg_alpha': 0.43416600220881696, 'reg_lambda': 0.7708261898403409}. Best is trial 0 with value: 0.7346062467036241.
[I 2026-04-10 06:00:48,909] Trial 1 finished with value: 0.7351776438358244 and parameters: {'n_estimators': 736, 'max_depth': 10, 'learning_rate': 0.033796461396469656, 'subsample': 0.6919173147344587, 'colsample_bytree': 0.7623749329305612, 'min_child_weight': 5, 'reg_alpha': 0.9779272222596006, 'reg_lambda': 0.898172236849997}. Best is trial 1 with value: 0.7351776438358244.
[I 2026-04-10 06:01:06,512] Trial 2 finished with value: 0.7461764410143162 and parameters: {'n_estimators': 445, 'max_depth': 9, 'learning_rate': 0.013748351151172511, 'subsample': 0.9655999999015502, 'colsample_bytree': 0.6936517066612155, 'min_child_weight': 6, 'reg_alpha': 0.3720007123224399, 'reg_lambda': 0.038329299206306455}. Best is trial 2 with value: 0.7461764410143162.
[I 2026-04-10 06:01:13,118] Trial 3 finished with value: 0.7495347414313196 and parameters: {'n_estimators': 286, 'max_depth': 4, 'learning_rate': 0.0713937859883098, 'subsample': 0.7542796053384655, 'colsample_bytree': 0.8996235919990874, 'min_child_weight': 10, 'reg_alpha': 0.24044781620723465, 'reg_lambda': 0.9367730683883693}. Best is trial 3 with value: 0.7495347414313196.
[I 2026-04-10 06:01:28,811] Trial 4 finished with value: 0.750327493767715 and parameters: {'n_estimators': 713, 'max_depth': 4, 'learning_rate': 0.027572895462866426, 'subsample': 0.6003642712762348, 'colsample_bytree': 0.68929481788263, 'min_child_weight': 1, 'reg_alpha': 0.7006957315204254, 'reg_lambda': 0.14246229942661248}. Best is trial 4 with value: 0.750327493767715.
[I 2026-04-10 06:01:45,037] Trial 5 finished with value: 0.7505814380357204 and parameters: {'n_estimators': 817, 'max_depth': 3, 'learning_rate': 0.02907850569731863, 'subsample': 0.9013678213354374, 'colsample_bytree': 0.9718968450457822, 'min_child_weight': 8, 'reg_alpha': 0.3637984613409351, 'reg_lambda': 0.4120861666758763}. Best is trial 5 with value: 0.7505814380357204.
[I 2026-04-10 06:02:05,134] Trial 6 finished with value: 0.721179063886138 and parameters: {'n_estimators': 822, 'max_depth': 6, 'learning_rate': 0.16644962517449724, 'subsample': 0.8637490797120218, 'colsample_bytree': 0.825595757749243, 'min_child_weight': 2, 'reg_alpha': 0.0992046539221596, 'reg_lambda': 0.2939333690260053}. Best is trial 5 with value: 0.7505814380357204.
[I 2026-04-10 06:02:09,899] Trial 7 finished with value: 0.7459181379412401 and parameters: {'n_estimators': 117, 'max_depth': 8, 'learning_rate': 0.026635088863343478, 'subsample': 0.9736479994639722, 'colsample_bytree': 0.7447423137488891, 'min_child_weight': 7, 'reg_alpha': 0.9563553312050878, 'reg_lambda': 0.7131873280331759}. Best is trial 5 with value: 0.7505814380357204.
[I 2026-04-10 06:02:30,313] Trial 8 finished with value: 0.736485797599669 and parameters: {'n_estimators': 497, 'max_depth': 10, 'learning_rate': 0.05108477717033977, 'subsample': 0.8381546807040349, 'colsample_bytree': 0.6212718680993623, 'min_child_weight': 1, 'reg_alpha': 0.07989433147483149, 'reg_lambda': 0.21217195924653853}. Best is trial 5 with value: 0.7505814380357204.
[I 2026-04-10 06:02:48,990] Trial 9 finished with value: 0.7232889057739228 and parameters: {'n_estimators': 551, 'max_depth': 9, 'learning_rate': 0.13062144805686648, 'subsample': 0.8154086010223348, 'colsample_bytree': 0.8559608710016674, 'min_child_weight': 5, 'reg_alpha': 0.18857757568909939, 'reg_lambda': 0.7632512516195241}. Best is trial 5 with value: 0.7505814380357204.
[I 2026-04-10 06:03:10,001] Trial 10 finished with value: 0.7498147721279317 and parameters: {'n_estimators': 969, 'max_depth': 3, 'learning_rate': 0.011560877322049898, 'subsample': 0.9159132503999969, 'colsample_bytree': 0.9997444922653869, 'min_child_weight': 10, 'reg_alpha': 0.6919747137271068, 'reg_lambda': 0.44983016839483814}. Best is trial 5 with value: 0.7505814380357204.
[I 2026-04-10 06:03:30,158] Trial 11 finished with value: 0.7492961786702182 and parameters: {'n_estimators': 808, 'max_depth': 5, 'learning_rate': 0.022717401524587958, 'subsample': 0.6215588977657283, 'colsample_bytree': 0.6011701066622324, 'min_child_weight': 8, 'reg_alpha': 0.6503454455956299, 'reg_lambda': 0.47041822709155573}. Best is trial 5 with value: 0.7505814380357204.
[I 2026-04-10 06:03:50,530] Trial 12 finished with value: 0.7441883705752674 and parameters: {'n_estimators': 991, 'max_depth': 3, 'learning_rate': 0.0876575606886269, 'subsample': 0.6035270402370759, 'colsample_bytree': 0.9223187672419151, 'min_child_weight': 8, 'reg_alpha': 0.6491395358562183, 'reg_lambda': 0.013363492209783195}. Best is trial 5 with value: 0.7505814380357204.
[I 2026-04-10 06:04:06,602] Trial 13 finished with value: 0.7096697837577359 and parameters: {'n_estimators': 658, 'max_depth': 5, 'learning_rate': 0.271738703853199, 'subsample': 0.7134372087248874, 'colsample_bytree': 0.6916175908656264, 'min_child_weight': 3, 'reg_alpha': 0.5404770324268299, 'reg_lambda': 0.2719727162116578}. Best is trial 5 with value: 0.7505814380357204.
[I 2026-04-10 06:04:26,876] Trial 14 finished with value: 0.7509199497622814 and parameters: {'n_estimators': 858, 'max_depth': 4, 'learning_rate': 0.018742967616883596, 'subsample': 0.894414094578919, 'colsample_bytree': 0.6783808203897913, 'min_child_weight': 8, 'reg_alpha': 0.8006914489674399, 'reg_lambda': 0.16968783627936326}. Best is trial 14 with value: 0.7509199497622814.
[I 2026-04-10 06:04:53,829] Trial 15 finished with value: 0.746184409232509 and parameters: {'n_estimators': 909, 'max_depth': 7, 'learning_rate': 0.017590991720787433, 'subsample': 0.9004060842970356, 'colsample_bytree': 0.9167524016575938, 'min_child_weight': 9, 'reg_alpha': 0.8672636458179231, 'reg_lambda': 0.35105631760271194}. Best is trial 14 with value: 0.7509199497622814.
[I 2026-04-10 06:05:14,278] Trial 16 finished with value: 0.7507732966036419 and parameters: {'n_estimators': 863, 'max_depth': 4, 'learning_rate': 0.01798165611804251, 'subsample': 0.9168354104832516, 'colsample_bytree': 0.7800645714673943, 'min_child_weight': 7, 'reg_alpha': 0.8108470494080748, 'reg_lambda': 0.6048890679628001}. Best is trial 14 with value: 0.7509199497622814.
[I 2026-04-10 06:05:38,718] Trial 17 finished with value: 0.747943412370469 and parameters: {'n_estimators': 894, 'max_depth': 6, 'learning_rate': 0.017625242289807407, 'subsample': 0.9461583108218363, 'colsample_bytree': 0.7712566313808225, 'min_child_weight': 6, 'reg_alpha': 0.8169508536715403, 'reg_lambda': 0.6010488709530691}. Best is trial 14 with value: 0.7509199497622814.
[I 2026-04-10 06:05:49,736] Trial 18 finished with value: 0.7486863443712128 and parameters: {'n_estimators': 376, 'max_depth': 5, 'learning_rate': 0.011062950823708183, 'subsample': 0.8660883339825887, 'colsample_bytree': 0.6481033274553444, 'min_child_weight': 7, 'reg_alpha': 0.8131882218922464, 'reg_lambda': 0.5553540818426241}. Best is trial 14 with value: 0.7509199497622814.
[I 2026-04-10 06:06:07,347] Trial 19 finished with value: 0.7508051505044642 and parameters: {'n_estimators': 740, 'max_depth': 4, 'learning_rate': 0.01815243878223733, 'subsample': 0.9959101983082548, 'colsample_bytree': 0.729547890257447, 'min_child_weight': 4, 'reg_alpha': 0.5184140953014027, 'reg_lambda': 0.15860448224955048}. Best is trial 14 with value: 0.7509199497622814.
[I 2026-04-10 06:06:27,682] Trial 20 finished with value: 0.7397717295207307 and parameters: {'n_estimators': 723, 'max_depth': 7, 'learning_rate': 0.03966705584797998, 'subsample': 0.9974574120255862, 'colsample_bytree': 0.7115171801530025, 'min_child_weight': 4, 'reg_alpha': 0.5065473175393328, 'reg_lambda': 0.14278628844220947}. Best is trial 14 with value: 0.7509199497622814.
[I 2026-04-10 06:06:48,793] Trial 21 finished with value: 0.751182739701078 and parameters: {'n_estimators': 887, 'max_depth': 4, 'learning_rate': 0.017263536562977296, 'subsample': 0.9283803478645374, 'colsample_bytree': 0.8003305274369011, 'min_child_weight': 7, 'reg_alpha': 0.7644729303753384, 'reg_lambda': 0.5898327177237337}. Best is trial 21 with value: 0.751182739701078.
[I 2026-04-10 06:07:06,939] Trial 22 finished with value: 0.7509753004207977 and parameters: {'n_estimators': 765, 'max_depth': 4, 'learning_rate': 0.020661386721810768, 'subsample': 0.9438719008924491, 'colsample_bytree': 0.818529250634922, 'min_child_weight': 4, 'reg_alpha': 0.5863494400893199, 'reg_lambda': 0.11160046678865508}. Best is trial 21 with value: 0.751182739701078.
[I 2026-04-10 06:07:31,303] Trial 23 finished with value: 0.749939346681996 and parameters: {'n_estimators': 944, 'max_depth': 5, 'learning_rate': 0.01420198900773027, 'subsample': 0.9402328447352074, 'colsample_bytree': 0.8248623950960289, 'min_child_weight': 9, 'reg_alpha': 0.5945024397232255, 'reg_lambda': 0.07980447403784602}. Best is trial 21 with value: 0.751182739701078.
[I 2026-04-10 06:07:45,347] Trial 24 finished with value: 0.750834002094503 and parameters: {'n_estimators': 635, 'max_depth': 3, 'learning_rate': 0.021130621430162595, 'subsample': 0.8663254910932363, 'colsample_bytree': 0.8119877310927776, 'min_child_weight': 6, 'reg_alpha': 0.7378592658439962, 'reg_lambda': 0.2376003232277718}. Best is trial 21 with value: 0.751182739701078.
[I 2026-04-10 06:08:05,967] Trial 25 finished with value: 0.7507555198882931 and parameters: {'n_estimators': 818, 'max_depth': 4, 'learning_rate': 0.01097364705643898, 'subsample': 0.945157236800824, 'colsample_bytree': 0.8606831552694466, 'min_child_weight': 4, 'reg_alpha': 0.895650740241195, 'reg_lambda': 0.3479438700427535}. Best is trial 21 with value: 0.751182739701078.
[I 2026-04-10 06:08:29,046] Trial 26 finished with value: 0.7360259460361909 and parameters: {'n_estimators': 886, 'max_depth': 6, 'learning_rate': 0.059267575808228765, 'subsample': 0.8905279467663505, 'colsample_bytree': 0.860260887740007, 'min_child_weight': 9, 'reg_alpha': 0.7471977756405337, 'reg_lambda': 0.5241967437017395}. Best is trial 21 with value: 0.751182739701078.
[I 2026-04-10 06:08:48,644] Trial 27 finished with value: 0.7467332439754579 and parameters: {'n_estimators': 772, 'max_depth': 5, 'learning_rate': 0.03509630855229454, 'subsample': 0.8423672285897964, 'colsample_bytree': 0.7967472651696408, 'min_child_weight': 5, 'reg_alpha': 0.6399461702545837, 'reg_lambda': 0.6452035597410203}. Best is trial 21 with value: 0.751182739701078.
[I 2026-04-10 06:09:11,403] Trial 28 finished with value: 0.7511508099124634 and parameters: {'n_estimators': 935, 'max_depth': 4, 'learning_rate': 0.014263436050831446, 'subsample': 0.7978626489083885, 'colsample_bytree': 0.6553924218079916, 'min_child_weight': 7, 'reg_alpha': 0.5942199763080106, 'reg_lambda': 0.3783959205439929}. Best is trial 21 with value: 0.751182739701078.
[I 2026-04-10 06:09:33,391] Trial 29 finished with value: 0.7508450911981543 and parameters: {'n_estimators': 997, 'max_depth': 3, 'learning_rate': 0.014392957758240751, 'subsample': 0.7752764617318271, 'colsample_bytree': 0.8841337733116323, 'min_child_weight': 3, 'reg_alpha': 0.43994259862370255, 'reg_lambda': 0.8234534206374394}. Best is trial 21 with value: 0.751182739701078.
[optuna] Best params: {'n_estimators': 887, 'max_depth': 4, 'learning_rate': 0.017263536562977296, 'subsample': 0.9283803478645374, 'colsample_bytree': 0.8003305274369011, 'min_child_weight': 7, 'reg_alpha': 0.7644729303753384, 'reg_lambda': 0.5898327177237337}
[wf] three_pointers: auc_raw=0.731 brier_raw=0.204 auc_cal=0.723 brier_cal=0.197 folds=5
[optuna] Optimizing hyperparameters for three_pointers regression...
[I 2026-04-10 06:20:52,921] A new study created in memory with name: no-name-65f05190-d06c-4a1d-9df6-2c7843ba0609
[I 2026-04-10 06:20:57,006] Trial 0 finished with value: 1.470460726527373 and parameters: {'n_estimators': 684, 'max_depth': 4, 'learning_rate': 0.17214895655591161, 'subsample': 0.6885229793904314, 'colsample_bytree': 0.7837266717562571, 'min_child_weight': 7, 'reg_alpha': 0.8473182870839334, 'reg_lambda': 0.41791751679975064}. Best is trial 0 with value: 1.470460726527373.
[I 2026-04-10 06:20:59,141] Trial 1 finished with value: 1.438338627281462 and parameters: {'n_estimators': 177, 'max_depth': 8, 'learning_rate': 0.122317675730836, 'subsample': 0.9527723251806482, 'colsample_bytree': 0.9249391900749669, 'min_child_weight': 5, 'reg_alpha': 0.9141618245878198, 'reg_lambda': 0.28942926693310267}. Best is trial 1 with value: 1.438338627281462.
[I 2026-04-10 06:21:04,148] Trial 2 finished with value: 1.4053719942267153 and parameters: {'n_estimators': 937, 'max_depth': 3, 'learning_rate': 0.06386389187899533, 'subsample': 0.9083156382579752, 'colsample_bytree': 0.9806776521014875, 'min_child_weight': 8, 'reg_alpha': 0.631614367719346, 'reg_lambda': 0.727835173830147}. Best is trial 2 with value: 1.4053719942267153.
[I 2026-04-10 06:21:05,099] Trial 3 finished with value: 1.4149539971013316 and parameters: {'n_estimators': 129, 'max_depth': 3, 'learning_rate': 0.013722773327787548, 'subsample': 0.7869592435055759, 'colsample_bytree': 0.6808386575922633, 'min_child_weight': 1, 'reg_alpha': 0.3435579878949446, 'reg_lambda': 0.710686172352699}. Best is trial 2 with value: 1.4053719942267153.
[I 2026-04-10 06:21:07,312] Trial 4 finished with value: 1.4208275861414688 and parameters: {'n_estimators': 197, 'max_depth': 8, 'learning_rate': 0.06499139786563678, 'subsample': 0.6001125095860377, 'colsample_bytree': 0.6257424544848827, 'min_child_weight': 6, 'reg_alpha': 0.6297540145933099, 'reg_lambda': 0.4715461380538669}. Best is trial 2 with value: 1.4053719942267153.
[I 2026-04-10 06:21:10,671] Trial 5 finished with value: 1.4057356294710828 and parameters: {'n_estimators': 497, 'max_depth': 5, 'learning_rate': 0.05237164687373011, 'subsample': 0.9535170179402188, 'colsample_bytree': 0.6818572195524836, 'min_child_weight': 10, 'reg_alpha': 0.36140349160675744, 'reg_lambda': 0.3613073729657783}. Best is trial 2 with value: 1.4053719942267153.
[I 2026-04-10 06:21:14,903] Trial 6 finished with value: 1.41014174996397 and parameters: {'n_estimators': 523, 'max_depth': 6, 'learning_rate': 0.028175961151104573, 'subsample': 0.7112280708566955, 'colsample_bytree': 0.8415439674887939, 'min_child_weight': 4, 'reg_alpha': 0.9949596936151752, 'reg_lambda': 0.022758234804077015}. Best is trial 2 with value: 1.4053719942267153.
[I 2026-04-10 06:21:19,885] Trial 7 finished with value: 1.4342754309587558 and parameters: {'n_estimators': 725, 'max_depth': 5, 'learning_rate': 0.07476812287856888, 'subsample': 0.9455302045203536, 'colsample_bytree': 0.9101796097365188, 'min_child_weight': 1, 'reg_alpha': 0.6286879824610254, 'reg_lambda': 0.16296957276959045}. Best is trial 2 with value: 1.4053719942267153.
[I 2026-04-10 06:21:27,043] Trial 8 finished with value: 1.4219796981687207 and parameters: {'n_estimators': 651, 'max_depth': 8, 'learning_rate': 0.02745257623464125, 'subsample': 0.76688431961654, 'colsample_bytree': 0.8515814744189336, 'min_child_weight': 9, 'reg_alpha': 0.24817864869515083, 'reg_lambda': 0.34793064405335705}. Best is trial 2 with value: 1.4053719942267153.
[I 2026-04-10 06:21:30,821] Trial 9 finished with value: 1.468855391669486 and parameters: {'n_estimators': 661, 'max_depth': 3, 'learning_rate': 0.27929701134542084, 'subsample': 0.7554208829285206, 'colsample_bytree': 0.9658172141066897, 'min_child_weight': 1, 'reg_alpha': 0.5565618877960515, 'reg_lambda': 0.7797272216447128}. Best is trial 2 with value: 1.4053719942267153.
[I 2026-04-10 06:21:46,991] Trial 10 finished with value: 1.417276204920459 and parameters: {'n_estimators': 957, 'max_depth': 10, 'learning_rate': 0.011456786147513586, 'subsample': 0.8771890834306186, 'colsample_bytree': 0.9885214730961189, 'min_child_weight': 8, 'reg_alpha': 0.10688863265639115, 'reg_lambda': 0.9916672012492611}. Best is trial 2 with value: 1.4053719942267153.
[I 2026-04-10 06:21:50,014] Trial 11 finished with value: 1.4012715323026024 and parameters: {'n_estimators': 416, 'max_depth': 5, 'learning_rate': 0.03624964645643501, 'subsample': 0.8793821744877904, 'colsample_bytree': 0.7306849162199555, 'min_child_weight': 10, 'reg_alpha': 0.3945673450506395, 'reg_lambda': 0.6416338156689719}. Best is trial 11 with value: 1.4012715323026024.
[I 2026-04-10 06:21:52,428] Trial 12 finished with value: 1.3975163232295817 and parameters: {'n_estimators': 352, 'max_depth': 4, 'learning_rate': 0.03000063918902085, 'subsample': 0.8706524603860054, 'colsample_bytree': 0.7593677536419218, 'min_child_weight': 10, 'reg_alpha': 0.7529859240113403, 'reg_lambda': 0.6703821577246845}. Best is trial 12 with value: 1.3975163232295817.
[I 2026-04-10 06:21:55,032] Trial 13 finished with value: 1.3982607928129138 and parameters: {'n_estimators': 340, 'max_depth': 5, 'learning_rate': 0.027401859780882, 'subsample': 0.8566171023232767, 'colsample_bytree': 0.7481023543158999, 'min_child_weight': 10, 'reg_alpha': 0.7505165236936384, 'reg_lambda': 0.5896696411377501}. Best is trial 12 with value: 1.3975163232295817.
[I 2026-04-10 06:21:58,060] Trial 14 finished with value: 1.3993888355738975 and parameters: {'n_estimators': 337, 'max_depth': 6, 'learning_rate': 0.019012085908750267, 'subsample': 0.832928467782612, 'colsample_bytree': 0.7536789466339082, 'min_child_weight': 10, 'reg_alpha': 0.7820043514439601, 'reg_lambda': 0.6074456968708711}. Best is trial 12 with value: 1.3975163232295817.
[I 2026-04-10 06:22:00,457] Trial 15 finished with value: 1.399351732510191 and parameters: {'n_estimators': 334, 'max_depth': 4, 'learning_rate': 0.038520731257448274, 'subsample': 0.833626313636202, 'colsample_bytree': 0.8211485768904866, 'min_child_weight': 8, 'reg_alpha': 0.7249847341835174, 'reg_lambda': 0.8957034308841694}. Best is trial 12 with value: 1.3975163232295817.
[I 2026-04-10 06:22:03,599] Trial 16 finished with value: 1.4017257609218412 and parameters: {'n_estimators': 293, 'max_depth': 7, 'learning_rate': 0.018789019936578305, 'subsample': 0.8387451755028563, 'colsample_bytree': 0.7108969207113203, 'min_child_weight': 3, 'reg_alpha': 0.746668441189907, 'reg_lambda': 0.5541876164388508}. Best is trial 12 with value: 1.3975163232295817.
[I 2026-04-10 06:22:06,625] Trial 17 finished with value: 1.3979625674682783 and parameters: {'n_estimators': 437, 'max_depth': 4, 'learning_rate': 0.01684103260010671, 'subsample': 0.9066673162616102, 'colsample_bytree': 0.6202149265094388, 'min_child_weight': 9, 'reg_alpha': 0.4831240352770837, 'reg_lambda': 0.7845136675743061}. Best is trial 12 with value: 1.3975163232295817.
[I 2026-04-10 06:22:09,565] Trial 18 finished with value: 1.3976232524148933 and parameters: {'n_estimators': 424, 'max_depth': 4, 'learning_rate': 0.01772434603111077, 'subsample': 0.9113893861730478, 'colsample_bytree': 0.6094401149057547, 'min_child_weight': 7, 'reg_alpha': 0.4768892182491415, 'reg_lambda': 0.8395151169653581}. Best is trial 12 with value: 1.3975163232295817.
[I 2026-04-10 06:22:14,715] Trial 19 finished with value: 1.3965311864579133 and parameters: {'n_estimators': 785, 'max_depth': 4, 'learning_rate': 0.010919505437840812, 'subsample': 0.9973300781456443, 'colsample_bytree': 0.6596460027655076, 'min_child_weight': 6, 'reg_alpha': 0.06096299013210599, 'reg_lambda': 0.8646278378947153}. Best is trial 19 with value: 1.3965311864579133.
[I 2026-04-10 06:22:28,946] Trial 20 finished with value: 1.414384807194561 and parameters: {'n_estimators': 831, 'max_depth': 10, 'learning_rate': 0.01064656928881712, 'subsample': 0.9943968624584774, 'colsample_bytree': 0.6621671824487898, 'min_child_weight': 4, 'reg_alpha': 0.017219306660036793, 'reg_lambda': 0.9966214376323463}. Best is trial 19 with value: 1.3965311864579133.
[I 2026-04-10 06:22:32,890] Trial 21 finished with value: 1.3973412012782458 and parameters: {'n_estimators': 593, 'max_depth': 4, 'learning_rate': 0.015154893384449598, 'subsample': 0.9838420179959548, 'colsample_bytree': 0.6412708173442119, 'min_child_weight': 6, 'reg_alpha': 0.24461341175154694, 'reg_lambda': 0.8644252811546289}. Best is trial 19 with value: 1.3965311864579133.
[I 2026-04-10 06:22:37,571] Trial 22 finished with value: 1.397061089343086 and parameters: {'n_estimators': 794, 'max_depth': 3, 'learning_rate': 0.010361120786288558, 'subsample': 0.9974604731027841, 'colsample_bytree': 0.6481371694410624, 'min_child_weight': 6, 'reg_alpha': 0.17182511117161264, 'reg_lambda': 0.8803202926722207}. Best is trial 19 with value: 1.3965311864579133.
[I 2026-04-10 06:22:42,461] Trial 23 finished with value: 1.3969956151035916 and parameters: {'n_estimators': 806, 'max_depth': 3, 'learning_rate': 0.010075073364532158, 'subsample': 0.9996382065883739, 'colsample_bytree': 0.649701250175746, 'min_child_weight': 6, 'reg_alpha': 0.17375842244394768, 'reg_lambda': 0.8803873794303521}. Best is trial 19 with value: 1.3965311864579133.
[I 2026-04-10 06:22:47,319] Trial 24 finished with value: 1.397059474187544 and parameters: {'n_estimators': 809, 'max_depth': 3, 'learning_rate': 0.010425661140582599, 'subsample': 0.9849121330206534, 'colsample_bytree': 0.711164305498845, 'min_child_weight': 5, 'reg_alpha': 0.13515572106974413, 'reg_lambda': 0.917783539548457}. Best is trial 19 with value: 1.3965311864579133.
[I 2026-04-10 06:22:52,372] Trial 25 finished with value: 1.3966624414655495 and parameters: {'n_estimators': 854, 'max_depth': 3, 'learning_rate': 0.014107545642518121, 'subsample': 0.9636830629936731, 'colsample_bytree': 0.6968164031489288, 'min_child_weight': 5, 'reg_alpha': 0.0025972410335882157, 'reg_lambda': 0.9247126079930579}. Best is trial 19 with value: 1.3965311864579133.
[I 2026-04-10 06:22:57,505] Trial 26 finished with value: 1.3962783712600848 and parameters: {'n_estimators': 877, 'max_depth': 3, 'learning_rate': 0.02112664982862259, 'subsample': 0.9402596898312687, 'colsample_bytree': 0.690495262520932, 'min_child_weight': 4, 'reg_alpha': 0.03689311135039619, 'reg_lambda': 0.9428941899834924}. Best is trial 26 with value: 1.3962783712600848.
[I 2026-04-10 06:23:04,952] Trial 27 finished with value: 1.406104414505201 and parameters: {'n_estimators': 905, 'max_depth': 6, 'learning_rate': 0.022395867529602154, 'subsample': 0.9304659201697477, 'colsample_bytree': 0.6884916294292213, 'min_child_weight': 3, 'reg_alpha': 0.000370533028162659, 'reg_lambda': 0.943021933955024}. Best is trial 26 with value: 1.3962783712600848.
[I 2026-04-10 06:23:10,280] Trial 28 finished with value: 1.396658871154346 and parameters: {'n_estimators': 883, 'max_depth': 3, 'learning_rate': 0.013490151841814077, 'subsample': 0.9595049226398756, 'colsample_bytree': 0.7908370181787836, 'min_child_weight': 3, 'reg_alpha': 0.07639422465958796, 'reg_lambda': 0.8037130009560948}. Best is trial 26 with value: 1.3962783712600848.
[I 2026-04-10 06:23:17,560] Trial 29 finished with value: 1.4077403571486047 and parameters: {'n_estimators': 998, 'max_depth': 5, 'learning_rate': 0.022544039105670228, 'subsample': 0.6036911725812022, 'colsample_bytree': 0.7875593047319033, 'min_child_weight': 2, 'reg_alpha': 0.10781815405599382, 'reg_lambda': 0.7849696375120163}. Best is trial 26 with value: 1.3962783712600848.
[optuna] Best params: {'n_estimators': 877, 'max_depth': 3, 'learning_rate': 0.02112664982862259, 'subsample': 0.9402596898312687, 'colsample_bytree': 0.690495262520932, 'min_child_weight': 4, 'reg_alpha': 0.03689311135039619, 'reg_lambda': 0.9428941899834924}
[optuna] Optimizing hyperparameters for three_pointers classification...
[I 2026-04-10 06:30:15,731] A new study created in memory with name: no-name-2b4f8102-7e94-4b0b-ad3c-14acaf6cda12
[I 2026-04-10 06:30:21,366] Trial 0 finished with value: 0.7529060513335473 and parameters: {'n_estimators': 233, 'max_depth': 5, 'learning_rate': 0.013803126248341204, 'subsample': 0.8548304300013889, 'colsample_bytree': 0.7514956052879459, 'min_child_weight': 2, 'reg_alpha': 0.8389692581393342, 'reg_lambda': 0.06957302010690469}. Best is trial 0 with value: 0.7529060513335473.
[I 2026-04-10 06:30:28,010] Trial 1 finished with value: 0.7371348214657658 and parameters: {'n_estimators': 206, 'max_depth': 9, 'learning_rate': 0.10946579203357154, 'subsample': 0.6553137083609825, 'colsample_bytree': 0.6271587490779476, 'min_child_weight': 3, 'reg_alpha': 0.5770864525856533, 'reg_lambda': 0.5753102620917907}. Best is trial 0 with value: 0.7529060513335473.
[I 2026-04-10 06:30:31,799] Trial 2 finished with value: 0.7491032980862253 and parameters: {'n_estimators': 156, 'max_depth': 5, 'learning_rate': 0.15619892232253177, 'subsample': 0.6021758732394816, 'colsample_bytree': 0.7252619828661122, 'min_child_weight': 1, 'reg_alpha': 0.8631969317367705, 'reg_lambda': 0.9676718547443222}. Best is trial 0 with value: 0.7529060513335473.
[I 2026-04-10 06:30:59,027] Trial 3 finished with value: 0.7406954507620562 and parameters: {'n_estimators': 838, 'max_depth': 9, 'learning_rate': 0.033153852225876045, 'subsample': 0.6092107681274241, 'colsample_bytree': 0.9255733288839638, 'min_child_weight': 4, 'reg_alpha': 0.3071335341879289, 'reg_lambda': 0.2089041540166966}. Best is trial 0 with value: 0.7529060513335473.
[I 2026-04-10 06:31:24,731] Trial 4 finished with value: 0.7257039427940156 and parameters: {'n_estimators': 924, 'max_depth': 7, 'learning_rate': 0.257965777334935, 'subsample': 0.6216324296953047, 'colsample_bytree': 0.6256335218572613, 'min_child_weight': 2, 'reg_alpha': 0.13201432442025074, 'reg_lambda': 0.6288290976938608}. Best is trial 0 with value: 0.7529060513335473.
[I 2026-04-10 06:31:35,504] Trial 5 finished with value: 0.7432953756787981 and parameters: {'n_estimators': 490, 'max_depth': 5, 'learning_rate': 0.10168595200810861, 'subsample': 0.8529431151549552, 'colsample_bytree': 0.711567472083034, 'min_child_weight': 2, 'reg_alpha': 0.7273553921864089, 'reg_lambda': 0.9394209969433276}. Best is trial 0 with value: 0.7529060513335473.
[I 2026-04-10 06:31:55,592] Trial 6 finished with value: 0.7458129887993667 and parameters: {'n_estimators': 937, 'max_depth': 5, 'learning_rate': 0.05268355063328704, 'subsample': 0.9621991109803082, 'colsample_bytree': 0.9644229943465603, 'min_child_weight': 6, 'reg_alpha': 0.6298099568701341, 'reg_lambda': 0.698037592326657}. Best is trial 0 with value: 0.7529060513335473.
[I 2026-04-10 06:32:10,789] Trial 7 finished with value: 0.7554159868484892 and parameters: {'n_estimators': 770, 'max_depth': 3, 'learning_rate': 0.01441511412768556, 'subsample': 0.9910272101806609, 'colsample_bytree': 0.9340118566759222, 'min_child_weight': 10, 'reg_alpha': 0.007069790938336706, 'reg_lambda': 0.6945975353446}. Best is trial 7 with value: 0.7554159868484892.
[I 2026-04-10 06:32:19,695] Trial 8 finished with value: 0.7529484488929212 and parameters: {'n_estimators': 358, 'max_depth': 6, 'learning_rate': 0.05107759507040536, 'subsample': 0.9255957663340004, 'colsample_bytree': 0.7670669311956487, 'min_child_weight': 10, 'reg_alpha': 0.44732149325660364, 'reg_lambda': 0.2008112785586904}. Best is trial 7 with value: 0.7554159868484892.
[I 2026-04-10 06:32:44,838] Trial 9 finished with value: 0.7264543511401979 and parameters: {'n_estimators': 999, 'max_depth': 6, 'learning_rate': 0.18847956090728007, 'subsample': 0.7885614280144563, 'colsample_bytree': 0.9139755441376824, 'min_child_weight': 2, 'reg_alpha': 0.281965369020873, 'reg_lambda': 0.6869943284775818}. Best is trial 7 with value: 0.7554159868484892.
[I 2026-04-10 06:32:59,506] Trial 10 finished with value: 0.7544837372067758 and parameters: {'n_estimators': 692, 'max_depth': 3, 'learning_rate': 0.01094271555890921, 'subsample': 0.9964183053444907, 'colsample_bytree': 0.8577188103319343, 'min_child_weight': 10, 'reg_alpha': 0.000271365498058688, 'reg_lambda': 0.40051591887371957}. Best is trial 7 with value: 0.7554159868484892.
[I 2026-04-10 06:33:14,491] Trial 11 finished with value: 0.7543839697223378 and parameters: {'n_estimators': 700, 'max_depth': 3, 'learning_rate': 0.010736898831703808, 'subsample': 0.993629076795615, 'colsample_bytree': 0.8578793691713907, 'min_child_weight': 10, 'reg_alpha': 0.0028486162709872105, 'reg_lambda': 0.39952107389242636}. Best is trial 7 with value: 0.7554159868484892.
[I 2026-04-10 06:33:28,448] Trial 12 finished with value: 0.7559601552548441 and parameters: {'n_estimators': 664, 'max_depth': 3, 'learning_rate': 0.020933888041739176, 'subsample': 0.9156340026425004, 'colsample_bytree': 0.8425331210667422, 'min_child_weight': 8, 'reg_alpha': 0.006174587075049599, 'reg_lambda': 0.415817306347296}. Best is trial 12 with value: 0.7559601552548441.
[I 2026-04-10 06:33:42,128] Trial 13 finished with value: 0.7561717757269166 and parameters: {'n_estimators': 650, 'max_depth': 3, 'learning_rate': 0.021804824330785243, 'subsample': 0.895015795214064, 'colsample_bytree': 0.9973888840185033, 'min_child_weight': 8, 'reg_alpha': 0.20604984561792106, 'reg_lambda': 0.8013637257693045}. Best is trial 13 with value: 0.7561717757269166.
[I 2026-04-10 06:33:54,660] Trial 14 finished with value: 0.7559764261912969 and parameters: {'n_estimators': 546, 'max_depth': 4, 'learning_rate': 0.02580307875099357, 'subsample': 0.8915697703478516, 'colsample_bytree': 0.8400197466646322, 'min_child_weight': 7, 'reg_alpha': 0.21428690658345678, 'reg_lambda': 0.8290731208934591}. Best is trial 13 with value: 0.7561717757269166.
[I 2026-04-10 06:34:06,311] Trial 15 finished with value: 0.7552344456211025 and parameters: {'n_estimators': 503, 'max_depth': 4, 'learning_rate': 0.030513760378708045, 'subsample': 0.7662674533838812, 'colsample_bytree': 0.9971230766269138, 'min_child_weight': 7, 'reg_alpha': 0.29833188386337495, 'reg_lambda': 0.8317692703548746}. Best is trial 13 with value: 0.7561717757269166.
[I 2026-04-10 06:34:22,890] Trial 16 finished with value: 0.7529396486185472 and parameters: {'n_estimators': 582, 'max_depth': 7, 'learning_rate': 0.024016360420603174, 'subsample': 0.8622361458922376, 'colsample_bytree': 0.8124075425289098, 'min_child_weight': 8, 'reg_alpha': 0.17659263937096853, 'reg_lambda': 0.8261108817019256}. Best is trial 13 with value: 0.7561717757269166.
[I 2026-04-10 06:34:32,448] Trial 17 finished with value: 0.7558840517651074 and parameters: {'n_estimators': 409, 'max_depth': 4, 'learning_rate': 0.03643900104709655, 'subsample': 0.7191458099038703, 'colsample_bytree': 0.6882415373270241, 'min_child_weight': 5, 'reg_alpha': 0.42172303601835803, 'reg_lambda': 0.8224455253376296}. Best is trial 13 with value: 0.7561717757269166.
[I 2026-04-10 06:34:54,920] Trial 18 finished with value: 0.7495815032366903 and parameters: {'n_estimators': 590, 'max_depth': 10, 'learning_rate': 0.019558521700476984, 'subsample': 0.887100210190791, 'colsample_bytree': 0.8987455177637762, 'min_child_weight': 8, 'reg_alpha': 0.18179211923535726, 'reg_lambda': 0.519169432625065}. Best is trial 13 with value: 0.7561717757269166.
[I 2026-04-10 06:35:04,548] Trial 19 finished with value: 0.7535593824614143 and parameters: {'n_estimators': 421, 'max_depth': 4, 'learning_rate': 0.06839915767149118, 'subsample': 0.8203224641142041, 'colsample_bytree': 0.9902733746369593, 'min_child_weight': 6, 'reg_alpha': 0.36775330286840435, 'reg_lambda': 0.8585291545548326}. Best is trial 13 with value: 0.7561717757269166.
[I 2026-04-10 06:35:12,065] Trial 20 finished with value: 0.756102951476477 and parameters: {'n_estimators': 314, 'max_depth': 4, 'learning_rate': 0.04069168844854234, 'subsample': 0.7383668160215971, 'colsample_bytree': 0.793362851114081, 'min_child_weight': 7, 'reg_alpha': 0.5258944448329872, 'reg_lambda': 0.7593423022927976}. Best is trial 13 with value: 0.7561717757269166.
[I 2026-04-10 06:35:19,699] Trial 21 finished with value: 0.7560510138195452 and parameters: {'n_estimators': 313, 'max_depth': 4, 'learning_rate': 0.02594430621471299, 'subsample': 0.7276900966289139, 'colsample_bytree': 0.8000672922044223, 'min_child_weight': 7, 'reg_alpha': 0.5379586169981296, 'reg_lambda': 0.761318141283877}. Best is trial 13 with value: 0.7561717757269166.
[I 2026-04-10 06:35:26,601] Trial 22 finished with value: 0.7561401340584442 and parameters: {'n_estimators': 286, 'max_depth': 4, 'learning_rate': 0.04440226521787206, 'subsample': 0.723215404612937, 'colsample_bytree': 0.7937822737081413, 'min_child_weight': 7, 'reg_alpha': 0.5526202905230043, 'reg_lambda': 0.7526187098805709}. Best is trial 13 with value: 0.7561717757269166.
[I 2026-04-10 06:35:29,358] Trial 23 finished with value: 0.7519705733724867 and parameters: {'n_estimators': 106, 'max_depth': 3, 'learning_rate': 0.03996883843751701, 'subsample': 0.7025032323498582, 'colsample_bytree': 0.7707037362057685, 'min_child_weight': 9, 'reg_alpha': 0.6789441022755935, 'reg_lambda': 0.991583236095159}. Best is trial 13 with value: 0.7561717757269166.
[I 2026-04-10 06:35:35,927] Trial 24 finished with value: 0.7543304748152082 and parameters: {'n_estimators': 274, 'max_depth': 4, 'learning_rate': 0.07167804077219055, 'subsample': 0.7627316941487506, 'colsample_bytree': 0.6844777822140636, 'min_child_weight': 6, 'reg_alpha': 0.7723645982334713, 'reg_lambda': 0.5745807820091737}. Best is trial 13 with value: 0.7561717757269166.
[I 2026-04-10 06:35:47,234] Trial 25 finished with value: 0.7529111421448254 and parameters: {'n_estimators': 420, 'max_depth': 6, 'learning_rate': 0.043771355072419825, 'subsample': 0.6633973348445874, 'colsample_bytree': 0.8762992967855484, 'min_child_weight': 5, 'reg_alpha': 0.4802725494262115, 'reg_lambda': 0.8993394168580091}. Best is trial 13 with value: 0.7561717757269166.
[I 2026-04-10 06:35:57,190] Trial 26 finished with value: 0.7436910569159529 and parameters: {'n_estimators': 316, 'max_depth': 8, 'learning_rate': 0.06623161204437057, 'subsample': 0.6871001759082618, 'colsample_bytree': 0.7866903095390242, 'min_child_weight': 9, 'reg_alpha': 0.5911568072057628, 'reg_lambda': 0.7639699880653081}. Best is trial 13 with value: 0.7561717757269166.
[I 2026-04-10 06:36:12,390] Trial 27 finished with value: 0.743797281039085 and parameters: {'n_estimators': 641, 'max_depth': 5, 'learning_rate': 0.08943401039573287, 'subsample': 0.7509819858976842, 'colsample_bytree': 0.8169015412098442, 'min_child_weight': 7, 'reg_alpha': 0.9287139879790149, 'reg_lambda': 0.7485127341658627}. Best is trial 13 with value: 0.7561717757269166.
[I 2026-04-10 06:36:23,061] Trial 28 finished with value: 0.7550481084769933 and parameters: {'n_estimators': 483, 'max_depth': 3, 'learning_rate': 0.01700597528517905, 'subsample': 0.7801544190063665, 'colsample_bytree': 0.7522998628011559, 'min_child_weight': 9, 'reg_alpha': 0.38331278638033595, 'reg_lambda': 0.6101859793261099}. Best is trial 13 with value: 0.7561717757269166.
[I 2026-04-10 06:36:29,510] Trial 29 finished with value: 0.7534570695713373 and parameters: {'n_estimators': 227, 'max_depth': 5, 'learning_rate': 0.015191400339084438, 'subsample': 0.8010945512367572, 'colsample_bytree': 0.7363305300779097, 'min_child_weight': 8, 'reg_alpha': 0.5339340810970444, 'reg_lambda': 0.4583160034741498}. Best is trial 13 with value: 0.7561717757269166.
[optuna] Best params: {'n_estimators': 650, 'max_depth': 3, 'learning_rate': 0.021804824330785243, 'subsample': 0.895015795214064, 'colsample_bytree': 0.9973888840185033, 'min_child_weight': 8, 'reg_alpha': 0.20604984561792106, 'reg_lambda': 0.8013637257693045}
[wf] pts_reb: auc_raw=0.563 brier_raw=0.274 auc_cal=0.552 brier_cal=0.249 folds=5
[optuna] Optimizing hyperparameters for pts_reb regression...
[I 2026-04-10 06:48:31,652] A new study created in memory with name: no-name-03168903-6804-4767-8298-4f16627e6e66
[I 2026-04-10 06:48:37,003] Trial 0 finished with value: 8.769071212960077 and parameters: {'n_estimators': 784, 'max_depth': 5, 'learning_rate': 0.26617836106739534, 'subsample': 0.8569803343716619, 'colsample_bytree': 0.9770459033691737, 'min_child_weight': 10, 'reg_alpha': 0.2858203892773814, 'reg_lambda': 0.726237534233908}. Best is trial 0 with value: 8.769071212960077.
[I 2026-04-10 06:48:41,976] Trial 1 finished with value: 8.013962912786813 and parameters: {'n_estimators': 635, 'max_depth': 6, 'learning_rate': 0.05155054879656133, 'subsample': 0.8105345487835007, 'colsample_bytree': 0.8142534331485334, 'min_child_weight': 2, 'reg_alpha': 0.5834302112801187, 'reg_lambda': 0.8457064574798877}. Best is trial 1 with value: 8.013962912786813.
[I 2026-04-10 06:48:48,620] Trial 2 finished with value: 8.590981631203904 and parameters: {'n_estimators': 387, 'max_depth': 10, 'learning_rate': 0.16475383945033312, 'subsample': 0.6951746472367615, 'colsample_bytree': 0.7535858779756504, 'min_child_weight': 7, 'reg_alpha': 0.7074411253889976, 'reg_lambda': 0.42937554173876835}. Best is trial 1 with value: 8.013962912786813.
[I 2026-04-10 06:48:50,273] Trial 3 finished with value: 7.949740120882709 and parameters: {'n_estimators': 215, 'max_depth': 4, 'learning_rate': 0.013600960870258555, 'subsample': 0.9034332100117349, 'colsample_bytree': 0.698691039793863, 'min_child_weight': 10, 'reg_alpha': 0.9362412995392286, 'reg_lambda': 0.31934201728699796}. Best is trial 3 with value: 7.949740120882709.
[I 2026-04-10 06:48:51,404] Trial 4 finished with value: 7.932240757556399 and parameters: {'n_estimators': 133, 'max_depth': 5, 'learning_rate': 0.057027687914274455, 'subsample': 0.8691815342954048, 'colsample_bytree': 0.896274810736913, 'min_child_weight': 10, 'reg_alpha': 0.8320950666989656, 'reg_lambda': 0.15859905200110203}. Best is trial 4 with value: 7.932240757556399.
[I 2026-04-10 06:48:56,229] Trial 5 finished with value: 8.11881246944805 and parameters: {'n_estimators': 899, 'max_depth': 3, 'learning_rate': 0.18602973225268118, 'subsample': 0.9192530310167457, 'colsample_bytree': 0.8617072147286137, 'min_child_weight': 2, 'reg_alpha': 0.687823221980931, 'reg_lambda': 0.8590256748781362}. Best is trial 4 with value: 7.932240757556399.
[I 2026-04-10 06:48:59,211] Trial 6 finished with value: 7.982665693533364 and parameters: {'n_estimators': 316, 'max_depth': 7, 'learning_rate': 0.04543023804863443, 'subsample': 0.8035080671701054, 'colsample_bytree': 0.7220571717548606, 'min_child_weight': 10, 'reg_alpha': 0.4285836349711456, 'reg_lambda': 0.607693344073807}. Best is trial 4 with value: 7.932240757556399.
[I 2026-04-10 06:49:00,533] Trial 7 finished with value: 8.132930739717652 and parameters: {'n_estimators': 171, 'max_depth': 5, 'learning_rate': 0.22303295240672444, 'subsample': 0.8096343636243715, 'colsample_bytree': 0.7194488302367732, 'min_child_weight': 8, 'reg_alpha': 0.7312289274688997, 'reg_lambda': 0.38757568347192306}. Best is trial 4 with value: 7.932240757556399.
[I 2026-04-10 06:49:06,961] Trial 8 finished with value: 7.99982737091983 and parameters: {'n_estimators': 934, 'max_depth': 5, 'learning_rate': 0.03891942519063522, 'subsample': 0.8602460773284741, 'colsample_bytree': 0.8595298344103326, 'min_child_weight': 1, 'reg_alpha': 0.4554582624871286, 'reg_lambda': 0.46580916028082353}. Best is trial 4 with value: 7.932240757556399.
[I 2026-04-10 06:49:12,511] Trial 9 finished with value: 7.944077078637303 and parameters: {'n_estimators': 494, 'max_depth': 8, 'learning_rate': 0.014785915918082053, 'subsample': 0.9774667714850281, 'colsample_bytree': 0.6107080702621405, 'min_child_weight': 6, 'reg_alpha': 0.03827576323537696, 'reg_lambda': 0.2656344014144626}. Best is trial 4 with value: 7.932240757556399.
[I 2026-04-10 06:49:21,637] Trial 10 finished with value: 8.391029193813349 and parameters: {'n_estimators': 582, 'max_depth': 9, 'learning_rate': 0.09228153668203652, 'subsample': 0.6969066389893264, 'colsample_bytree': 0.9967281907353456, 'min_child_weight': 5, 'reg_alpha': 0.9885107884517305, 'reg_lambda': 0.08885429948900209}. Best is trial 4 with value: 7.932240757556399.
[I 2026-04-10 06:49:26,365] Trial 11 finished with value: 7.962592274993586 and parameters: {'n_estimators': 391, 'max_depth': 8, 'learning_rate': 0.0148442083552776, 'subsample': 0.9957666301781686, 'colsample_bytree': 0.6231222885884141, 'min_child_weight': 5, 'reg_alpha': 0.004931613810841083, 'reg_lambda': 0.07510660420573262}. Best is trial 4 with value: 7.932240757556399.
[I 2026-04-10 06:49:30,966] Trial 12 finished with value: 7.968474047525163 and parameters: {'n_estimators': 474, 'max_depth': 7, 'learning_rate': 0.025322184943744826, 'subsample': 0.9789732809765226, 'colsample_bytree': 0.9086472484856774, 'min_child_weight': 7, 'reg_alpha': 0.013839438948756486, 'reg_lambda': 0.22075598696479345}. Best is trial 4 with value: 7.932240757556399.
[I 2026-04-10 06:49:32,443] Trial 13 finished with value: 8.087746798029288 and parameters: {'n_estimators': 120, 'max_depth': 8, 'learning_rate': 0.09531337227324518, 'subsample': 0.6157885786047488, 'colsample_bytree': 0.6269471330266657, 'min_child_weight': 4, 'reg_alpha': 0.24829829326992034, 'reg_lambda': 0.21836130631735387}. Best is trial 4 with value: 7.932240757556399.
[I 2026-04-10 06:49:38,229] Trial 14 finished with value: 7.961849352099193 and parameters: {'n_estimators': 715, 'max_depth': 6, 'learning_rate': 0.027746624979135163, 'subsample': 0.9450143513592905, 'colsample_bytree': 0.9262868580286326, 'min_child_weight': 8, 'reg_alpha': 0.8598136377682509, 'reg_lambda': 0.0014606583623346103}. Best is trial 4 with value: 7.932240757556399.
[I 2026-04-10 06:49:42,993] Trial 15 finished with value: 8.185105829597916 and parameters: {'n_estimators': 286, 'max_depth': 10, 'learning_rate': 0.08664259779231072, 'subsample': 0.8853145314118949, 'colsample_bytree': 0.7929491195442848, 'min_child_weight': 8, 'reg_alpha': 0.17167322604056234, 'reg_lambda': 0.2753825189051587}. Best is trial 4 with value: 7.932240757556399.
[I 2026-04-10 06:49:46,125] Trial 16 finished with value: 7.946983470248905 and parameters: {'n_estimators': 506, 'max_depth': 3, 'learning_rate': 0.01035425616737596, 'subsample': 0.7322377299741741, 'colsample_bytree': 0.6005478437223092, 'min_child_weight': 4, 'reg_alpha': 0.5685402608979195, 'reg_lambda': 0.5610942296935881}. Best is trial 4 with value: 7.932240757556399.
[I 2026-04-10 06:49:53,468] Trial 17 finished with value: 8.017740168876033 and parameters: {'n_estimators': 686, 'max_depth': 8, 'learning_rate': 0.0284169355656899, 'subsample': 0.9531577813226081, 'colsample_bytree': 0.6747069642491397, 'min_child_weight': 6, 'reg_alpha': 0.3741744854712175, 'reg_lambda': 0.1466022536237758}. Best is trial 4 with value: 7.932240757556399.
[I 2026-04-10 06:49:58,591] Trial 18 finished with value: 8.020242221772358 and parameters: {'n_estimators': 819, 'max_depth': 4, 'learning_rate': 0.06848318405878127, 'subsample': 0.8487543667498325, 'colsample_bytree': 0.9366879975667725, 'min_child_weight': 9, 'reg_alpha': 0.13308793501847813, 'reg_lambda': 0.3262234464230693}. Best is trial 4 with value: 7.932240757556399.
[I 2026-04-10 06:50:05,214] Trial 19 finished with value: 7.955715965404757 and parameters: {'n_estimators': 415, 'max_depth': 9, 'learning_rate': 0.017846853846441506, 'subsample': 0.7679195666594754, 'colsample_bytree': 0.8664415620127114, 'min_child_weight': 3, 'reg_alpha': 0.8188436666076184, 'reg_lambda': 0.15821189672972694}. Best is trial 4 with value: 7.932240757556399.
[I 2026-04-10 06:50:07,256] Trial 20 finished with value: 8.109159673071769 and parameters: {'n_estimators': 244, 'max_depth': 6, 'learning_rate': 0.13421502472420074, 'subsample': 0.9429878562304297, 'colsample_bytree': 0.8007845095311514, 'min_child_weight': 6, 'reg_alpha': 0.5607961362220675, 'reg_lambda': 0.5555097358950758}. Best is trial 4 with value: 7.932240757556399.
[I 2026-04-10 06:50:10,357] Trial 21 finished with value: 7.941575155107033 and parameters: {'n_estimators': 500, 'max_depth': 3, 'learning_rate': 0.01132107435133364, 'subsample': 0.7546658878504648, 'colsample_bytree': 0.660192393865762, 'min_child_weight': 4, 'reg_alpha': 0.6438168849765216, 'reg_lambda': 0.6633542442791114}. Best is trial 4 with value: 7.932240757556399.
[I 2026-04-10 06:50:14,235] Trial 22 finished with value: 7.929526871499179 and parameters: {'n_estimators': 562, 'max_depth': 4, 'learning_rate': 0.010468651052512717, 'subsample': 0.7588375280287695, 'colsample_bytree': 0.6504245208222101, 'min_child_weight': 4, 'reg_alpha': 0.7998711264461466, 'reg_lambda': 0.6821405777099002}. Best is trial 22 with value: 7.929526871499179.
[I 2026-04-10 06:50:18,364] Trial 23 finished with value: 7.929838438933718 and parameters: {'n_estimators': 601, 'max_depth': 4, 'learning_rate': 0.010172370900916763, 'subsample': 0.7613145814049924, 'colsample_bytree': 0.665817714862118, 'min_child_weight': 4, 'reg_alpha': 0.8390814071601366, 'reg_lambda': 0.9758009847283025}. Best is trial 22 with value: 7.929526871499179.
[I 2026-04-10 06:50:22,207] Trial 24 finished with value: 7.92562490979472 and parameters: {'n_estimators': 585, 'max_depth': 4, 'learning_rate': 0.021281599673943382, 'subsample': 0.6930755660384247, 'colsample_bytree': 0.7585232060022635, 'min_child_weight': 3, 'reg_alpha': 0.8154744105789798, 'reg_lambda': 0.9951718093181363}. Best is trial 24 with value: 7.92562490979472.
[I 2026-04-10 06:50:26,062] Trial 25 finished with value: 7.932405599645694 and parameters: {'n_estimators': 590, 'max_depth': 4, 'learning_rate': 0.020063284153695817, 'subsample': 0.6277053989620534, 'colsample_bytree': 0.6578957193736787, 'min_child_weight': 3, 'reg_alpha': 0.8019932826501813, 'reg_lambda': 0.9959726151538753}. Best is trial 24 with value: 7.92562490979472.
[I 2026-04-10 06:50:30,708] Trial 26 finished with value: 7.926062398046366 and parameters: {'n_estimators': 674, 'max_depth': 4, 'learning_rate': 0.010082890725943086, 'subsample': 0.6604040193839169, 'colsample_bytree': 0.7494732591753304, 'min_child_weight': 3, 'reg_alpha': 0.917728229068114, 'reg_lambda': 0.8924007768766828}. Best is trial 24 with value: 7.92562490979472.
[I 2026-04-10 06:50:34,736] Trial 27 finished with value: 7.928099112901437 and parameters: {'n_estimators': 698, 'max_depth': 3, 'learning_rate': 0.02134763164387199, 'subsample': 0.6597265254729235, 'colsample_bytree': 0.7532149067587658, 'min_child_weight': 1, 'reg_alpha': 0.9205458263814342, 'reg_lambda': 0.8625737687458498}. Best is trial 24 with value: 7.92562490979472.
[I 2026-04-10 06:50:39,178] Trial 28 finished with value: 7.927910613655879 and parameters: {'n_estimators': 770, 'max_depth': 3, 'learning_rate': 0.02038979184003218, 'subsample': 0.6478233124663573, 'colsample_bytree': 0.7619285190730156, 'min_child_weight': 1, 'reg_alpha': 0.9177305460804716, 'reg_lambda': 0.8851458251446818}. Best is trial 24 with value: 7.92562490979472.
[I 2026-04-10 06:50:43,721] Trial 29 finished with value: 7.934551930152453 and parameters: {'n_estimators': 805, 'max_depth': 3, 'learning_rate': 0.036353529762004407, 'subsample': 0.6518480598976255, 'colsample_bytree': 0.7662714510740883, 'min_child_weight': 2, 'reg_alpha': 0.9824644359663353, 'reg_lambda': 0.7826815607102933}. Best is trial 24 with value: 7.92562490979472.
[optuna] Best params: {'n_estimators': 585, 'max_depth': 4, 'learning_rate': 0.021281599673943382, 'subsample': 0.6930755660384247, 'colsample_bytree': 0.7585232060022635, 'min_child_weight': 3, 'reg_alpha': 0.8154744105789798, 'reg_lambda': 0.9951718093181363}
[optuna] Optimizing hyperparameters for pts_reb classification...
[I 2026-04-10 06:58:14,151] A new study created in memory with name: no-name-1a306bae-2716-49e6-ae4e-0ff489e7415c
[I 2026-04-10 06:58:23,586] Trial 0 finished with value: 0.5837862354941398 and parameters: {'n_estimators': 472, 'max_depth': 4, 'learning_rate': 0.12822028985611808, 'subsample': 0.7015238686144738, 'colsample_bytree': 0.6087045223052189, 'min_child_weight': 9, 'reg_alpha': 0.4676972974351401, 'reg_lambda': 0.09213293981042081}. Best is trial 0 with value: 0.5837862354941398.
[I 2026-04-10 06:58:27,062] Trial 1 finished with value: 0.5788034936570612 and parameters: {'n_estimators': 133, 'max_depth': 6, 'learning_rate': 0.1537459211834343, 'subsample': 0.8277714457147967, 'colsample_bytree': 0.9575603145781442, 'min_child_weight': 8, 'reg_alpha': 0.2705431076646725, 'reg_lambda': 0.9392748720202486}. Best is trial 0 with value: 0.5837862354941398.
[I 2026-04-10 06:58:45,212] Trial 2 finished with value: 0.5932762405028407 and parameters: {'n_estimators': 823, 'max_depth': 5, 'learning_rate': 0.030711661869249837, 'subsample': 0.9637703613269175, 'colsample_bytree': 0.7905130792499432, 'min_child_weight': 5, 'reg_alpha': 0.7384383884226727, 'reg_lambda': 0.5378748043162465}. Best is trial 2 with value: 0.5932762405028407.
[I 2026-04-10 06:58:53,498] Trial 3 finished with value: 0.5969194970574372 and parameters: {'n_estimators': 401, 'max_depth': 3, 'learning_rate': 0.05492943510288805, 'subsample': 0.9792601792308091, 'colsample_bytree': 0.9504737900671757, 'min_child_weight': 9, 'reg_alpha': 0.05353560345602426, 'reg_lambda': 0.854571442077519}. Best is trial 3 with value: 0.5969194970574372.
[I 2026-04-10 06:59:01,727] Trial 4 finished with value: 0.5963682075619753 and parameters: {'n_estimators': 256, 'max_depth': 7, 'learning_rate': 0.011957416934692384, 'subsample': 0.6571605584803525, 'colsample_bytree': 0.9458113174855223, 'min_child_weight': 10, 'reg_alpha': 0.37521867077382565, 'reg_lambda': 0.69285609638322}. Best is trial 3 with value: 0.5969194970574372.
[I 2026-04-10 06:59:24,261] Trial 5 finished with value: 0.5844985755322676 and parameters: {'n_estimators': 617, 'max_depth': 10, 'learning_rate': 0.028955559244695717, 'subsample': 0.9780604602747403, 'colsample_bytree': 0.763231849293059, 'min_child_weight': 3, 'reg_alpha': 0.6217234476424722, 'reg_lambda': 0.960251440801357}. Best is trial 3 with value: 0.5969194970574372.
[I 2026-04-10 06:59:44,634] Trial 6 finished with value: 0.5640034188009617 and parameters: {'n_estimators': 856, 'max_depth': 6, 'learning_rate': 0.20093735116945421, 'subsample': 0.9051702474085326, 'colsample_bytree': 0.8963613971380797, 'min_child_weight': 5, 'reg_alpha': 0.1881340392565305, 'reg_lambda': 0.2762919183687871}. Best is trial 3 with value: 0.5969194970574372.
[I 2026-04-10 07:00:04,352] Trial 7 finished with value: 0.5663685043533098 and parameters: {'n_estimators': 845, 'max_depth': 5, 'learning_rate': 0.20014869470705984, 'subsample': 0.6134014555982633, 'colsample_bytree': 0.9793038431493369, 'min_child_weight': 1, 'reg_alpha': 0.5615775929832111, 'reg_lambda': 0.031120188911507807}. Best is trial 3 with value: 0.5969194970574372.
[I 2026-04-10 07:00:16,222] Trial 8 finished with value: 0.5911073892319857 and parameters: {'n_estimators': 432, 'max_depth': 7, 'learning_rate': 0.03752527272381073, 'subsample': 0.8399560058842795, 'colsample_bytree': 0.9396045992398111, 'min_child_weight': 8, 'reg_alpha': 0.314992599598103, 'reg_lambda': 0.11432514584006415}. Best is trial 3 with value: 0.5969194970574372.
[I 2026-04-10 07:00:26,304] Trial 9 finished with value: 0.5767593412989928 and parameters: {'n_estimators': 430, 'max_depth': 5, 'learning_rate': 0.12363004076101207, 'subsample': 0.7988190861939661, 'colsample_bytree': 0.8802811081851993, 'min_child_weight': 5, 'reg_alpha': 0.8654290392529919, 'reg_lambda': 0.843045008843226}. Best is trial 3 with value: 0.5969194970574372.
[I 2026-04-10 07:00:39,616] Trial 10 finished with value: 0.5932027001183768 and parameters: {'n_estimators': 653, 'max_depth': 3, 'learning_rate': 0.07067475091752258, 'subsample': 0.7403813028581141, 'colsample_bytree': 0.6925514052221872, 'min_child_weight': 7, 'reg_alpha': 0.006346479737717889, 'reg_lambda': 0.6711797827534824}. Best is trial 3 with value: 0.5969194970574372.
[I 2026-04-10 07:00:47,265] Trial 11 finished with value: 0.5908062489325638 and parameters: {'n_estimators': 198, 'max_depth': 8, 'learning_rate': 0.010227109420409813, 'subsample': 0.6251386790817929, 'colsample_bytree': 0.8620141196862965, 'min_child_weight': 10, 'reg_alpha': 0.06569881017602691, 'reg_lambda': 0.7185540751415013}. Best is trial 3 with value: 0.5969194970574372.
[I 2026-04-10 07:00:58,542] Trial 12 finished with value: 0.5895808086196698 and parameters: {'n_estimators': 285, 'max_depth': 9, 'learning_rate': 0.011759487449646826, 'subsample': 0.6930692769546216, 'colsample_bytree': 0.9967561498944563, 'min_child_weight': 10, 'reg_alpha': 0.4106234908982296, 'reg_lambda': 0.4459707852657775}. Best is trial 3 with value: 0.5969194970574372.
[I 2026-04-10 07:01:04,381] Trial 13 finished with value: 0.5940745838747012 and parameters: {'n_estimators': 252, 'max_depth': 3, 'learning_rate': 0.019261753670819948, 'subsample': 0.9008834017274725, 'colsample_bytree': 0.8391191585418107, 'min_child_weight': 7, 'reg_alpha': 0.15581939317870858, 'reg_lambda': 0.7626481554240303}. Best is trial 3 with value: 0.5969194970574372.
[I 2026-04-10 07:01:14,146] Trial 14 finished with value: 0.581591265932484 and parameters: {'n_estimators': 319, 'max_depth': 8, 'learning_rate': 0.07025593769910404, 'subsample': 0.7701097627990785, 'colsample_bytree': 0.9170938398800657, 'min_child_weight': 10, 'reg_alpha': 0.3193509282549072, 'reg_lambda': 0.5668681911618438}. Best is trial 3 with value: 0.5969194970574372.
[I 2026-04-10 07:01:17,786] Trial 15 finished with value: 0.5904853729077763 and parameters: {'n_estimators': 107, 'max_depth': 7, 'learning_rate': 0.04924071615908372, 'subsample': 0.6705164143813062, 'colsample_bytree': 0.7258322301979305, 'min_child_weight': 8, 'reg_alpha': 0.9369971077838692, 'reg_lambda': 0.8294328786924485}. Best is trial 3 with value: 0.5969194970574372.
[I 2026-04-10 07:01:26,390] Trial 16 finished with value: 0.5963076405686738 and parameters: {'n_estimators': 354, 'max_depth': 4, 'learning_rate': 0.01843960798039236, 'subsample': 0.9149577274214707, 'colsample_bytree': 0.8401564079432736, 'min_child_weight': 9, 'reg_alpha': 0.1274361879970779, 'reg_lambda': 0.4276948344621017}. Best is trial 3 with value: 0.5969194970574372.
[I 2026-04-10 07:01:43,880] Trial 17 finished with value: 0.5726633105343577 and parameters: {'n_estimators': 584, 'max_depth': 8, 'learning_rate': 0.08368096134833697, 'subsample': 0.865169946589284, 'colsample_bytree': 0.9276214110556589, 'min_child_weight': 6, 'reg_alpha': 0.3939778239379326, 'reg_lambda': 0.6341105994021623}. Best is trial 3 with value: 0.5969194970574372.
[I 2026-04-10 07:02:13,832] Trial 18 finished with value: 0.5745997474023163 and parameters: {'n_estimators': 714, 'max_depth': 10, 'learning_rate': 0.294600751228456, 'subsample': 0.6571267584208806, 'colsample_bytree': 0.9950354335264747, 'min_child_weight': 3, 'reg_alpha': 0.6738558514378075, 'reg_lambda': 0.8539056487564909}. Best is trial 3 with value: 0.5969194970574372.
[I 2026-04-10 07:02:26,545] Trial 19 finished with value: 0.5968504199768891 and parameters: {'n_estimators': 532, 'max_depth': 4, 'learning_rate': 0.01893552372575523, 'subsample': 0.7353364647120262, 'colsample_bytree': 0.8148370739103076, 'min_child_weight': 9, 'reg_alpha': 0.22046536730141475, 'reg_lambda': 0.3333796346224795}. Best is trial 3 with value: 0.5969194970574372.
[I 2026-04-10 07:02:49,389] Trial 20 finished with value: 0.5958658919035325 and parameters: {'n_estimators': 984, 'max_depth': 4, 'learning_rate': 0.019628761759023228, 'subsample': 0.7445130595475802, 'colsample_bytree': 0.6625764232445566, 'min_child_weight': 7, 'reg_alpha': 0.2205546798458312, 'reg_lambda': 0.3163117662226771}. Best is trial 3 with value: 0.5969194970574372.
[I 2026-04-10 07:03:01,298] Trial 21 finished with value: 0.5959611811961896 and parameters: {'n_estimators': 511, 'max_depth': 3, 'learning_rate': 0.014380504543270476, 'subsample': 0.7287008843880937, 'colsample_bytree': 0.8195083516983233, 'min_child_weight': 9, 'reg_alpha': 0.07485345560199845, 'reg_lambda': 0.28177581298389165}. Best is trial 3 with value: 0.5969194970574372.
[I 2026-04-10 07:03:10,297] Trial 22 finished with value: 0.5942454634864661 and parameters: {'n_estimators': 375, 'max_depth': 4, 'learning_rate': 0.04564968392243875, 'subsample': 0.7825342989066384, 'colsample_bytree': 0.7682179369968195, 'min_child_weight': 9, 'reg_alpha': 0.2466302124913086, 'reg_lambda': 0.37232770284662203}. Best is trial 3 with value: 0.5969194970574372.
[I 2026-04-10 07:03:25,639] Trial 23 finished with value: 0.5899629050033826 and parameters: {'n_estimators': 558, 'max_depth': 6, 'learning_rate': 0.026631540345717502, 'subsample': 0.6459450899304964, 'colsample_bytree': 0.9041699971650432, 'min_child_weight': 10, 'reg_alpha': 0.3899598907788669, 'reg_lambda': 0.5975625517112687}. Best is trial 3 with value: 0.5969194970574372.
[I 2026-04-10 07:03:30,882] Trial 24 finished with value: 0.5915101687212184 and parameters: {'n_estimators': 205, 'max_depth': 3, 'learning_rate': 0.014521452505897666, 'subsample': 0.7178277678308109, 'colsample_bytree': 0.9499985805286114, 'min_child_weight': 8, 'reg_alpha': 0.5122442856432963, 'reg_lambda': 0.18025178444748452}. Best is trial 3 with value: 0.5969194970574372.
[I 2026-04-10 07:03:43,979] Trial 25 finished with value: 0.5919499940413055 and parameters: {'n_estimators': 420, 'max_depth': 7, 'learning_rate': 0.023412552136675497, 'subsample': 0.6001244509739286, 'colsample_bytree': 0.8754662408692276, 'min_child_weight': 9, 'reg_alpha': 0.03262799573832738, 'reg_lambda': 0.7744469966224115}. Best is trial 3 with value: 0.5969194970574372.
[I 2026-04-10 07:04:01,543] Trial 26 finished with value: 0.58469534067333 and parameters: {'n_estimators': 720, 'max_depth': 5, 'learning_rate': 0.03763074401511807, 'subsample': 0.9991003489963747, 'colsample_bytree': 0.9670072792463017, 'min_child_weight': 6, 'reg_alpha': 0.12194412361497542, 'reg_lambda': 0.5015953178273558}. Best is trial 3 with value: 0.5969194970574372.
[I 2026-04-10 07:04:14,778] Trial 27 finished with value: 0.5973343352259594 and parameters: {'n_estimators': 512, 'max_depth': 4, 'learning_rate': 0.013854984942835914, 'subsample': 0.684450310811399, 'colsample_bytree': 0.8024900030959687, 'min_child_weight': 10, 'reg_alpha': 0.32737723447077605, 'reg_lambda': 0.6846643443223758}. Best is trial 27 with value: 0.5973343352259594.
[I 2026-04-10 07:04:27,225] Trial 28 finished with value: 0.5859393447370027 and parameters: {'n_estimators': 522, 'max_depth': 4, 'learning_rate': 0.08926463071406807, 'subsample': 0.755848578650625, 'colsample_bytree': 0.7256829092830203, 'min_child_weight': 8, 'reg_alpha': 0.31219840751446953, 'reg_lambda': 0.92015880323906}. Best is trial 27 with value: 0.5973343352259594.
[I 2026-04-10 07:04:38,411] Trial 29 finished with value: 0.5962952102876861 and parameters: {'n_estimators': 477, 'max_depth': 3, 'learning_rate': 0.015024368461354949, 'subsample': 0.6875349421292712, 'colsample_bytree': 0.6480556745798202, 'min_child_weight': 9, 'reg_alpha': 0.152640325579593, 'reg_lambda': 0.15635480894921255}. Best is trial 27 with value: 0.5973343352259594.
[optuna] Best params: {'n_estimators': 512, 'max_depth': 4, 'learning_rate': 0.013854984942835914, 'subsample': 0.684450310811399, 'colsample_bytree': 0.8024900030959687, 'min_child_weight': 10, 'reg_alpha': 0.32737723447077605, 'reg_lambda': 0.6846643443223758}
[wf] pts_ast: auc_raw=0.564 brier_raw=0.275 auc_cal=0.558 brier_cal=0.255 folds=5
[optuna] Optimizing hyperparameters for pts_ast regression...
[I 2026-04-10 07:16:43,278] A new study created in memory with name: no-name-8e6f9e4f-694b-40c9-9969-454e9add8204
[I 2026-04-10 07:16:50,327] Trial 0 finished with value: 7.651122316590074 and parameters: {'n_estimators': 572, 'max_depth': 9, 'learning_rate': 0.08653909949470852, 'subsample': 0.9265154789089506, 'colsample_bytree': 0.6557245889289057, 'min_child_weight': 6, 'reg_alpha': 0.03851276846260032, 'reg_lambda': 0.1327714091774822}. Best is trial 0 with value: 7.651122316590074.
[I 2026-04-10 07:16:56,459] Trial 1 finished with value: 8.110804075950067 and parameters: {'n_estimators': 605, 'max_depth': 7, 'learning_rate': 0.19899339840555566, 'subsample': 0.8235827188199211, 'colsample_bytree': 0.9514751983878422, 'min_child_weight': 1, 'reg_alpha': 0.8272440266845182, 'reg_lambda': 0.5849949467042627}. Best is trial 0 with value: 7.651122316590074.
[I 2026-04-10 07:17:00,875] Trial 2 finished with value: 7.498882449425036 and parameters: {'n_estimators': 622, 'max_depth': 5, 'learning_rate': 0.09258982267624308, 'subsample': 0.8577740928152702, 'colsample_bytree': 0.9232507739680056, 'min_child_weight': 1, 'reg_alpha': 0.9225040022385509, 'reg_lambda': 0.7277077437308832}. Best is trial 2 with value: 7.498882449425036.
[I 2026-04-10 07:17:04,634] Trial 3 finished with value: 7.641295861759323 and parameters: {'n_estimators': 478, 'max_depth': 6, 'learning_rate': 0.10635786252552071, 'subsample': 0.6423942932454335, 'colsample_bytree': 0.6458555957324958, 'min_child_weight': 10, 'reg_alpha': 0.6115983880557371, 'reg_lambda': 0.5712052421270716}. Best is trial 2 with value: 7.498882449425036.
[I 2026-04-10 07:17:07,836] Trial 4 finished with value: 7.349116898624894 and parameters: {'n_estimators': 411, 'max_depth': 5, 'learning_rate': 0.017514837279657802, 'subsample': 0.9769779008752022, 'colsample_bytree': 0.9656617282764692, 'min_child_weight': 8, 'reg_alpha': 0.5235804862773072, 'reg_lambda': 0.1962665152263463}. Best is trial 4 with value: 7.349116898624894.
[I 2026-04-10 07:17:15,940] Trial 5 finished with value: 7.4198726176511665 and parameters: {'n_estimators': 899, 'max_depth': 7, 'learning_rate': 0.02332549784641094, 'subsample': 0.938291616445541, 'colsample_bytree': 0.8052926889118096, 'min_child_weight': 9, 'reg_alpha': 0.11807956576909362, 'reg_lambda': 0.7216167110560712}. Best is trial 4 with value: 7.349116898624894.
[I 2026-04-10 07:17:17,116] Trial 6 finished with value: 7.3419732982908705 and parameters: {'n_estimators': 179, 'max_depth': 3, 'learning_rate': 0.06633733064559756, 'subsample': 0.7039723565914903, 'colsample_bytree': 0.8576826855262236, 'min_child_weight': 10, 'reg_alpha': 0.016580429593120116, 'reg_lambda': 0.17735828233602768}. Best is trial 6 with value: 7.3419732982908705.
[I 2026-04-10 07:17:21,766] Trial 7 finished with value: 7.372492501865767 and parameters: {'n_estimators': 477, 'max_depth': 7, 'learning_rate': 0.021543391999304665, 'subsample': 0.6671848018385113, 'colsample_bytree': 0.7421965405304415, 'min_child_weight': 4, 'reg_alpha': 0.4419235800630391, 'reg_lambda': 0.5261611990631343}. Best is trial 6 with value: 7.3419732982908705.
[I 2026-04-10 07:17:24,529] Trial 8 finished with value: 7.385227845342805 and parameters: {'n_estimators': 479, 'max_depth': 3, 'learning_rate': 0.07310316256500358, 'subsample': 0.8129745675794131, 'colsample_bytree': 0.9486025996050164, 'min_child_weight': 8, 'reg_alpha': 0.10650029774660918, 'reg_lambda': 0.5663422899846645}. Best is trial 6 with value: 7.3419732982908705.
[I 2026-04-10 07:17:36,425] Trial 9 finished with value: 7.783781433992051 and parameters: {'n_estimators': 903, 'max_depth': 9, 'learning_rate': 0.10554303817058963, 'subsample': 0.96796082805574, 'colsample_bytree': 0.9587159588069116, 'min_child_weight': 9, 'reg_alpha': 0.18649262418064871, 'reg_lambda': 0.07490252095355399}. Best is trial 6 with value: 7.3419732982908705.
[I 2026-04-10 07:17:37,542] Trial 10 finished with value: 7.346706579005675 and parameters: {'n_estimators': 160, 'max_depth': 3, 'learning_rate': 0.04102527378532468, 'subsample': 0.7199919094731249, 'colsample_bytree': 0.8527451135915167, 'min_child_weight': 5, 'reg_alpha': 0.38855474197492934, 'reg_lambda': 0.3155689925618593}. Best is trial 6 with value: 7.3419732982908705.
[I 2026-04-10 07:17:38,525] Trial 11 finished with value: 7.3561918608576 and parameters: {'n_estimators': 136, 'max_depth': 3, 'learning_rate': 0.03992478610735946, 'subsample': 0.722032870990646, 'colsample_bytree': 0.8419501593375194, 'min_child_weight': 5, 'reg_alpha': 0.3255048940868718, 'reg_lambda': 0.29809824338375207}. Best is trial 6 with value: 7.3419732982908705.
[I 2026-04-10 07:17:39,429] Trial 12 finished with value: 7.349484861112315 and parameters: {'n_estimators': 102, 'max_depth': 4, 'learning_rate': 0.04092002802473389, 'subsample': 0.7319704009317187, 'colsample_bytree': 0.8624350228066632, 'min_child_weight': 3, 'reg_alpha': 0.2920753444656221, 'reg_lambda': 0.3527433157180133}. Best is trial 6 with value: 7.3419732982908705.
[I 2026-04-10 07:17:41,119] Trial 13 finished with value: 7.3455985582184065 and parameters: {'n_estimators': 255, 'max_depth': 3, 'learning_rate': 0.04256048062661766, 'subsample': 0.7396162859099598, 'colsample_bytree': 0.7289854383572523, 'min_child_weight': 6, 'reg_alpha': 0.6711623963880884, 'reg_lambda': 0.9469965918683012}. Best is trial 6 with value: 7.3419732982908705.
[I 2026-04-10 07:17:42,931] Trial 14 finished with value: 7.479542004861487 and parameters: {'n_estimators': 268, 'max_depth': 4, 'learning_rate': 0.1776052359890096, 'subsample': 0.7631432727118617, 'colsample_bytree': 0.7279576902864058, 'min_child_weight': 7, 'reg_alpha': 0.7075244115221242, 'reg_lambda': 0.9775324610126171}. Best is trial 6 with value: 7.3419732982908705.
[I 2026-04-10 07:17:45,477] Trial 15 finished with value: 7.352514396858782 and parameters: {'n_estimators': 302, 'max_depth': 5, 'learning_rate': 0.01344982809138353, 'subsample': 0.6091471428105822, 'colsample_bytree': 0.734655698252162, 'min_child_weight': 3, 'reg_alpha': 0.7026227112345351, 'reg_lambda': 0.9095846448372441}. Best is trial 6 with value: 7.3419732982908705.
[I 2026-04-10 07:17:50,810] Trial 16 finished with value: 8.42015987527263 and parameters: {'n_estimators': 299, 'max_depth': 10, 'learning_rate': 0.28563688157426176, 'subsample': 0.6777251648007268, 'colsample_bytree': 0.7806181032355538, 'min_child_weight': 10, 'reg_alpha': 0.5881061171398088, 'reg_lambda': 0.7862742013404098}. Best is trial 6 with value: 7.3419732982908705.
[I 2026-04-10 07:17:55,607] Trial 17 finished with value: 7.419832079969728 and parameters: {'n_estimators': 764, 'max_depth': 4, 'learning_rate': 0.05624233649924766, 'subsample': 0.866674629214239, 'colsample_bytree': 0.6839801101186271, 'min_child_weight': 7, 'reg_alpha': 0.9951402184447811, 'reg_lambda': 0.4250769331427458}. Best is trial 6 with value: 7.3419732982908705.
[I 2026-04-10 07:17:57,495] Trial 18 finished with value: 7.3640367350130855 and parameters: {'n_estimators': 198, 'max_depth': 6, 'learning_rate': 0.029490574895020244, 'subsample': 0.7685028977626152, 'colsample_bytree': 0.8818280059402724, 'min_child_weight': 6, 'reg_alpha': 0.767318640722767, 'reg_lambda': 0.02772927059481739}. Best is trial 6 with value: 7.3419732982908705.
[I 2026-04-10 07:17:59,925] Trial 19 finished with value: 7.35162489830929 and parameters: {'n_estimators': 352, 'max_depth': 3, 'learning_rate': 0.06191007093268794, 'subsample': 0.6896772676768956, 'colsample_bytree': 0.7951580392305544, 'min_child_weight': 3, 'reg_alpha': 0.2206289202682704, 'reg_lambda': 0.24092294227503153}. Best is trial 6 with value: 7.3419732982908705.
[I 2026-04-10 07:18:01,805] Trial 20 finished with value: 7.388538018184926 and parameters: {'n_estimators': 240, 'max_depth': 4, 'learning_rate': 0.010132690944747086, 'subsample': 0.6071350595067038, 'colsample_bytree': 0.6048420222777174, 'min_child_weight': 8, 'reg_alpha': 0.5205009640278244, 'reg_lambda': 0.4269330947988925}. Best is trial 6 with value: 7.3419732982908705.
[I 2026-04-10 07:18:03,094] Trial 21 finished with value: 7.3493204206165785 and parameters: {'n_estimators': 189, 'max_depth': 3, 'learning_rate': 0.04007868917951621, 'subsample': 0.7291758255734668, 'colsample_bytree': 0.8881280655415265, 'min_child_weight': 5, 'reg_alpha': 0.3993737858616993, 'reg_lambda': 0.16691638264606004}. Best is trial 6 with value: 7.3419732982908705.
[I 2026-04-10 07:18:03,902] Trial 22 finished with value: 7.366201948176697 and parameters: {'n_estimators': 103, 'max_depth': 3, 'learning_rate': 0.03427607345067726, 'subsample': 0.7792248857046662, 'colsample_bytree': 0.8200385867033833, 'min_child_weight': 4, 'reg_alpha': 0.36432253601750075, 'reg_lambda': 0.318567548369213}. Best is trial 6 with value: 7.3419732982908705.
[I 2026-04-10 07:18:06,312] Trial 23 finished with value: 7.3602510579702525 and parameters: {'n_estimators': 361, 'max_depth': 4, 'learning_rate': 0.04509593359818775, 'subsample': 0.712788217731124, 'colsample_bytree': 0.763480295083464, 'min_child_weight': 7, 'reg_alpha': 0.0129627548333257, 'reg_lambda': 0.4111992134974813}. Best is trial 6 with value: 7.3419732982908705.
[I 2026-04-10 07:18:07,887] Trial 24 finished with value: 7.355741291233339 and parameters: {'n_estimators': 191, 'max_depth': 5, 'learning_rate': 0.053837644712663606, 'subsample': 0.6515850277681848, 'colsample_bytree': 0.911954721642153, 'min_child_weight': 4, 'reg_alpha': 0.620113698604343, 'reg_lambda': 0.22743986284597223}. Best is trial 6 with value: 7.3419732982908705.
[I 2026-04-10 07:18:11,876] Trial 25 finished with value: 7.45720640921308 and parameters: {'n_estimators': 683, 'max_depth': 3, 'learning_rate': 0.14325994605674114, 'subsample': 0.747659725299809, 'colsample_bytree': 0.840200610034036, 'min_child_weight': 2, 'reg_alpha': 0.24053252281140505, 'reg_lambda': 0.8512640402081013}. Best is trial 6 with value: 7.3419732982908705.
[I 2026-04-10 07:18:13,271] Trial 26 finished with value: 7.347117796131342 and parameters: {'n_estimators': 176, 'max_depth': 4, 'learning_rate': 0.028255528461475898, 'subsample': 0.7016148259273969, 'colsample_bytree': 0.7013560171573023, 'min_child_weight': 6, 'reg_alpha': 0.8285038322281821, 'reg_lambda': 0.09299604877580969}. Best is trial 6 with value: 7.3419732982908705.
[I 2026-04-10 07:18:17,988] Trial 27 finished with value: 7.593960857914778 and parameters: {'n_estimators': 376, 'max_depth': 8, 'learning_rate': 0.07214933401862217, 'subsample': 0.7904446558355764, 'colsample_bytree': 0.9943255319533267, 'min_child_weight': 5, 'reg_alpha': 0.4412484186248549, 'reg_lambda': 0.2749387668940011}. Best is trial 6 with value: 7.3419732982908705.
[I 2026-04-10 07:18:19,497] Trial 28 finished with value: 7.343324094428877 and parameters: {'n_estimators': 227, 'max_depth': 3, 'learning_rate': 0.05105422037634734, 'subsample': 0.8409052693348246, 'colsample_bytree': 0.8279394227970547, 'min_child_weight': 9, 'reg_alpha': 0.6844640506056614, 'reg_lambda': 0.6403261471324817}. Best is trial 6 with value: 7.3419732982908705.
[I 2026-04-10 07:18:22,956] Trial 29 finished with value: 7.501223662865571 and parameters: {'n_estimators': 421, 'max_depth': 6, 'learning_rate': 0.08570714755417222, 'subsample': 0.8905260512455904, 'colsample_bytree': 0.761963023509556, 'min_child_weight': 9, 'reg_alpha': 0.7050960239649616, 'reg_lambda': 0.6531851937872588}. Best is trial 6 with value: 7.3419732982908705.
[optuna] Best params: {'n_estimators': 179, 'max_depth': 3, 'learning_rate': 0.06633733064559756, 'subsample': 0.7039723565914903, 'colsample_bytree': 0.8576826855262236, 'min_child_weight': 10, 'reg_alpha': 0.016580429593120116, 'reg_lambda': 0.17735828233602768}
[optuna] Optimizing hyperparameters for pts_ast classification...
[I 2026-04-10 07:25:53,545] A new study created in memory with name: no-name-282fd54a-621b-45bb-833a-c7f559e9eb1b
[I 2026-04-10 07:26:09,912] Trial 0 finished with value: 0.5644681152025955 and parameters: {'n_estimators': 817, 'max_depth': 4, 'learning_rate': 0.24411830148313657, 'subsample': 0.8568227857690343, 'colsample_bytree': 0.7747241132743283, 'min_child_weight': 5, 'reg_alpha': 0.6700154884080713, 'reg_lambda': 0.7398375893438364}. Best is trial 0 with value: 0.5644681152025955.
[I 2026-04-10 07:26:37,644] Trial 1 finished with value: 0.5701497022145037 and parameters: {'n_estimators': 958, 'max_depth': 8, 'learning_rate': 0.06123398405331938, 'subsample': 0.6290059846463472, 'colsample_bytree': 0.8682120944570918, 'min_child_weight': 9, 'reg_alpha': 0.9664055185768945, 'reg_lambda': 0.0897520829047711}. Best is trial 1 with value: 0.5701497022145037.
[I 2026-04-10 07:26:55,625] Trial 2 finished with value: 0.5790238490042746 and parameters: {'n_estimators': 790, 'max_depth': 5, 'learning_rate': 0.0588614390018903, 'subsample': 0.9742927411217689, 'colsample_bytree': 0.8970672036291919, 'min_child_weight': 9, 'reg_alpha': 0.6871894236925387, 'reg_lambda': 0.713609296686128}. Best is trial 2 with value: 0.5790238490042746.
[I 2026-04-10 07:27:10,028] Trial 3 finished with value: 0.5671276086892533 and parameters: {'n_estimators': 452, 'max_depth': 9, 'learning_rate': 0.12561151351367106, 'subsample': 0.7097637946582082, 'colsample_bytree': 0.6787764624461721, 'min_child_weight': 10, 'reg_alpha': 0.4762524303838508, 'reg_lambda': 0.07895153704509528}. Best is trial 2 with value: 0.5790238490042746.
[I 2026-04-10 07:27:19,931] Trial 4 finished with value: 0.5910169063995264 and parameters: {'n_estimators': 472, 'max_depth': 3, 'learning_rate': 0.02162777925360718, 'subsample': 0.6922634033252982, 'colsample_bytree': 0.7339012566040732, 'min_child_weight': 3, 'reg_alpha': 0.5360165686668622, 'reg_lambda': 0.162114521586741}. Best is trial 4 with value: 0.5910169063995264.
[I 2026-04-10 07:27:31,596] Trial 5 finished with value: 0.591583737248861 and parameters: {'n_estimators': 537, 'max_depth': 4, 'learning_rate': 0.053221214825166875, 'subsample': 0.850268773266001, 'colsample_bytree': 0.858496666511319, 'min_child_weight': 1, 'reg_alpha': 0.520797969957833, 'reg_lambda': 0.22362439290866643}. Best is trial 5 with value: 0.591583737248861.
[I 2026-04-10 07:27:53,356] Trial 6 finished with value: 0.5717850695159883 and parameters: {'n_estimators': 769, 'max_depth': 8, 'learning_rate': 0.07103014629208669, 'subsample': 0.9064141370915798, 'colsample_bytree': 0.9369506458870587, 'min_child_weight': 7, 'reg_alpha': 0.1574610376327833, 'reg_lambda': 0.3851922058911301}. Best is trial 5 with value: 0.591583737248861.
[I 2026-04-10 07:28:12,580] Trial 7 finished with value: 0.554865828909886 and parameters: {'n_estimators': 888, 'max_depth': 4, 'learning_rate': 0.28122318439807165, 'subsample': 0.7753051641292881, 'colsample_bytree': 0.7243855430473711, 'min_child_weight': 6, 'reg_alpha': 0.6594505000927834, 'reg_lambda': 0.9748511335674196}. Best is trial 5 with value: 0.591583737248861.
[I 2026-04-10 07:28:23,664] Trial 8 finished with value: 0.5907842338850787 and parameters: {'n_estimators': 452, 'max_depth': 5, 'learning_rate': 0.028561087994812478, 'subsample': 0.6447408797879538, 'colsample_bytree': 0.7151284868659283, 'min_child_weight': 10, 'reg_alpha': 0.9240640411779514, 'reg_lambda': 0.8672729582992565}. Best is trial 5 with value: 0.591583737248861.
[I 2026-04-10 07:28:43,688] Trial 9 finished with value: 0.5727391686862443 and parameters: {'n_estimators': 529, 'max_depth': 10, 'learning_rate': 0.02636863375204623, 'subsample': 0.8774342750871383, 'colsample_bytree': 0.7031847768923823, 'min_child_weight': 5, 'reg_alpha': 0.8208489418113321, 'reg_lambda': 0.6030767645562106}. Best is trial 5 with value: 0.591583737248861.
[I 2026-04-10 07:28:48,281] Trial 10 finished with value: 0.5755441044685813 and parameters: {'n_estimators': 161, 'max_depth': 6, 'learning_rate': 0.11217596073289601, 'subsample': 0.7852204714744209, 'colsample_bytree': 0.9910584893376632, 'min_child_weight': 1, 'reg_alpha': 0.25764705450747766, 'reg_lambda': 0.3298086179767276}. Best is trial 5 with value: 0.591583737248861.
[I 2026-04-10 07:28:54,603] Trial 11 finished with value: 0.5866549580222202 and parameters: {'n_estimators': 272, 'max_depth': 3, 'learning_rate': 0.014993692542379844, 'subsample': 0.7190793347189711, 'colsample_bytree': 0.6011845357249732, 'min_child_weight': 1, 'reg_alpha': 0.4419731378945575, 'reg_lambda': 0.26559669876228686}. Best is trial 5 with value: 0.591583737248861.
[I 2026-04-10 07:29:08,848] Trial 12 finished with value: 0.5895177747361466 and parameters: {'n_estimators': 655, 'max_depth': 3, 'learning_rate': 0.011309485949133093, 'subsample': 0.7177124974308554, 'colsample_bytree': 0.819375849072197, 'min_child_weight': 3, 'reg_alpha': 0.38280091574514413, 'reg_lambda': 0.20791631942900618}. Best is trial 5 with value: 0.591583737248861.
[I 2026-04-10 07:29:16,619] Trial 13 finished with value: 0.5906289798761761 and parameters: {'n_estimators': 349, 'max_depth': 3, 'learning_rate': 0.027200344986439026, 'subsample': 0.8311312812607391, 'colsample_bytree': 0.8148446359097676, 'min_child_weight': 3, 'reg_alpha': 0.5880198708848358, 'reg_lambda': 0.006962081255228042}. Best is trial 5 with value: 0.591583737248861.
[I 2026-04-10 07:29:32,920] Trial 14 finished with value: 0.5838106445641473 and parameters: {'n_estimators': 628, 'max_depth': 6, 'learning_rate': 0.03896654196541921, 'subsample': 0.9240451704178393, 'colsample_bytree': 0.7743779763472539, 'min_child_weight': 3, 'reg_alpha': 0.3107744506231729, 'reg_lambda': 0.4905190438316106}. Best is trial 5 with value: 0.591583737248861.
[I 2026-04-10 07:29:41,923] Trial 15 finished with value: 0.5900983419839938 and parameters: {'n_estimators': 360, 'max_depth': 4, 'learning_rate': 0.01790705764223056, 'subsample': 0.6011884486083492, 'colsample_bytree': 0.6274614646858674, 'min_child_weight': 2, 'reg_alpha': 0.01370194349745657, 'reg_lambda': 0.16018534998403133}. Best is trial 5 with value: 0.591583737248861.
[I 2026-04-10 07:29:57,739] Trial 16 finished with value: 0.5880684170763057 and parameters: {'n_estimators': 637, 'max_depth': 5, 'learning_rate': 0.04217760166638758, 'subsample': 0.6775964536303165, 'colsample_bytree': 0.8747511795504792, 'min_child_weight': 4, 'reg_alpha': 0.55513316024831, 'reg_lambda': 0.4437150470804986}. Best is trial 5 with value: 0.591583737248861.
[I 2026-04-10 07:30:01,623] Trial 17 finished with value: 0.5784762532010714 and parameters: {'n_estimators': 114, 'max_depth': 7, 'learning_rate': 0.09604142650326049, 'subsample': 0.7612184867802834, 'colsample_bytree': 0.7530049325654011, 'min_child_weight': 2, 'reg_alpha': 0.7887480129897408, 'reg_lambda': 0.2843743934622673}. Best is trial 5 with value: 0.591583737248861.
[I 2026-04-10 07:30:14,618] Trial 18 finished with value: 0.5908893704804796 and parameters: {'n_estimators': 532, 'max_depth': 4, 'learning_rate': 0.016940687986975095, 'subsample': 0.8154427263516605, 'colsample_bytree': 0.840868398384516, 'min_child_weight': 1, 'reg_alpha': 0.37230842752262205, 'reg_lambda': 0.1338142835245472}. Best is trial 5 with value: 0.591583737248861.
[I 2026-04-10 07:30:20,584] Trial 19 finished with value: 0.5890902211560161 and parameters: {'n_estimators': 264, 'max_depth': 3, 'learning_rate': 0.1742147948452944, 'subsample': 0.9710638284631439, 'colsample_bytree': 0.6650061639578319, 'min_child_weight': 4, 'reg_alpha': 0.2362308438427933, 'reg_lambda': 0.36916678250341434}. Best is trial 5 with value: 0.591583737248861.
[I 2026-04-10 07:30:37,975] Trial 20 finished with value: 0.5897298957996056 and parameters: {'n_estimators': 698, 'max_depth': 5, 'learning_rate': 0.042753021878476134, 'subsample': 0.7457220201282377, 'colsample_bytree': 0.9385978941693298, 'min_child_weight': 2, 'reg_alpha': 0.5076841308179065, 'reg_lambda': 0.0029332396615647793}. Best is trial 5 with value: 0.591583737248861.
[I 2026-04-10 07:30:50,978] Trial 21 finished with value: 0.5912131324875637 and parameters: {'n_estimators': 533, 'max_depth': 4, 'learning_rate': 0.01847792039984862, 'subsample': 0.8155635507590874, 'colsample_bytree': 0.8442340461241655, 'min_child_weight': 1, 'reg_alpha': 0.3630510270825379, 'reg_lambda': 0.14331523821372352}. Best is trial 5 with value: 0.591583737248861.
[I 2026-04-10 07:31:02,962] Trial 22 finished with value: 0.5901589293131474 and parameters: {'n_estimators': 476, 'max_depth': 4, 'learning_rate': 0.011228122282221347, 'subsample': 0.8394625453186457, 'colsample_bytree': 0.8524514027865843, 'min_child_weight': 1, 'reg_alpha': 0.4152159746572982, 'reg_lambda': 0.22041029125608738}. Best is trial 5 with value: 0.591583737248861.
[I 2026-04-10 07:31:15,662] Trial 23 finished with value: 0.5906561460571631 and parameters: {'n_estimators': 573, 'max_depth': 3, 'learning_rate': 0.022674844295555198, 'subsample': 0.8045709947282905, 'colsample_bytree': 0.9041590437233896, 'min_child_weight': 2, 'reg_alpha': 0.5671268250077245, 'reg_lambda': 0.18895823830906172}. Best is trial 5 with value: 0.591583737248861.
[I 2026-04-10 07:31:26,523] Trial 24 finished with value: 0.5867278917571797 and parameters: {'n_estimators': 387, 'max_depth': 6, 'learning_rate': 0.032774365313895826, 'subsample': 0.8854526797009425, 'colsample_bytree': 0.7921681596017, 'min_child_weight': 4, 'reg_alpha': 0.14195641475730222, 'reg_lambda': 0.5953776300031006}. Best is trial 5 with value: 0.591583737248861.
[I 2026-04-10 07:31:43,334] Trial 25 finished with value: 0.5946413246466965 and parameters: {'n_estimators': 708, 'max_depth': 4, 'learning_rate': 0.020849970023582087, 'subsample': 0.691137647585202, 'colsample_bytree': 0.7472322501679397, 'min_child_weight': 3, 'reg_alpha': 0.31770446799759067, 'reg_lambda': 0.07923167606385784}. Best is trial 25 with value: 0.5946413246466965.
[I 2026-04-10 07:32:05,607] Trial 26 finished with value: 0.5892213260857478 and parameters: {'n_estimators': 736, 'max_depth': 7, 'learning_rate': 0.01427426147178617, 'subsample': 0.9299130610950113, 'colsample_bytree': 0.9230379155747048, 'min_child_weight': 1, 'reg_alpha': 0.32831943113487927, 'reg_lambda': 0.0717198706391649}. Best is trial 25 with value: 0.5946413246466965.
[I 2026-04-10 07:32:26,546] Trial 27 finished with value: 0.5788329130649503 and parameters: {'n_estimators': 867, 'max_depth': 5, 'learning_rate': 0.08870247545372228, 'subsample': 0.8541134389112991, 'colsample_bytree': 0.9852809826031799, 'min_child_weight': 2, 'reg_alpha': 0.16745980652883063, 'reg_lambda': 0.2897986138269353}. Best is trial 25 with value: 0.5946413246466965.
[I 2026-04-10 07:32:40,745] Trial 28 finished with value: 0.5912569417871055 and parameters: {'n_estimators': 588, 'max_depth': 4, 'learning_rate': 0.020629471536659845, 'subsample': 0.7457674275647329, 'colsample_bytree': 0.8271790670857924, 'min_child_weight': 6, 'reg_alpha': 0.065142949549368, 'reg_lambda': 0.06439287779235867}. Best is trial 25 with value: 0.5946413246466965.
[I 2026-04-10 07:32:55,603] Trial 29 finished with value: 0.5860748527425373 and parameters: {'n_estimators': 589, 'max_depth': 5, 'learning_rate': 0.03435046540402335, 'subsample': 0.6776472587322326, 'colsample_bytree': 0.7702453385648559, 'min_child_weight': 7, 'reg_alpha': 0.0403336349886415, 'reg_lambda': 0.05804964046549747}. Best is trial 25 with value: 0.5946413246466965.
[optuna] Best params: {'n_estimators': 708, 'max_depth': 4, 'learning_rate': 0.020849970023582087, 'subsample': 0.691137647585202, 'colsample_bytree': 0.7472322501679397, 'min_child_weight': 3, 'reg_alpha': 0.31770446799759067, 'reg_lambda': 0.07923167606385784}
[wf] ast_reb: auc_raw=0.593 brier_raw=0.267 auc_cal=0.582 brier_cal=0.243 folds=5
[optuna] Optimizing hyperparameters for ast_reb regression...
[I 2026-04-10 07:45:02,971] A new study created in memory with name: no-name-51a46a0a-384b-481b-b0b8-372108d77a2b
[I 2026-04-10 07:45:19,316] Trial 0 finished with value: 3.693864613556 and parameters: {'n_estimators': 934, 'max_depth': 10, 'learning_rate': 0.02045321276978128, 'subsample': 0.6321843676839919, 'colsample_bytree': 0.7793873692903908, 'min_child_weight': 4, 'reg_alpha': 0.7182418875200379, 'reg_lambda': 0.6087097346760613}. Best is trial 0 with value: 3.693864613556.
[I 2026-04-10 07:45:28,542] Trial 1 finished with value: 4.199449327112463 and parameters: {'n_estimators': 588, 'max_depth': 9, 'learning_rate': 0.2515209061302779, 'subsample': 0.6172232748368975, 'colsample_bytree': 0.8882515647847993, 'min_child_weight': 7, 'reg_alpha': 0.4643092716449241, 'reg_lambda': 0.8720603617826553}. Best is trial 0 with value: 3.693864613556.
[I 2026-04-10 07:45:37,184] Trial 2 finished with value: 3.7103857516144254 and parameters: {'n_estimators': 430, 'max_depth': 10, 'learning_rate': 0.04660326976103862, 'subsample': 0.9197793056964505, 'colsample_bytree': 0.7928907672236685, 'min_child_weight': 2, 'reg_alpha': 0.9455740739804064, 'reg_lambda': 0.9657292768326133}. Best is trial 0 with value: 3.693864613556.
[I 2026-04-10 07:45:43,017] Trial 3 finished with value: 4.072810374491836 and parameters: {'n_estimators': 945, 'max_depth': 4, 'learning_rate': 0.29348795155448326, 'subsample': 0.7159799901216194, 'colsample_bytree': 0.647567493145778, 'min_child_weight': 3, 'reg_alpha': 0.8890028419964603, 'reg_lambda': 0.32398948710007036}. Best is trial 0 with value: 3.693864613556.
[I 2026-04-10 07:45:46,467] Trial 4 finished with value: 3.839069805708829 and parameters: {'n_estimators': 442, 'max_depth': 6, 'learning_rate': 0.1956282777518753, 'subsample': 0.9412586069624944, 'colsample_bytree': 0.6316685396262017, 'min_child_weight': 5, 'reg_alpha': 0.4348792508012683, 'reg_lambda': 0.1574699840750613}. Best is trial 0 with value: 3.693864613556.
[I 2026-04-10 07:46:04,918] Trial 5 finished with value: 3.7647437391009038 and parameters: {'n_estimators': 869, 'max_depth': 10, 'learning_rate': 0.0693523174470296, 'subsample': 0.7993867227623473, 'colsample_bytree': 0.9057183581589204, 'min_child_weight': 4, 'reg_alpha': 0.6842682852906267, 'reg_lambda': 0.3938452174057141}. Best is trial 0 with value: 3.693864613556.
[I 2026-04-10 07:46:09,566] Trial 6 finished with value: 4.117932012326997 and parameters: {'n_estimators': 414, 'max_depth': 8, 'learning_rate': 0.2377358977712862, 'subsample': 0.6115312014209321, 'colsample_bytree': 0.7214072168095844, 'min_child_weight': 10, 'reg_alpha': 0.13666417765343786, 'reg_lambda': 0.533442920030587}. Best is trial 0 with value: 3.693864613556.
[I 2026-04-10 07:46:14,162] Trial 7 finished with value: 3.601920712327268 and parameters: {'n_estimators': 800, 'max_depth': 3, 'learning_rate': 0.02424006628131363, 'subsample': 0.7037428600716995, 'colsample_bytree': 0.9070887296952963, 'min_child_weight': 10, 'reg_alpha': 0.25608308657577894, 'reg_lambda': 0.08504310658476077}. Best is trial 7 with value: 3.601920712327268.
[I 2026-04-10 07:46:27,603] Trial 8 finished with value: 3.66115574424332 and parameters: {'n_estimators': 648, 'max_depth': 10, 'learning_rate': 0.01777406941605826, 'subsample': 0.9715659916036488, 'colsample_bytree': 0.8586629403805135, 'min_child_weight': 2, 'reg_alpha': 0.7321396473470174, 'reg_lambda': 0.3382123837019593}. Best is trial 7 with value: 3.601920712327268.
[I 2026-04-10 07:46:29,956] Trial 9 finished with value: 3.606335875928332 and parameters: {'n_estimators': 269, 'max_depth': 5, 'learning_rate': 0.01466814251728875, 'subsample': 0.9243744247658647, 'colsample_bytree': 0.9663669610258958, 'min_child_weight': 1, 'reg_alpha': 0.6254082637676752, 'reg_lambda': 0.3457756185622435}. Best is trial 7 with value: 3.601920712327268.
[I 2026-04-10 07:46:34,071] Trial 10 finished with value: 3.6083143647559166 and parameters: {'n_estimators': 730, 'max_depth': 3, 'learning_rate': 0.04259556291584812, 'subsample': 0.7560594763767657, 'colsample_bytree': 0.996698087722035, 'min_child_weight': 10, 'reg_alpha': 0.014821575261274755, 'reg_lambda': 0.06253340403355767}. Best is trial 7 with value: 3.601920712327268.
[I 2026-04-10 07:46:35,380] Trial 11 finished with value: 3.713813831976873 and parameters: {'n_estimators': 135, 'max_depth': 5, 'learning_rate': 0.010000845870585768, 'subsample': 0.8730796587391849, 'colsample_bytree': 0.994875802863537, 'min_child_weight': 7, 'reg_alpha': 0.3427337090928816, 'reg_lambda': 0.01953418979467042}. Best is trial 7 with value: 3.601920712327268.
[I 2026-04-10 07:46:36,456] Trial 12 finished with value: 3.622316804950631 and parameters: {'n_estimators': 147, 'max_depth': 3, 'learning_rate': 0.02161643833820782, 'subsample': 0.8638912536358806, 'colsample_bytree': 0.9441501708102282, 'min_child_weight': 8, 'reg_alpha': 0.2308937193227509, 'reg_lambda': 0.16411463438910323}. Best is trial 7 with value: 3.601920712327268.
[I 2026-04-10 07:46:38,742] Trial 13 finished with value: 3.6130552238395097 and parameters: {'n_estimators': 258, 'max_depth': 5, 'learning_rate': 0.010881449043510726, 'subsample': 0.7005452290157342, 'colsample_bytree': 0.9360211877351023, 'min_child_weight': 1, 'reg_alpha': 0.6121587626773581, 'reg_lambda': 0.74232333930633}. Best is trial 7 with value: 3.601920712327268.
[I 2026-04-10 07:46:46,170] Trial 14 finished with value: 3.6584321014573575 and parameters: {'n_estimators': 787, 'max_depth': 7, 'learning_rate': 0.03144532574778792, 'subsample': 0.8433486304127672, 'colsample_bytree': 0.8425341794504363, 'min_child_weight': 8, 'reg_alpha': 0.29965739385061885, 'reg_lambda': 0.1791395462503385}. Best is trial 7 with value: 3.601920712327268.
[I 2026-04-10 07:46:48,188] Trial 15 finished with value: 3.618460525597664 and parameters: {'n_estimators': 299, 'max_depth': 4, 'learning_rate': 0.08024808233234818, 'subsample': 0.6977068923143088, 'colsample_bytree': 0.9441736132938849, 'min_child_weight': 6, 'reg_alpha': 0.57134678212431, 'reg_lambda': 0.28504593908143}. Best is trial 7 with value: 3.601920712327268.
[I 2026-04-10 07:46:52,228] Trial 16 finished with value: 3.610229096895635 and parameters: {'n_estimators': 526, 'max_depth': 5, 'learning_rate': 0.016818863216507107, 'subsample': 0.9985060429294339, 'colsample_bytree': 0.8398295510275862, 'min_child_weight': 9, 'reg_alpha': 0.13432868952522964, 'reg_lambda': 0.43753222964310445}. Best is trial 7 with value: 3.601920712327268.
[I 2026-04-10 07:46:56,853] Trial 17 finished with value: 3.603033369088368 and parameters: {'n_estimators': 731, 'max_depth': 4, 'learning_rate': 0.031100533177192326, 'subsample': 0.7824244403665059, 'colsample_bytree': 0.7389886544618515, 'min_child_weight': 1, 'reg_alpha': 0.8157266946892054, 'reg_lambda': 0.608299232638011}. Best is trial 7 with value: 3.601920712327268.
[I 2026-04-10 07:47:01,282] Trial 18 finished with value: 3.6013530849903264 and parameters: {'n_estimators': 770, 'max_depth': 3, 'learning_rate': 0.030623545539006234, 'subsample': 0.7732541789522289, 'colsample_bytree': 0.7338743545894713, 'min_child_weight': 5, 'reg_alpha': 0.8427012464501368, 'reg_lambda': 0.6677469200551788}. Best is trial 18 with value: 3.6013530849903264.
[I 2026-04-10 07:47:05,940] Trial 19 finished with value: 3.6548546389033154 and parameters: {'n_estimators': 832, 'max_depth': 3, 'learning_rate': 0.11120213948088314, 'subsample': 0.6726305903448383, 'colsample_bytree': 0.6982930734134996, 'min_child_weight': 5, 'reg_alpha': 0.9842410291786785, 'reg_lambda': 0.7670630260586689}. Best is trial 18 with value: 3.6013530849903264.
[I 2026-04-10 07:47:11,414] Trial 20 finished with value: 3.638461154076756 and parameters: {'n_estimators': 678, 'max_depth': 6, 'learning_rate': 0.031171629204877604, 'subsample': 0.7613580676806402, 'colsample_bytree': 0.6648171286588272, 'min_child_weight': 6, 'reg_alpha': 0.37536087377808236, 'reg_lambda': 0.7285365701715918}. Best is trial 18 with value: 3.6013530849903264.
[I 2026-04-10 07:47:16,237] Trial 21 finished with value: 3.6047120343057757 and parameters: {'n_estimators': 754, 'max_depth': 4, 'learning_rate': 0.03182122333666513, 'subsample': 0.790642728602628, 'colsample_bytree': 0.74910070107554, 'min_child_weight': 3, 'reg_alpha': 0.8198723868965013, 'reg_lambda': 0.6151840637922528}. Best is trial 18 with value: 3.6013530849903264.
[I 2026-04-10 07:47:21,197] Trial 22 finished with value: 3.6034220713704173 and parameters: {'n_estimators': 860, 'max_depth': 3, 'learning_rate': 0.024942335853401672, 'subsample': 0.7457211036908135, 'colsample_bytree': 0.7557685097395822, 'min_child_weight': 9, 'reg_alpha': 0.8217219779002319, 'reg_lambda': 0.5399074362387666}. Best is trial 18 with value: 3.6013530849903264.
[I 2026-04-10 07:47:27,390] Trial 23 finished with value: 3.6197711326180837 and parameters: {'n_estimators': 984, 'max_depth': 4, 'learning_rate': 0.03983485894736257, 'subsample': 0.8217280852997625, 'colsample_bytree': 0.8149818206304169, 'min_child_weight': 4, 'reg_alpha': 0.8154173384318856, 'reg_lambda': 0.6232510192052946}. Best is trial 18 with value: 3.6013530849903264.
[I 2026-04-10 07:47:31,280] Trial 24 finished with value: 3.615741756701607 and parameters: {'n_estimators': 672, 'max_depth': 3, 'learning_rate': 0.06126400195443786, 'subsample': 0.6587619124424121, 'colsample_bytree': 0.604262691118469, 'min_child_weight': 7, 'reg_alpha': 0.5391070889089242, 'reg_lambda': 0.818984671707663}. Best is trial 18 with value: 3.6013530849903264.
[I 2026-04-10 07:47:35,228] Trial 25 finished with value: 3.603269410477617 and parameters: {'n_estimators': 594, 'max_depth': 4, 'learning_rate': 0.02654834464432933, 'subsample': 0.724752628507015, 'colsample_bytree': 0.7033037299792706, 'min_child_weight': 2, 'reg_alpha': 0.8964243011484017, 'reg_lambda': 0.6833019192059555}. Best is trial 18 with value: 3.6013530849903264.
[I 2026-04-10 07:47:39,839] Trial 26 finished with value: 3.608535551441312 and parameters: {'n_estimators': 791, 'max_depth': 3, 'learning_rate': 0.05011558882979894, 'subsample': 0.7689170409251442, 'colsample_bytree': 0.7423847212058047, 'min_child_weight': 3, 'reg_alpha': 0.7661240877108629, 'reg_lambda': 0.46987474583318056}. Best is trial 18 with value: 3.6013530849903264.
[I 2026-04-10 07:47:44,677] Trial 27 finished with value: 3.600502223138257 and parameters: {'n_estimators': 707, 'max_depth': 4, 'learning_rate': 0.013378497241241575, 'subsample': 0.8218922559258675, 'colsample_bytree': 0.685936779994649, 'min_child_weight': 9, 'reg_alpha': 0.23117810188212193, 'reg_lambda': 0.9284156061554972}. Best is trial 27 with value: 3.600502223138257.
[I 2026-04-10 07:47:53,541] Trial 28 finished with value: 3.6191070586086025 and parameters: {'n_estimators': 900, 'max_depth': 7, 'learning_rate': 0.01331247451560067, 'subsample': 0.8190237561262834, 'colsample_bytree': 0.6721381064507992, 'min_child_weight': 9, 'reg_alpha': 0.2369030874910349, 'reg_lambda': 0.9663081464534222}. Best is trial 27 with value: 3.600502223138257.
[I 2026-04-10 07:47:58,112] Trial 29 finished with value: 3.606471899883233 and parameters: {'n_estimators': 514, 'max_depth': 6, 'learning_rate': 0.02039592355887959, 'subsample': 0.8850108730784585, 'colsample_bytree': 0.7854858641549683, 'min_child_weight': 10, 'reg_alpha': 0.05223352135485146, 'reg_lambda': 0.8869754456856869}. Best is trial 27 with value: 3.600502223138257.
[optuna] Best params: {'n_estimators': 707, 'max_depth': 4, 'learning_rate': 0.013378497241241575, 'subsample': 0.8218922559258675, 'colsample_bytree': 0.685936779994649, 'min_child_weight': 9, 'reg_alpha': 0.23117810188212193, 'reg_lambda': 0.9284156061554972}
[optuna] Optimizing hyperparameters for ast_reb classification...
[I 2026-04-10 07:55:30,507] A new study created in memory with name: no-name-6671abc0-71c2-4caf-af67-ae064f99e964
[I 2026-04-10 07:55:35,796] Trial 0 finished with value: 0.6250538856828038 and parameters: {'n_estimators': 204, 'max_depth': 5, 'learning_rate': 0.02300050571675788, 'subsample': 0.8346796073699788, 'colsample_bytree': 0.9162630578827429, 'min_child_weight': 2, 'reg_alpha': 0.3592071928946472, 'reg_lambda': 0.9670839627610474}. Best is trial 0 with value: 0.6250538856828038.
[I 2026-04-10 07:56:06,034] Trial 1 finished with value: 0.626162127448763 and parameters: {'n_estimators': 736, 'max_depth': 10, 'learning_rate': 0.01164091588712047, 'subsample': 0.9516174638906573, 'colsample_bytree': 0.769578396078697, 'min_child_weight': 1, 'reg_alpha': 0.3143281385961031, 'reg_lambda': 0.9663011173596394}. Best is trial 1 with value: 0.626162127448763.
[I 2026-04-10 07:56:31,685] Trial 2 finished with value: 0.6080055238403781 and parameters: {'n_estimators': 835, 'max_depth': 8, 'learning_rate': 0.27118922467446027, 'subsample': 0.9874066739857221, 'colsample_bytree': 0.7736847211394532, 'min_child_weight': 2, 'reg_alpha': 0.9631080069274335, 'reg_lambda': 0.9205557092027868}. Best is trial 1 with value: 0.626162127448763.
[I 2026-04-10 07:56:38,060] Trial 3 finished with value: 0.6195675552531715 and parameters: {'n_estimators': 204, 'max_depth': 6, 'learning_rate': 0.011177711616518198, 'subsample': 0.928968856790263, 'colsample_bytree': 0.6612928530099275, 'min_child_weight': 4, 'reg_alpha': 0.13633521473105914, 'reg_lambda': 0.47455298489330444}. Best is trial 1 with value: 0.626162127448763.
[I 2026-04-10 07:57:04,087] Trial 4 finished with value: 0.6241163174642514 and parameters: {'n_estimators': 627, 'max_depth': 10, 'learning_rate': 0.012456260291309418, 'subsample': 0.7588192221782377, 'colsample_bytree': 0.7422200835471692, 'min_child_weight': 3, 'reg_alpha': 0.25494034246792163, 'reg_lambda': 0.9636911748241279}. Best is trial 1 with value: 0.626162127448763.
[I 2026-04-10 07:57:32,701] Trial 5 finished with value: 0.6226960096634553 and parameters: {'n_estimators': 779, 'max_depth': 10, 'learning_rate': 0.021631277057994436, 'subsample': 0.716697322425784, 'colsample_bytree': 0.8067341344853858, 'min_child_weight': 10, 'reg_alpha': 0.6504804025606439, 'reg_lambda': 0.4117851146369951}. Best is trial 1 with value: 0.626162127448763.
[I 2026-04-10 07:57:45,186] Trial 6 finished with value: 0.6050343125781785 and parameters: {'n_estimators': 380, 'max_depth': 9, 'learning_rate': 0.15801712708841698, 'subsample': 0.9856017028345007, 'colsample_bytree': 0.8849455290115676, 'min_child_weight': 4, 'reg_alpha': 0.5388725361794233, 'reg_lambda': 0.7113345601952847}. Best is trial 1 with value: 0.626162127448763.
[I 2026-04-10 07:58:01,795] Trial 7 finished with value: 0.6156252489997676 and parameters: {'n_estimators': 538, 'max_depth': 8, 'learning_rate': 0.04124142569245678, 'subsample': 0.9973718739731581, 'colsample_bytree': 0.9983804560110323, 'min_child_weight': 3, 'reg_alpha': 0.5706135157125006, 'reg_lambda': 0.9654568757732568}. Best is trial 1 with value: 0.626162127448763.
[I 2026-04-10 07:58:11,322] Trial 8 finished with value: 0.594249792169288 and parameters: {'n_estimators': 282, 'max_depth': 8, 'learning_rate': 0.2803634578974927, 'subsample': 0.7170975159174814, 'colsample_bytree': 0.7050644197076105, 'min_child_weight': 2, 'reg_alpha': 0.8981898311341016, 'reg_lambda': 0.42564766075226124}. Best is trial 1 with value: 0.626162127448763.
[I 2026-04-10 07:58:28,960] Trial 9 finished with value: 0.6249357892362265 and parameters: {'n_estimators': 696, 'max_depth': 5, 'learning_rate': 0.035232973279906224, 'subsample': 0.9736692114307741, 'colsample_bytree': 0.9225988884323931, 'min_child_weight': 8, 'reg_alpha': 0.7063291682038599, 'reg_lambda': 0.7917450947973833}. Best is trial 1 with value: 0.626162127448763.
[I 2026-04-10 07:58:50,449] Trial 10 finished with value: 0.621442453766281 and parameters: {'n_estimators': 992, 'max_depth': 3, 'learning_rate': 0.08337687257417083, 'subsample': 0.6300907271813133, 'colsample_bytree': 0.6036730144286433, 'min_child_weight': 6, 'reg_alpha': 0.007480290189435634, 'reg_lambda': 0.11854791732124348}. Best is trial 1 with value: 0.626162127448763.
[I 2026-04-10 07:59:02,424] Trial 11 finished with value: 0.6280768987417792 and parameters: {'n_estimators': 469, 'max_depth': 4, 'learning_rate': 0.022835085054258804, 'subsample': 0.8665703152387983, 'colsample_bytree': 0.8417218769731876, 'min_child_weight': 1, 'reg_alpha': 0.3324498097116275, 'reg_lambda': 0.684734589027115}. Best is trial 11 with value: 0.6280768987417792.
[I 2026-04-10 07:59:13,671] Trial 12 finished with value: 0.6230445108866801 and parameters: {'n_estimators': 470, 'max_depth': 3, 'learning_rate': 0.019069861372505176, 'subsample': 0.8597387233620247, 'colsample_bytree': 0.8345516250250409, 'min_child_weight': 1, 'reg_alpha': 0.3807865046984189, 'reg_lambda': 0.6893679338019347}. Best is trial 11 with value: 0.6280768987417792.
[I 2026-04-10 07:59:24,656] Trial 13 finished with value: 0.6239892455400573 and parameters: {'n_estimators': 444, 'max_depth': 4, 'learning_rate': 0.08084033593181078, 'subsample': 0.891477456520675, 'colsample_bytree': 0.8419080320524056, 'min_child_weight': 6, 'reg_alpha': 0.34659268791620446, 'reg_lambda': 0.605569120082962}. Best is trial 11 with value: 0.6280768987417792.
[I 2026-04-10 07:59:52,362] Trial 14 finished with value: 0.6281457736362885 and parameters: {'n_estimators': 922, 'max_depth': 6, 'learning_rate': 0.010102821902819479, 'subsample': 0.9140695796899815, 'colsample_bytree': 0.7417942936470612, 'min_child_weight': 1, 'reg_alpha': 0.20622309386995244, 'reg_lambda': 0.19361665201259032}. Best is trial 14 with value: 0.6281457736362885.
[I 2026-04-10 08:00:18,029] Trial 15 finished with value: 0.6242113639982468 and parameters: {'n_estimators': 874, 'max_depth': 6, 'learning_rate': 0.017197448770771163, 'subsample': 0.8224267550553488, 'colsample_bytree': 0.713151779747011, 'min_child_weight': 5, 'reg_alpha': 0.18141244655006047, 'reg_lambda': 0.0373231156107032}. Best is trial 14 with value: 0.6281457736362885.
[I 2026-04-10 08:00:43,169] Trial 16 finished with value: 0.6243778328543568 and parameters: {'n_estimators': 981, 'max_depth': 5, 'learning_rate': 0.030812439683808226, 'subsample': 0.8969678899668359, 'colsample_bytree': 0.6500493648105063, 'min_child_weight': 1, 'reg_alpha': 0.05982077704152261, 'reg_lambda': 0.2235993698513171}. Best is trial 14 with value: 0.6281457736362885.
[I 2026-04-10 08:01:03,599] Trial 17 finished with value: 0.6304040251358003 and parameters: {'n_estimators': 609, 'max_depth': 7, 'learning_rate': 0.015382229360056213, 'subsample': 0.7785065955940008, 'colsample_bytree': 0.866340259080766, 'min_child_weight': 8, 'reg_alpha': 0.463962368716422, 'reg_lambda': 0.2772847836656732}. Best is trial 17 with value: 0.6304040251358003.
[I 2026-04-10 08:01:27,512] Trial 18 finished with value: 0.6284216588152841 and parameters: {'n_estimators': 660, 'max_depth': 7, 'learning_rate': 0.010017406167840413, 'subsample': 0.7411537930384584, 'colsample_bytree': 0.989934785681023, 'min_child_weight': 8, 'reg_alpha': 0.462797939682127, 'reg_lambda': 0.2761661646748707}. Best is trial 17 with value: 0.6304040251358003.
[I 2026-04-10 08:01:46,549] Trial 19 finished with value: 0.6154556297017884 and parameters: {'n_estimators': 616, 'max_depth': 7, 'learning_rate': 0.05348976093430583, 'subsample': 0.7669926007203415, 'colsample_bytree': 0.9930451989847356, 'min_child_weight': 8, 'reg_alpha': 0.4618220736340645, 'reg_lambda': 0.28185070362577586}. Best is trial 17 with value: 0.6304040251358003.
[I 2026-04-10 08:02:07,949] Trial 20 finished with value: 0.6258348383803631 and parameters: {'n_estimators': 639, 'max_depth': 7, 'learning_rate': 0.01600237611440824, 'subsample': 0.6448341262104017, 'colsample_bytree': 0.9546556675968807, 'min_child_weight': 8, 'reg_alpha': 0.7742426132126712, 'reg_lambda': 0.34525196791090995}. Best is trial 17 with value: 0.6304040251358003.
[I 2026-04-10 08:02:37,562] Trial 21 finished with value: 0.6259804929890198 and parameters: {'n_estimators': 890, 'max_depth': 7, 'learning_rate': 0.010355473437685605, 'subsample': 0.7864324741257734, 'colsample_bytree': 0.8758360339231792, 'min_child_weight': 10, 'reg_alpha': 0.4683000545424171, 'reg_lambda': 0.194945968533498}. Best is trial 17 with value: 0.6304040251358003.
[I 2026-04-10 08:02:54,662] Trial 22 finished with value: 0.6283304149630762 and parameters: {'n_estimators': 549, 'max_depth': 6, 'learning_rate': 0.015381594433390178, 'subsample': 0.7159968413730953, 'colsample_bytree': 0.9575135310294685, 'min_child_weight': 7, 'reg_alpha': 0.19391888573565258, 'reg_lambda': 0.1365518914288685}. Best is trial 17 with value: 0.6304040251358003.
[I 2026-04-10 08:03:14,097] Trial 23 finished with value: 0.6265923145430041 and parameters: {'n_estimators': 563, 'max_depth': 7, 'learning_rate': 0.01415934751648411, 'subsample': 0.7086216150647286, 'colsample_bytree': 0.9621349979207914, 'min_child_weight': 7, 'reg_alpha': 0.6585708929001156, 'reg_lambda': 0.03950988203445151}. Best is trial 17 with value: 0.6304040251358003.
[I 2026-04-10 08:03:26,878] Trial 24 finished with value: 0.6229020641498224 and parameters: {'n_estimators': 334, 'max_depth': 8, 'learning_rate': 0.030740408009856814, 'subsample': 0.6595052484032912, 'colsample_bytree': 0.9458415305258122, 'min_child_weight': 9, 'reg_alpha': 0.44651027265398446, 'reg_lambda': 0.3147192678261195}. Best is trial 17 with value: 0.6304040251358003.
[I 2026-04-10 08:03:49,286] Trial 25 finished with value: 0.6254306752486454 and parameters: {'n_estimators': 548, 'max_depth': 9, 'learning_rate': 0.015001202625986022, 'subsample': 0.6805034999938138, 'colsample_bytree': 0.893352946225626, 'min_child_weight': 7, 'reg_alpha': 0.5923042427753203, 'reg_lambda': 0.09082993023428665}. Best is trial 17 with value: 0.6304040251358003.
[I 2026-04-10 08:04:09,845] Trial 26 finished with value: 0.6228543152652429 and parameters: {'n_estimators': 698, 'max_depth': 6, 'learning_rate': 0.02512561652482088, 'subsample': 0.6025447581090309, 'colsample_bytree': 0.9673906239369272, 'min_child_weight': 9, 'reg_alpha': 0.7843316003695813, 'reg_lambda': 0.5518782222842732}. Best is trial 17 with value: 0.6304040251358003.
[I 2026-04-10 08:04:38,763] Trial 27 finished with value: 0.6140392148298124 and parameters: {'n_estimators': 794, 'max_depth': 9, 'learning_rate': 0.04932514705371078, 'subsample': 0.756014024927478, 'colsample_bytree': 0.9236347654834712, 'min_child_weight': 7, 'reg_alpha': 0.12503612643490158, 'reg_lambda': 0.13630154846987277}. Best is trial 17 with value: 0.6304040251358003.
[I 2026-04-10 08:04:54,492] Trial 28 finished with value: 0.6072864190751904 and parameters: {'n_estimators': 513, 'max_depth': 7, 'learning_rate': 0.0883399807917143, 'subsample': 0.7323262310378554, 'colsample_bytree': 0.8685693618084971, 'min_child_weight': 9, 'reg_alpha': 0.27377217576679447, 'reg_lambda': 0.2658184496964963}. Best is trial 17 with value: 0.6304040251358003.
[I 2026-04-10 08:04:58,421] Trial 29 finished with value: 0.6149684803213555 and parameters: {'n_estimators': 114, 'max_depth': 5, 'learning_rate': 0.018542771130695718, 'subsample': 0.8253032184428967, 'colsample_bytree': 0.9079734474413352, 'min_child_weight': 6, 'reg_alpha': 0.426606320543908, 'reg_lambda': 0.40082759694362863}. Best is trial 17 with value: 0.6304040251358003.
[optuna] Best params: {'n_estimators': 609, 'max_depth': 7, 'learning_rate': 0.015382229360056213, 'subsample': 0.7785065955940008, 'colsample_bytree': 0.866340259080766, 'min_child_weight': 8, 'reg_alpha': 0.463962368716422, 'reg_lambda': 0.2772847836656732}
[wf] pts_ast_reb: auc_raw=0.555 brier_raw=0.278 auc_cal=0.549 brier_cal=0.257 folds=5
[optuna] Optimizing hyperparameters for pts_ast_reb regression...
[I 2026-04-10 08:17:16,679] A new study created in memory with name: no-name-3bec4355-f8f1-40db-951d-f2f54cce273a
[I 2026-04-10 08:17:17,743] Trial 0 finished with value: 8.552040555178785 and parameters: {'n_estimators': 135, 'max_depth': 4, 'learning_rate': 0.04207297642268067, 'subsample': 0.7860919491455197, 'colsample_bytree': 0.9397547259968566, 'min_child_weight': 1, 'reg_alpha': 0.6862815999335954, 'reg_lambda': 0.7350247759756987}. Best is trial 0 with value: 8.552040555178785.
[I 2026-04-10 08:17:21,498] Trial 1 finished with value: 8.618243291117986 and parameters: {'n_estimators': 703, 'max_depth': 3, 'learning_rate': 0.10553624345028763, 'subsample': 0.8099257181650316, 'colsample_bytree': 0.906382953281047, 'min_child_weight': 2, 'reg_alpha': 0.8977516483895877, 'reg_lambda': 0.8962715440139987}. Best is trial 0 with value: 8.552040555178785.
[I 2026-04-10 08:17:27,028] Trial 2 finished with value: 9.305269211754347 and parameters: {'n_estimators': 455, 'max_depth': 8, 'learning_rate': 0.14260677663485014, 'subsample': 0.6068004726328533, 'colsample_bytree': 0.8064012453611625, 'min_child_weight': 1, 'reg_alpha': 0.3675502321726478, 'reg_lambda': 0.24840018296121769}. Best is trial 0 with value: 8.552040555178785.
[I 2026-04-10 08:17:30,869] Trial 3 finished with value: 8.546490483676342 and parameters: {'n_estimators': 704, 'max_depth': 3, 'learning_rate': 0.034368479748152214, 'subsample': 0.8970665910168942, 'colsample_bytree': 0.8581841484691339, 'min_child_weight': 9, 'reg_alpha': 0.04600140552929599, 'reg_lambda': 0.7879397716314879}. Best is trial 3 with value: 8.546490483676342.
[I 2026-04-10 08:17:32,538] Trial 4 finished with value: 8.618063455765606 and parameters: {'n_estimators': 129, 'max_depth': 8, 'learning_rate': 0.053567503382374856, 'subsample': 0.9515886421548642, 'colsample_bytree': 0.9790031826933571, 'min_child_weight': 10, 'reg_alpha': 0.022388796799757027, 'reg_lambda': 0.8046905390874187}. Best is trial 3 with value: 8.546490483676342.
[I 2026-04-10 08:17:41,368] Trial 5 finished with value: 8.894591380753056 and parameters: {'n_estimators': 541, 'max_depth': 10, 'learning_rate': 0.07573404563476147, 'subsample': 0.917855150263796, 'colsample_bytree': 0.6449937770581876, 'min_child_weight': 5, 'reg_alpha': 0.5476169774306945, 'reg_lambda': 0.49141877009281687}. Best is trial 3 with value: 8.546490483676342.
[I 2026-04-10 08:17:44,270] Trial 6 finished with value: 8.602836567309986 and parameters: {'n_estimators': 188, 'max_depth': 9, 'learning_rate': 0.02384719584705204, 'subsample': 0.7478695453553814, 'colsample_bytree': 0.7802765146701497, 'min_child_weight': 8, 'reg_alpha': 0.9369827049297618, 'reg_lambda': 0.01007653179627499}. Best is trial 3 with value: 8.546490483676342.
[I 2026-04-10 08:17:46,402] Trial 7 finished with value: 9.222037246107007 and parameters: {'n_estimators': 126, 'max_depth': 10, 'learning_rate': 0.22934856921932203, 'subsample': 0.9661653189363474, 'colsample_bytree': 0.7535804806625328, 'min_child_weight': 8, 'reg_alpha': 0.6805324095590749, 'reg_lambda': 0.26461560282143815}. Best is trial 3 with value: 8.546490483676342.
[I 2026-04-10 08:17:55,125] Trial 8 finished with value: 8.717646743352564 and parameters: {'n_estimators': 664, 'max_depth': 9, 'learning_rate': 0.03132177556392811, 'subsample': 0.8162457417061618, 'colsample_bytree': 0.8488904744515543, 'min_child_weight': 10, 'reg_alpha': 0.14932794104315839, 'reg_lambda': 0.8308309765756213}. Best is trial 3 with value: 8.546490483676342.
[I 2026-04-10 08:18:03,261] Trial 9 finished with value: 8.594246786665733 and parameters: {'n_estimators': 809, 'max_depth': 7, 'learning_rate': 0.01562421159005946, 'subsample': 0.7514977996297224, 'colsample_bytree': 0.8479838234692574, 'min_child_weight': 3, 'reg_alpha': 0.5752387150222681, 'reg_lambda': 0.458643708642953}. Best is trial 3 with value: 8.546490483676342.
[I 2026-04-10 08:18:06,343] Trial 10 finished with value: 8.552529086167201 and parameters: {'n_estimators': 379, 'max_depth': 5, 'learning_rate': 0.013334108371231583, 'subsample': 0.8811141628111394, 'colsample_bytree': 0.6549981874839008, 'min_child_weight': 6, 'reg_alpha': 0.2950077057793009, 'reg_lambda': 0.9897339854388552}. Best is trial 3 with value: 8.546490483676342.
[I 2026-04-10 08:18:11,534] Trial 11 finished with value: 8.559828287096897 and parameters: {'n_estimators': 927, 'max_depth': 3, 'learning_rate': 0.04340115753308622, 'subsample': 0.8636033287272515, 'colsample_bytree': 0.9901377528153357, 'min_child_weight': 4, 'reg_alpha': 0.7236025095727324, 'reg_lambda': 0.6800524203186009}. Best is trial 3 with value: 8.546490483676342.
[I 2026-04-10 08:18:13,997] Trial 12 finished with value: 8.555730099462894 and parameters: {'n_estimators': 308, 'max_depth': 5, 'learning_rate': 0.027896411791375277, 'subsample': 0.6914061320328253, 'colsample_bytree': 0.9171954079918119, 'min_child_weight': 7, 'reg_alpha': 0.3337748375142505, 'reg_lambda': 0.6606283025875835}. Best is trial 3 with value: 8.546490483676342.
[I 2026-04-10 08:18:21,065] Trial 13 finished with value: 8.673334945796956 and parameters: {'n_estimators': 988, 'max_depth': 5, 'learning_rate': 0.0439448652266553, 'subsample': 0.8552254014644616, 'colsample_bytree': 0.9161067841397937, 'min_child_weight': 1, 'reg_alpha': 0.7676554233984734, 'reg_lambda': 0.6588479866299173}. Best is trial 3 with value: 8.546490483676342.
[I 2026-04-10 08:18:25,390] Trial 14 finished with value: 8.635605836842 and parameters: {'n_estimators': 679, 'max_depth': 4, 'learning_rate': 0.07311429879058305, 'subsample': 0.9969778765831887, 'colsample_bytree': 0.8673769679699078, 'min_child_weight': 4, 'reg_alpha': 0.006748315050501663, 'reg_lambda': 0.7286107327162306}. Best is trial 3 with value: 8.546490483676342.
[I 2026-04-10 08:18:29,139] Trial 15 finished with value: 8.538193061683375 and parameters: {'n_estimators': 550, 'max_depth': 4, 'learning_rate': 0.018826970041372525, 'subsample': 0.7417693654166421, 'colsample_bytree': 0.7331540441480202, 'min_child_weight': 9, 'reg_alpha': 0.45005694075381114, 'reg_lambda': 0.5379586799302809}. Best is trial 15 with value: 8.538193061683375.
[I 2026-04-10 08:18:34,472] Trial 16 finished with value: 8.550591912219291 and parameters: {'n_estimators': 539, 'max_depth': 6, 'learning_rate': 0.010729372221343179, 'subsample': 0.6802627627732757, 'colsample_bytree': 0.7359037804297243, 'min_child_weight': 9, 'reg_alpha': 0.19153668258540402, 'reg_lambda': 0.3885189533768706}. Best is trial 15 with value: 8.538193061683375.
[I 2026-04-10 08:18:39,112] Trial 17 finished with value: 8.54599357286169 and parameters: {'n_estimators': 810, 'max_depth': 3, 'learning_rate': 0.01710115998327197, 'subsample': 0.7179460428810109, 'colsample_bytree': 0.7123169356055745, 'min_child_weight': 8, 'reg_alpha': 0.44586362288844605, 'reg_lambda': 0.54924559663561}. Best is trial 15 with value: 8.538193061683375.
[I 2026-04-10 08:18:44,534] Trial 18 finished with value: 8.547537524117496 and parameters: {'n_estimators': 860, 'max_depth': 4, 'learning_rate': 0.01982199008813819, 'subsample': 0.672492480090683, 'colsample_bytree': 0.6910959103989047, 'min_child_weight': 7, 'reg_alpha': 0.4783398272446906, 'reg_lambda': 0.3342498603152949}. Best is trial 15 with value: 8.538193061683375.
[I 2026-04-10 08:18:51,301] Trial 19 finished with value: 8.592261993269487 and parameters: {'n_estimators': 789, 'max_depth': 6, 'learning_rate': 0.018324312717198355, 'subsample': 0.620045046559975, 'colsample_bytree': 0.7218928448543965, 'min_child_weight': 8, 'reg_alpha': 0.4467129056661769, 'reg_lambda': 0.5557993827377226}. Best is trial 15 with value: 8.538193061683375.
[I 2026-04-10 08:18:55,275] Trial 20 finished with value: 8.541086970653476 and parameters: {'n_estimators': 584, 'max_depth': 4, 'learning_rate': 0.0117307129478225, 'subsample': 0.7236414550737194, 'colsample_bytree': 0.6036224189672837, 'min_child_weight': 6, 'reg_alpha': 0.24852253767904123, 'reg_lambda': 0.542618427945898}. Best is trial 15 with value: 8.538193061683375.
[I 2026-04-10 08:18:59,476] Trial 21 finished with value: 8.54158761760053 and parameters: {'n_estimators': 612, 'max_depth': 4, 'learning_rate': 0.011644182492439877, 'subsample': 0.720376304608911, 'colsample_bytree': 0.6230241227937013, 'min_child_weight': 6, 'reg_alpha': 0.2288478898105293, 'reg_lambda': 0.571105191729021}. Best is trial 15 with value: 8.538193061683375.
[I 2026-04-10 08:19:03,582] Trial 22 finished with value: 8.544691859929012 and parameters: {'n_estimators': 597, 'max_depth': 4, 'learning_rate': 0.010691275048069613, 'subsample': 0.7572026026303631, 'colsample_bytree': 0.6019077084931961, 'min_child_weight': 6, 'reg_alpha': 0.23457009319625832, 'reg_lambda': 0.5846559916907523}. Best is trial 15 with value: 8.538193061683375.
[I 2026-04-10 08:19:07,245] Trial 23 finished with value: 8.547917526241577 and parameters: {'n_estimators': 468, 'max_depth': 5, 'learning_rate': 0.012860667401075086, 'subsample': 0.7180889833460637, 'colsample_bytree': 0.6044456914046274, 'min_child_weight': 5, 'reg_alpha': 0.16579275616397982, 'reg_lambda': 0.4195087112190475}. Best is trial 15 with value: 8.538193061683375.
[I 2026-04-10 08:19:12,562] Trial 24 finished with value: 8.54490084930898 and parameters: {'n_estimators': 607, 'max_depth': 6, 'learning_rate': 0.010218527132402665, 'subsample': 0.6528962161343642, 'colsample_bytree': 0.6620351857897123, 'min_child_weight': 7, 'reg_alpha': 0.37234010477934654, 'reg_lambda': 0.15836243953908835}. Best is trial 15 with value: 8.538193061683375.
[I 2026-04-10 08:19:15,670] Trial 25 finished with value: 8.543924923230515 and parameters: {'n_estimators': 464, 'max_depth': 4, 'learning_rate': 0.022992922168634276, 'subsample': 0.7181441737890848, 'colsample_bytree': 0.6803620943558836, 'min_child_weight': 4, 'reg_alpha': 0.2842306340085735, 'reg_lambda': 0.5969294050886808}. Best is trial 15 with value: 8.538193061683375.
[I 2026-04-10 08:19:18,444] Trial 26 finished with value: 8.550995262600308 and parameters: {'n_estimators': 337, 'max_depth': 5, 'learning_rate': 0.014143427356811848, 'subsample': 0.7795562502646379, 'colsample_bytree': 0.6431238404260592, 'min_child_weight': 6, 'reg_alpha': 0.08447828852003364, 'reg_lambda': 0.5080463734412634}. Best is trial 15 with value: 8.538193061683375.
[I 2026-04-10 08:19:24,347] Trial 27 finished with value: 8.59486114693491 and parameters: {'n_estimators': 613, 'max_depth': 7, 'learning_rate': 0.021646553996433622, 'subsample': 0.647998416516947, 'colsample_bytree': 0.6224861398264889, 'min_child_weight': 5, 'reg_alpha': 0.23009219746184903, 'reg_lambda': 0.3479025466748089}. Best is trial 15 with value: 8.538193061683375.
[I 2026-04-10 08:19:27,367] Trial 28 finished with value: 8.55108139607817 and parameters: {'n_estimators': 410, 'max_depth': 4, 'learning_rate': 0.013478981676733292, 'subsample': 0.8342973645426256, 'colsample_bytree': 0.6922807032943149, 'min_child_weight': 3, 'reg_alpha': 0.4014217683670885, 'reg_lambda': 0.6358296576878054}. Best is trial 15 with value: 8.538193061683375.
[I 2026-04-10 08:19:30,503] Trial 29 finished with value: 8.543334205234613 and parameters: {'n_estimators': 513, 'max_depth': 3, 'learning_rate': 0.02717285554924257, 'subsample': 0.7774569041310899, 'colsample_bytree': 0.7696301101632717, 'min_child_weight': 7, 'reg_alpha': 0.6082581672080838, 'reg_lambda': 0.7440174533827711}. Best is trial 15 with value: 8.538193061683375.
[optuna] Best params: {'n_estimators': 550, 'max_depth': 4, 'learning_rate': 0.018826970041372525, 'subsample': 0.7417693654166421, 'colsample_bytree': 0.7331540441480202, 'min_child_weight': 9, 'reg_alpha': 0.45005694075381114, 'reg_lambda': 0.5379586799302809}
[optuna] Optimizing hyperparameters for pts_ast_reb classification...
[I 2026-04-10 08:27:01,469] A new study created in memory with name: no-name-7672e378-b77f-4b8c-b6a1-f6041981b161
[I 2026-04-10 08:27:08,894] Trial 0 finished with value: 0.571331306824382 and parameters: {'n_estimators': 244, 'max_depth': 8, 'learning_rate': 0.03603650622997856, 'subsample': 0.8648016574881606, 'colsample_bytree': 0.9987279185258715, 'min_child_weight': 6, 'reg_alpha': 0.37238784779256706, 'reg_lambda': 0.177625341322879}. Best is trial 0 with value: 0.571331306824382.
[I 2026-04-10 08:27:18,685] Trial 1 finished with value: 0.5594805483925404 and parameters: {'n_estimators': 420, 'max_depth': 6, 'learning_rate': 0.19072485890283222, 'subsample': 0.8105721524344165, 'colsample_bytree': 0.7055410327038992, 'min_child_weight': 10, 'reg_alpha': 0.1713562597784577, 'reg_lambda': 0.7965114051464942}. Best is trial 0 with value: 0.571331306824382.
[I 2026-04-10 08:27:39,501] Trial 2 finished with value: 0.5701635218121918 and parameters: {'n_estimators': 998, 'max_depth': 4, 'learning_rate': 0.1465373317941257, 'subsample': 0.9145236129285232, 'colsample_bytree': 0.7921783382634796, 'min_child_weight': 1, 'reg_alpha': 0.7808004854126, 'reg_lambda': 0.26571886652049237}. Best is trial 0 with value: 0.571331306824382.
[I 2026-04-10 08:28:02,044] Trial 3 finished with value: 0.5858501490639957 and parameters: {'n_estimators': 862, 'max_depth': 6, 'learning_rate': 0.011565732493953455, 'subsample': 0.8238980750634776, 'colsample_bytree': 0.9551399702943324, 'min_child_weight': 7, 'reg_alpha': 0.2537423611525963, 'reg_lambda': 0.576943633463787}. Best is trial 3 with value: 0.5858501490639957.
[I 2026-04-10 08:28:12,816] Trial 4 finished with value: 0.5743229719281014 and parameters: {'n_estimators': 342, 'max_depth': 8, 'learning_rate': 0.03531261615015896, 'subsample': 0.9025740719470927, 'colsample_bytree': 0.8838196876841868, 'min_child_weight': 2, 'reg_alpha': 0.06114108594499412, 'reg_lambda': 0.7916007970966655}. Best is trial 3 with value: 0.5858501490639957.
[I 2026-04-10 08:28:22,404] Trial 5 finished with value: 0.5847106754258962 and parameters: {'n_estimators': 308, 'max_depth': 7, 'learning_rate': 0.013852013248174129, 'subsample': 0.7127266881829878, 'colsample_bytree': 0.843256870373936, 'min_child_weight': 3, 'reg_alpha': 0.8444962355356888, 'reg_lambda': 0.8914378550588675}. Best is trial 3 with value: 0.5858501490639957.
[I 2026-04-10 08:28:36,384] Trial 6 finished with value: 0.5808135523487304 and parameters: {'n_estimators': 631, 'max_depth': 4, 'learning_rate': 0.05684117790348899, 'subsample': 0.7269925538806766, 'colsample_bytree': 0.9164011433179988, 'min_child_weight': 10, 'reg_alpha': 0.8765556641762199, 'reg_lambda': 0.1388604135486241}. Best is trial 3 with value: 0.5858501490639957.
[I 2026-04-10 08:29:06,961] Trial 7 finished with value: 0.5642337294006698 and parameters: {'n_estimators': 884, 'max_depth': 9, 'learning_rate': 0.2736610929135312, 'subsample': 0.969542945729025, 'colsample_bytree': 0.8738239619684389, 'min_child_weight': 2, 'reg_alpha': 0.7330168466554459, 'reg_lambda': 0.7030393337754482}. Best is trial 3 with value: 0.5858501490639957.
[I 2026-04-10 08:29:25,859] Trial 8 finished with value: 0.5778026062933566 and parameters: {'n_estimators': 932, 'max_depth': 3, 'learning_rate': 0.10934824575585915, 'subsample': 0.9473540393710109, 'colsample_bytree': 0.6619677752462428, 'min_child_weight': 10, 'reg_alpha': 0.7327160958578618, 'reg_lambda': 0.5382220357133124}. Best is trial 3 with value: 0.5858501490639957.
[I 2026-04-10 08:29:38,847] Trial 9 finished with value: 0.5805292103397904 and parameters: {'n_estimators': 279, 'max_depth': 10, 'learning_rate': 0.012262717634311556, 'subsample': 0.866735111589665, 'colsample_bytree': 0.8435522260419255, 'min_child_weight': 5, 'reg_alpha': 0.14723337606712938, 'reg_lambda': 0.9285554118580025}. Best is trial 3 with value: 0.5858501490639957.
[I 2026-04-10 08:29:56,758] Trial 10 finished with value: 0.5821144187738965 and parameters: {'n_estimators': 648, 'max_depth': 6, 'learning_rate': 0.020096107180571567, 'subsample': 0.6119804276455066, 'colsample_bytree': 0.9824363177855966, 'min_child_weight': 7, 'reg_alpha': 0.4741371022858704, 'reg_lambda': 0.4407533141266934}. Best is trial 3 with value: 0.5858501490639957.
[I 2026-04-10 08:30:01,336] Trial 11 finished with value: 0.5853175908164856 and parameters: {'n_estimators': 112, 'max_depth': 7, 'learning_rate': 0.010512712638248385, 'subsample': 0.7188730502345754, 'colsample_bytree': 0.7599357873634043, 'min_child_weight': 4, 'reg_alpha': 0.9872202716206439, 'reg_lambda': 0.9955281980437761}. Best is trial 3 with value: 0.5858501490639957.
[I 2026-04-10 08:30:05,730] Trial 12 finished with value: 0.582100038652493 and parameters: {'n_estimators': 121, 'max_depth': 6, 'learning_rate': 0.010863360782155525, 'subsample': 0.7448413345634382, 'colsample_bytree': 0.7469610693884302, 'min_child_weight': 8, 'reg_alpha': 0.9891764486476455, 'reg_lambda': 0.5809032786364923}. Best is trial 3 with value: 0.5858501490639957.
[I 2026-04-10 08:30:25,476] Trial 13 finished with value: 0.5821069185857184 and parameters: {'n_estimators': 767, 'max_depth': 5, 'learning_rate': 0.020527149578376324, 'subsample': 0.6503927218701725, 'colsample_bytree': 0.6312036163174499, 'min_child_weight': 4, 'reg_alpha': 0.3187137763789874, 'reg_lambda': 0.3828274558525658}. Best is trial 3 with value: 0.5858501490639957.
[I 2026-04-10 08:30:40,790] Trial 14 finished with value: 0.5814542920373653 and parameters: {'n_estimators': 491, 'max_depth': 7, 'learning_rate': 0.021677147091881246, 'subsample': 0.7922152862969861, 'colsample_bytree': 0.7695435054794927, 'min_child_weight': 8, 'reg_alpha': 0.6076176254420679, 'reg_lambda': 0.9941602169875501}. Best is trial 3 with value: 0.5858501490639957.
[I 2026-04-10 08:30:44,782] Trial 15 finished with value: 0.5859882659678374 and parameters: {'n_estimators': 101, 'max_depth': 8, 'learning_rate': 0.062251125424256766, 'subsample': 0.7969278313975808, 'colsample_bytree': 0.9388849379452211, 'min_child_weight': 5, 'reg_alpha': 0.5530809346021984, 'reg_lambda': 0.010819357850683664}. Best is trial 15 with value: 0.5859882659678374.
[I 2026-04-10 08:31:12,423] Trial 16 finished with value: 0.5806489685131573 and parameters: {'n_estimators': 784, 'max_depth': 9, 'learning_rate': 0.07477218913093898, 'subsample': 0.8050397265529671, 'colsample_bytree': 0.9477713338282155, 'min_child_weight': 6, 'reg_alpha': 0.5651915858303512, 'reg_lambda': 0.015130615850167718}. Best is trial 15 with value: 0.5859882659678374.
[I 2026-04-10 08:31:33,542] Trial 17 finished with value: 0.5744872578780724 and parameters: {'n_estimators': 659, 'max_depth': 8, 'learning_rate': 0.03466747978224387, 'subsample': 0.8438055756480622, 'colsample_bytree': 0.9351938401094095, 'min_child_weight': 8, 'reg_alpha': 0.2971745365330242, 'reg_lambda': 0.656260954406342}. Best is trial 15 with value: 0.5859882659678374.
[I 2026-04-10 08:31:46,946] Trial 18 finished with value: 0.5713124992251915 and parameters: {'n_estimators': 527, 'max_depth': 5, 'learning_rate': 0.0799778571517155, 'subsample': 0.7832763052544526, 'colsample_bytree': 0.9591606902138935, 'min_child_weight': 5, 'reg_alpha': 0.4611225719526612, 'reg_lambda': 0.33713524524676614}. Best is trial 15 with value: 0.5859882659678374.
[I 2026-04-10 08:32:17,362] Trial 19 finished with value: 0.5719788693174965 and parameters: {'n_estimators': 785, 'max_depth': 10, 'learning_rate': 0.04847139339006559, 'subsample': 0.6789288616141939, 'colsample_bytree': 0.9109784345130811, 'min_child_weight': 7, 'reg_alpha': 0.0019155264625556612, 'reg_lambda': 0.016502073189728017}. Best is trial 15 with value: 0.5859882659678374.
[I 2026-04-10 08:32:25,203] Trial 20 finished with value: 0.569301587781676 and parameters: {'n_estimators': 195, 'max_depth': 9, 'learning_rate': 0.10187284586713766, 'subsample': 0.7614464592752916, 'colsample_bytree': 0.8403233775394319, 'min_child_weight': 4, 'reg_alpha': 0.20823624122282408, 'reg_lambda': 0.46975889232860335}. Best is trial 15 with value: 0.5859882659678374.
[I 2026-04-10 08:32:30,317] Trial 21 finished with value: 0.5852856925732933 and parameters: {'n_estimators': 126, 'max_depth': 7, 'learning_rate': 0.01448580669231841, 'subsample': 0.6901051480567257, 'colsample_bytree': 0.7233857670417149, 'min_child_weight': 4, 'reg_alpha': 0.5666405714160134, 'reg_lambda': 0.6597251636045245}. Best is trial 15 with value: 0.5859882659678374.
[I 2026-04-10 08:32:36,310] Trial 22 finished with value: 0.586103633389039 and parameters: {'n_estimators': 199, 'max_depth': 5, 'learning_rate': 0.02493405299667604, 'subsample': 0.838301139831174, 'colsample_bytree': 0.8191104588855106, 'min_child_weight': 5, 'reg_alpha': 0.6587096025191036, 'reg_lambda': 0.2303227902786149}. Best is trial 22 with value: 0.586103633389039.
[I 2026-04-10 08:32:46,885] Trial 23 finished with value: 0.5843785452212257 and parameters: {'n_estimators': 385, 'max_depth': 5, 'learning_rate': 0.026311343742587045, 'subsample': 0.8341099656285951, 'colsample_bytree': 0.8847565670704691, 'min_child_weight': 7, 'reg_alpha': 0.6533380817853319, 'reg_lambda': 0.14493613199779748}. Best is trial 22 with value: 0.586103633389039.
[I 2026-04-10 08:32:52,229] Trial 24 finished with value: 0.5894606000955241 and parameters: {'n_estimators': 200, 'max_depth': 4, 'learning_rate': 0.04862121779752453, 'subsample': 0.8801532991183533, 'colsample_bytree': 0.8089211829994024, 'min_child_weight': 6, 'reg_alpha': 0.4124691627729886, 'reg_lambda': 0.2505631382509281}. Best is trial 24 with value: 0.5894606000955241.
[I 2026-04-10 08:32:56,637] Trial 25 finished with value: 0.5838858750800486 and parameters: {'n_estimators': 177, 'max_depth': 3, 'learning_rate': 0.05065820136132758, 'subsample': 0.8927997751478296, 'colsample_bytree': 0.8125536942374048, 'min_child_weight': 5, 'reg_alpha': 0.3970768203309251, 'reg_lambda': 0.25992178160568}. Best is trial 24 with value: 0.5894606000955241.
[I 2026-04-10 08:33:02,300] Trial 26 finished with value: 0.5872552224018396 and parameters: {'n_estimators': 218, 'max_depth': 4, 'learning_rate': 0.06788509097394252, 'subsample': 0.9359432499697126, 'colsample_bytree': 0.7953587116333092, 'min_child_weight': 6, 'reg_alpha': 0.6685486935808418, 'reg_lambda': 0.1076783348853856}. Best is trial 24 with value: 0.5894606000955241.
[I 2026-04-10 08:33:08,045] Trial 27 finished with value: 0.5872372839757075 and parameters: {'n_estimators': 220, 'max_depth': 4, 'learning_rate': 0.04284721106489996, 'subsample': 0.995578549752569, 'colsample_bytree': 0.8221049910934088, 'min_child_weight': 6, 'reg_alpha': 0.6470325991578777, 'reg_lambda': 0.2293072857030119}. Best is trial 24 with value: 0.5894606000955241.
[I 2026-04-10 08:33:18,834] Trial 28 finished with value: 0.5853048551868317 and parameters: {'n_estimators': 440, 'max_depth': 4, 'learning_rate': 0.04436575917222923, 'subsample': 0.9901828617152313, 'colsample_bytree': 0.7783881075127511, 'min_child_weight': 6, 'reg_alpha': 0.44671523573472294, 'reg_lambda': 0.08602210240125224}. Best is trial 24 with value: 0.5894606000955241.
[I 2026-04-10 08:33:24,665] Trial 29 finished with value: 0.5876068294281497 and parameters: {'n_estimators': 246, 'max_depth': 3, 'learning_rate': 0.07434112767136504, 'subsample': 0.9421942431092166, 'colsample_bytree': 0.6908767865980726, 'min_child_weight': 9, 'reg_alpha': 0.3492741300479509, 'reg_lambda': 0.3224887817192884}. Best is trial 24 with value: 0.5894606000955241.
[optuna] Best params: {'n_estimators': 200, 'max_depth': 4, 'learning_rate': 0.04862121779752453, 'subsample': 0.8801532991183533, 'colsample_bytree': 0.8089211829994024, 'min_child_weight': 6, 'reg_alpha': 0.4124691627729886, 'reg_lambda': 0.2505631382509281}
[wf] stl_blk: auc_raw=0.711 brier_raw=0.220 auc_cal=0.713 brier_cal=0.207 folds=5
[optuna] Optimizing hyperparameters for stl_blk regression...
[I 2026-04-10 08:44:53,348] A new study created in memory with name: no-name-c81dd6ef-f80f-434f-bb0d-e370d97de037
[I 2026-04-10 08:44:55,589] Trial 0 finished with value: 1.2831080615036903 and parameters: {'n_estimators': 282, 'max_depth': 6, 'learning_rate': 0.05099130284068884, 'subsample': 0.6893208151365511, 'colsample_bytree': 0.631454873700733, 'min_child_weight': 5, 'reg_alpha': 0.429021430702321, 'reg_lambda': 0.5669732742781952}. Best is trial 0 with value: 1.2831080615036903.
[I 2026-04-10 08:45:05,088] Trial 1 finished with value: 1.2958084559566208 and parameters: {'n_estimators': 886, 'max_depth': 8, 'learning_rate': 0.017781091584892623, 'subsample': 0.6460695975953645, 'colsample_bytree': 0.8343048328755729, 'min_child_weight': 8, 'reg_alpha': 0.6732006671650724, 'reg_lambda': 0.48326453159608307}. Best is trial 0 with value: 1.2831080615036903.
[I 2026-04-10 08:45:10,273] Trial 2 finished with value: 1.28147442245145 and parameters: {'n_estimators': 386, 'max_depth': 9, 'learning_rate': 0.017836253196648236, 'subsample': 0.8390548414487589, 'colsample_bytree': 0.6197364392765572, 'min_child_weight': 5, 'reg_alpha': 0.2408520976566646, 'reg_lambda': 0.6306102690564163}. Best is trial 2 with value: 1.28147442245145.
[I 2026-04-10 08:45:15,719] Trial 3 finished with value: 1.2749144640676806 and parameters: {'n_estimators': 780, 'max_depth': 5, 'learning_rate': 0.011492257713960872, 'subsample': 0.6241411334315747, 'colsample_bytree': 0.7836989779129299, 'min_child_weight': 2, 'reg_alpha': 0.4010396839405187, 'reg_lambda': 0.8031715007881169}. Best is trial 3 with value: 1.2749144640676806.
[I 2026-04-10 08:45:17,879] Trial 4 finished with value: 1.2957446291358956 and parameters: {'n_estimators': 224, 'max_depth': 7, 'learning_rate': 0.07539959590674136, 'subsample': 0.6394541416109647, 'colsample_bytree': 0.8471841700845693, 'min_child_weight': 10, 'reg_alpha': 0.338225235665085, 'reg_lambda': 0.3247493528912485}. Best is trial 3 with value: 1.2749144640676806.
[I 2026-04-10 08:45:25,164] Trial 5 finished with value: 1.3831301253835757 and parameters: {'n_estimators': 778, 'max_depth': 7, 'learning_rate': 0.15083664655236123, 'subsample': 0.8155097443689793, 'colsample_bytree': 0.7977472579933224, 'min_child_weight': 9, 'reg_alpha': 0.27374891624751063, 'reg_lambda': 0.33177702614316895}. Best is trial 3 with value: 1.2749144640676806.
[I 2026-04-10 08:45:31,744] Trial 6 finished with value: 1.2826832325912032 and parameters: {'n_estimators': 982, 'max_depth': 5, 'learning_rate': 0.03238989807528745, 'subsample': 0.8760903648254549, 'colsample_bytree': 0.648437379423729, 'min_child_weight': 9, 'reg_alpha': 0.973571843460161, 'reg_lambda': 0.6902282691910584}. Best is trial 3 with value: 1.2749144640676806.
[I 2026-04-10 08:45:40,277] Trial 7 finished with value: 1.3442277832831488 and parameters: {'n_estimators': 781, 'max_depth': 8, 'learning_rate': 0.10790560874009132, 'subsample': 0.996829849377018, 'colsample_bytree': 0.6121807466172462, 'min_child_weight': 4, 'reg_alpha': 0.8843244166710569, 'reg_lambda': 0.778774308694275}. Best is trial 3 with value: 1.2749144640676806.
[I 2026-04-10 08:45:47,974] Trial 8 finished with value: 1.3024881530496615 and parameters: {'n_estimators': 492, 'max_depth': 10, 'learning_rate': 0.030637548522163587, 'subsample': 0.6949657381627312, 'colsample_bytree': 0.827276739637785, 'min_child_weight': 9, 'reg_alpha': 0.034410935077371474, 'reg_lambda': 0.2813184269979362}. Best is trial 3 with value: 1.2749144640676806.
[I 2026-04-10 08:46:01,104] Trial 9 finished with value: 1.3617256140336227 and parameters: {'n_estimators': 670, 'max_depth': 10, 'learning_rate': 0.11523475639525575, 'subsample': 0.8031515277705982, 'colsample_bytree': 0.8741501132956799, 'min_child_weight': 8, 'reg_alpha': 0.31727589150958146, 'reg_lambda': 0.5886590259349163}. Best is trial 3 with value: 1.2749144640676806.
[I 2026-04-10 08:46:04,347] Trial 10 finished with value: 1.335980783131204 and parameters: {'n_estimators': 571, 'max_depth': 3, 'learning_rate': 0.2911155097785023, 'subsample': 0.7345402675080166, 'colsample_bytree': 0.9996784627350427, 'min_child_weight': 1, 'reg_alpha': 0.6227825367571835, 'reg_lambda': 0.9304130694383926}. Best is trial 3 with value: 1.2749144640676806.
[I 2026-04-10 08:46:06,929] Trial 11 finished with value: 1.2728258499904077 and parameters: {'n_estimators': 425, 'max_depth': 3, 'learning_rate': 0.012264896325871242, 'subsample': 0.8930433859181894, 'colsample_bytree': 0.7137241022261133, 'min_child_weight': 2, 'reg_alpha': 0.051093940978562846, 'reg_lambda': 0.9828789335069055}. Best is trial 11 with value: 1.2728258499904077.
[I 2026-04-10 08:46:09,652] Trial 12 finished with value: 1.2729280930058953 and parameters: {'n_estimators': 443, 'max_depth': 3, 'learning_rate': 0.010403417981647395, 'subsample': 0.9232345972777244, 'colsample_bytree': 0.7236618003649838, 'min_child_weight': 1, 'reg_alpha': 0.0008723193002434793, 'reg_lambda': 0.9769970325399241}. Best is trial 11 with value: 1.2728258499904077.
[I 2026-04-10 08:46:10,650] Trial 13 finished with value: 1.2792629800615793 and parameters: {'n_estimators': 137, 'max_depth': 3, 'learning_rate': 0.010905841524167485, 'subsample': 0.9373023858254894, 'colsample_bytree': 0.7230321085105389, 'min_child_weight': 3, 'reg_alpha': 0.0010982921481627803, 'reg_lambda': 0.02628132920798798}. Best is trial 11 with value: 1.2728258499904077.
[I 2026-04-10 08:46:13,425] Trial 14 finished with value: 1.2727880306482935 and parameters: {'n_estimators': 419, 'max_depth': 4, 'learning_rate': 0.018983776588294723, 'subsample': 0.9103518567572656, 'colsample_bytree': 0.7033853659349899, 'min_child_weight': 1, 'reg_alpha': 0.13312336558039467, 'reg_lambda': 0.9773378660019254}. Best is trial 14 with value: 1.2727880306482935.
[I 2026-04-10 08:46:15,624] Trial 15 finished with value: 1.2722979419607146 and parameters: {'n_estimators': 322, 'max_depth': 4, 'learning_rate': 0.025136514768238406, 'subsample': 0.8952643632987087, 'colsample_bytree': 0.7089297625131915, 'min_child_weight': 3, 'reg_alpha': 0.1673806535000117, 'reg_lambda': 0.8707973194673693}. Best is trial 15 with value: 1.2722979419607146.
[I 2026-04-10 08:46:17,905] Trial 16 finished with value: 1.2774487501267044 and parameters: {'n_estimators': 301, 'max_depth': 5, 'learning_rate': 0.03039360495454462, 'subsample': 0.9959851700012212, 'colsample_bytree': 0.7040868277874418, 'min_child_weight': 3, 'reg_alpha': 0.15476043045583304, 'reg_lambda': 0.8417661390920865}. Best is trial 15 with value: 1.2722979419607146.
[I 2026-04-10 08:46:21,624] Trial 17 finished with value: 1.273576043114645 and parameters: {'n_estimators': 584, 'max_depth': 4, 'learning_rate': 0.02068701328965097, 'subsample': 0.9526635569071102, 'colsample_bytree': 0.6680673205573234, 'min_child_weight': 6, 'reg_alpha': 0.16537323645358154, 'reg_lambda': 0.8754968438408198}. Best is trial 15 with value: 1.2722979419607146.
[I 2026-04-10 08:46:22,534] Trial 18 finished with value: 1.273685735375263 and parameters: {'n_estimators': 114, 'max_depth': 4, 'learning_rate': 0.04434718341365712, 'subsample': 0.7655697053920989, 'colsample_bytree': 0.7685603978493526, 'min_child_weight': 3, 'reg_alpha': 0.15830631678021267, 'reg_lambda': 0.73838351991829}. Best is trial 15 with value: 1.2722979419607146.
[I 2026-04-10 08:46:24,818] Trial 19 finished with value: 1.2735581075882552 and parameters: {'n_estimators': 339, 'max_depth': 4, 'learning_rate': 0.023336149603777404, 'subsample': 0.8641613860278425, 'colsample_bytree': 0.6738189181750582, 'min_child_weight': 1, 'reg_alpha': 0.5649691140655257, 'reg_lambda': 0.49257926486226894}. Best is trial 15 with value: 1.2722979419607146.
[I 2026-04-10 08:46:26,748] Trial 20 finished with value: 1.27733075955243 and parameters: {'n_estimators': 207, 'max_depth': 6, 'learning_rate': 0.040149247890047625, 'subsample': 0.9091742868225957, 'colsample_bytree': 0.913448191385895, 'min_child_weight': 4, 'reg_alpha': 0.4754205465851619, 'reg_lambda': 0.8983020940492714}. Best is trial 15 with value: 1.2722979419607146.
[I 2026-04-10 08:46:29,675] Trial 21 finished with value: 1.2727410366014371 and parameters: {'n_estimators': 422, 'max_depth': 4, 'learning_rate': 0.01481577207680216, 'subsample': 0.8705700363683057, 'colsample_bytree': 0.756306693241676, 'min_child_weight': 2, 'reg_alpha': 0.11881935249202746, 'reg_lambda': 0.9979390344924974}. Best is trial 15 with value: 1.2722979419607146.
[I 2026-04-10 08:46:32,798] Trial 22 finished with value: 1.272283091306291 and parameters: {'n_estimators': 473, 'max_depth': 4, 'learning_rate': 0.01611455066438373, 'subsample': 0.8473181098074651, 'colsample_bytree': 0.7569451716070321, 'min_child_weight': 2, 'reg_alpha': 0.1199640268860217, 'reg_lambda': 0.9100957808773917}. Best is trial 22 with value: 1.272283091306291.
[I 2026-04-10 08:46:36,619] Trial 23 finished with value: 1.2733000816825375 and parameters: {'n_estimators': 518, 'max_depth': 5, 'learning_rate': 0.014895884311132748, 'subsample': 0.8499145271470392, 'colsample_bytree': 0.7594615704270871, 'min_child_weight': 2, 'reg_alpha': 0.222469705113117, 'reg_lambda': 0.8616124948992858}. Best is trial 22 with value: 1.272283091306291.
[I 2026-04-10 08:46:40,660] Trial 24 finished with value: 1.2732229481844612 and parameters: {'n_estimators': 637, 'max_depth': 4, 'learning_rate': 0.024071729178260514, 'subsample': 0.7624215713590625, 'colsample_bytree': 0.7494710428121634, 'min_child_weight': 4, 'reg_alpha': 0.09592374376099654, 'reg_lambda': 0.7431481732095626}. Best is trial 22 with value: 1.272283091306291.
[I 2026-04-10 08:46:43,779] Trial 25 finished with value: 1.2746536197401588 and parameters: {'n_estimators': 353, 'max_depth': 6, 'learning_rate': 0.014819038566846812, 'subsample': 0.8321296363670435, 'colsample_bytree': 0.7531516355834456, 'min_child_weight': 6, 'reg_alpha': 0.23028735453946547, 'reg_lambda': 0.6816559100434468}. Best is trial 22 with value: 1.272283091306291.
[I 2026-04-10 08:46:47,507] Trial 26 finished with value: 1.2746175625025846 and parameters: {'n_estimators': 494, 'max_depth': 5, 'learning_rate': 0.014207320078598732, 'subsample': 0.9602628303198895, 'colsample_bytree': 0.8085445495768258, 'min_child_weight': 2, 'reg_alpha': 0.37113578420078186, 'reg_lambda': 0.9022546022019825}. Best is trial 22 with value: 1.272283091306291.
[I 2026-04-10 08:46:49,186] Trial 27 finished with value: 1.2770631315091052 and parameters: {'n_estimators': 243, 'max_depth': 4, 'learning_rate': 0.07004307897718963, 'subsample': 0.8803679170788691, 'colsample_bytree': 0.8757337927305954, 'min_child_weight': 3, 'reg_alpha': 0.08901684527444932, 'reg_lambda': 0.8038394579981659}. Best is trial 22 with value: 1.272283091306291.
[I 2026-04-10 08:46:53,039] Trial 28 finished with value: 1.2733260977928835 and parameters: {'n_estimators': 677, 'max_depth': 3, 'learning_rate': 0.0254135743992948, 'subsample': 0.7790646637135309, 'colsample_bytree': 0.672885130027262, 'min_child_weight': 2, 'reg_alpha': 0.8039757912754861, 'reg_lambda': 0.02804132400586473}. Best is trial 22 with value: 1.272283091306291.
[I 2026-04-10 08:46:55,177] Trial 29 finished with value: 1.2821483485106688 and parameters: {'n_estimators': 287, 'max_depth': 5, 'learning_rate': 0.05919703064206449, 'subsample': 0.7313951359421044, 'colsample_bytree': 0.6882151135463606, 'min_child_weight': 4, 'reg_alpha': 0.4552318153191667, 'reg_lambda': 0.9888848513399474}. Best is trial 22 with value: 1.272283091306291.
[optuna] Best params: {'n_estimators': 473, 'max_depth': 4, 'learning_rate': 0.01611455066438373, 'subsample': 0.8473181098074651, 'colsample_bytree': 0.7569451716070321, 'min_child_weight': 2, 'reg_alpha': 0.1199640268860217, 'reg_lambda': 0.9100957808773917}
[optuna] Optimizing hyperparameters for stl_blk classification...
[I 2026-04-10 08:54:06,013] A new study created in memory with name: no-name-50369c68-6072-4fa3-8e9e-621ec9f5b667
[I 2026-04-10 08:54:15,945] Trial 0 finished with value: 0.7421363982876846 and parameters: {'n_estimators': 334, 'max_depth': 7, 'learning_rate': 0.016897260487392797, 'subsample': 0.6283750434898208, 'colsample_bytree': 0.7135317329359733, 'min_child_weight': 9, 'reg_alpha': 0.8888486584292754, 'reg_lambda': 0.24099688980055745}. Best is trial 0 with value: 0.7421363982876846.
[I 2026-04-10 08:54:35,077] Trial 1 finished with value: 0.7351140719701823 and parameters: {'n_estimators': 669, 'max_depth': 8, 'learning_rate': 0.03176623655415412, 'subsample': 0.9919873522794589, 'colsample_bytree': 0.7182994095814222, 'min_child_weight': 4, 'reg_alpha': 0.5925387737183055, 'reg_lambda': 0.11372541207070208}. Best is trial 0 with value: 0.7421363982876846.
[I 2026-04-10 08:54:51,088] Trial 2 finished with value: 0.7434584895348305 and parameters: {'n_estimators': 665, 'max_depth': 5, 'learning_rate': 0.023885063345628586, 'subsample': 0.919764785414497, 'colsample_bytree': 0.9973167477364406, 'min_child_weight': 1, 'reg_alpha': 0.5433950813669254, 'reg_lambda': 0.7702216508815999}. Best is trial 2 with value: 0.7434584895348305.
[I 2026-04-10 08:54:56,969] Trial 3 finished with value: 0.7265307935667167 and parameters: {'n_estimators': 180, 'max_depth': 8, 'learning_rate': 0.11053441823463257, 'subsample': 0.6130024774421221, 'colsample_bytree': 0.6485866522577509, 'min_child_weight': 4, 'reg_alpha': 0.10392028809523868, 'reg_lambda': 0.6145143185885147}. Best is trial 2 with value: 0.7434584895348305.
[I 2026-04-10 08:55:00,533] Trial 4 finished with value: 0.742258729200627 and parameters: {'n_estimators': 145, 'max_depth': 3, 'learning_rate': 0.04816783619915795, 'subsample': 0.9651185556631172, 'colsample_bytree': 0.8485804372978585, 'min_child_weight': 6, 'reg_alpha': 0.7396781243765082, 'reg_lambda': 0.9813334567440222}. Best is trial 2 with value: 0.7434584895348305.
[I 2026-04-10 08:55:05,082] Trial 5 finished with value: 0.7377571207210729 and parameters: {'n_estimators': 187, 'max_depth': 3, 'learning_rate': 0.012202406499358161, 'subsample': 0.811841175664119, 'colsample_bytree': 0.8663732989225651, 'min_child_weight': 3, 'reg_alpha': 0.19319025498680376, 'reg_lambda': 0.7083846617487558}. Best is trial 2 with value: 0.7434584895348305.
[I 2026-04-10 08:55:33,938] Trial 6 finished with value: 0.7139539748930257 and parameters: {'n_estimators': 793, 'max_depth': 9, 'learning_rate': 0.21724061311578408, 'subsample': 0.7513604486760025, 'colsample_bytree': 0.6149407454489957, 'min_child_weight': 3, 'reg_alpha': 0.9366508854571071, 'reg_lambda': 0.9049916845886599}. Best is trial 2 with value: 0.7434584895348305.
[I 2026-04-10 08:55:46,008] Trial 7 finished with value: 0.7095359138542461 and parameters: {'n_estimators': 401, 'max_depth': 8, 'learning_rate': 0.23799392561099317, 'subsample': 0.7922415293590551, 'colsample_bytree': 0.6578864003399033, 'min_child_weight': 10, 'reg_alpha': 0.35593410670622994, 'reg_lambda': 0.5719828590656351}. Best is trial 2 with value: 0.7434584895348305.
[I 2026-04-10 08:56:22,696] Trial 8 finished with value: 0.7252022541539792 and parameters: {'n_estimators': 914, 'max_depth': 10, 'learning_rate': 0.06615043838477556, 'subsample': 0.6580099044244999, 'colsample_bytree': 0.9702018268631007, 'min_child_weight': 8, 'reg_alpha': 0.7447011718175478, 'reg_lambda': 0.37697761781443884}. Best is trial 2 with value: 0.7434584895348305.
[I 2026-04-10 08:56:26,921] Trial 9 finished with value: 0.7433393897905802 and parameters: {'n_estimators': 158, 'max_depth': 3, 'learning_rate': 0.07526334317681056, 'subsample': 0.6070124821683964, 'colsample_bytree': 0.7689774760406305, 'min_child_weight': 9, 'reg_alpha': 0.6407889296731499, 'reg_lambda': 0.4873049407322644}. Best is trial 2 with value: 0.7434584895348305.
[I 2026-04-10 08:56:41,638] Trial 10 finished with value: 0.742708650545289 and parameters: {'n_estimators': 554, 'max_depth': 5, 'learning_rate': 0.02795858304513919, 'subsample': 0.8995430428727659, 'colsample_bytree': 0.995428765521519, 'min_child_weight': 1, 'reg_alpha': 0.40891150432521883, 'reg_lambda': 0.7597245225772787}. Best is trial 2 with value: 0.7434584895348305.
[I 2026-04-10 08:56:56,885] Trial 11 finished with value: 0.7328441381724827 and parameters: {'n_estimators': 599, 'max_depth': 5, 'learning_rate': 0.0922004014755481, 'subsample': 0.8829008352651828, 'colsample_bytree': 0.7874336347372222, 'min_child_weight': 7, 'reg_alpha': 0.6028857743643475, 'reg_lambda': 0.420527992308716}. Best is trial 2 with value: 0.7434584895348305.
[I 2026-04-10 08:57:09,403] Trial 12 finished with value: 0.7433238197145431 and parameters: {'n_estimators': 439, 'max_depth': 5, 'learning_rate': 0.023580038194551976, 'subsample': 0.6983852644682207, 'colsample_bytree': 0.7958260132375374, 'min_child_weight': 1, 'reg_alpha': 0.49336258251450127, 'reg_lambda': 0.8034127454287456}. Best is trial 2 with value: 0.7434584895348305.
[I 2026-04-10 08:57:26,449] Trial 13 finished with value: 0.7422750031423588 and parameters: {'n_estimators': 712, 'max_depth': 4, 'learning_rate': 0.044952506193351886, 'subsample': 0.8842152672992017, 'colsample_bytree': 0.9173116599755813, 'min_child_weight': 6, 'reg_alpha': 0.720521154567358, 'reg_lambda': 0.4760519160129139}. Best is trial 2 with value: 0.7434584895348305.
[I 2026-04-10 08:57:52,965] Trial 14 finished with value: 0.7157859861303879 and parameters: {'n_estimators': 956, 'max_depth': 6, 'learning_rate': 0.1337931757094347, 'subsample': 0.7187848659059017, 'colsample_bytree': 0.7462169056415373, 'min_child_weight': 10, 'reg_alpha': 0.2731679611972697, 'reg_lambda': 0.25120286786984214}. Best is trial 2 with value: 0.7434584895348305.
[I 2026-04-10 08:58:01,375] Trial 15 finished with value: 0.7410796124441792 and parameters: {'n_estimators': 286, 'max_depth': 4, 'learning_rate': 0.011038918662382366, 'subsample': 0.8257792324693887, 'colsample_bytree': 0.8712269492088838, 'min_child_weight': 7, 'reg_alpha': 0.5601679987350171, 'reg_lambda': 0.6266711724268558}. Best is trial 2 with value: 0.7434584895348305.
[I 2026-04-10 08:58:12,844] Trial 16 finished with value: 0.7393392454650453 and parameters: {'n_estimators': 485, 'max_depth': 4, 'learning_rate': 0.0723746987569966, 'subsample': 0.9382246897049215, 'colsample_bytree': 0.9386734869213917, 'min_child_weight': 2, 'reg_alpha': 0.0002082200689591529, 'reg_lambda': 0.8520772589209169}. Best is trial 2 with value: 0.7434584895348305.
[I 2026-04-10 08:58:35,900] Trial 17 finished with value: 0.742223129657843 and parameters: {'n_estimators': 811, 'max_depth': 6, 'learning_rate': 0.01942446106865194, 'subsample': 0.765801786276122, 'colsample_bytree': 0.7630218377358586, 'min_child_weight': 5, 'reg_alpha': 0.8293485414343227, 'reg_lambda': 0.009124043078040378}. Best is trial 2 with value: 0.7434584895348305.
[I 2026-04-10 08:58:49,847] Trial 18 finished with value: 0.7434831673495204 and parameters: {'n_estimators': 624, 'max_depth': 3, 'learning_rate': 0.036200435219041815, 'subsample': 0.8467958181909375, 'colsample_bytree': 0.8226221644363305, 'min_child_weight': 8, 'reg_alpha': 0.4284308188104746, 'reg_lambda': 0.33867800084676436}. Best is trial 18 with value: 0.7434831673495204.
[I 2026-04-10 08:59:05,884] Trial 19 finished with value: 0.7418778055897632 and parameters: {'n_estimators': 677, 'max_depth': 4, 'learning_rate': 0.03819136293080178, 'subsample': 0.8485116549009166, 'colsample_bytree': 0.8368517042545319, 'min_child_weight': 8, 'reg_alpha': 0.4547892274926913, 'reg_lambda': 0.3019753711944374}. Best is trial 18 with value: 0.7434831673495204.
[I 2026-04-10 08:59:29,548] Trial 20 finished with value: 0.7427370224738932 and parameters: {'n_estimators': 825, 'max_depth': 6, 'learning_rate': 0.0147674340348021, 'subsample': 0.9206053952906396, 'colsample_bytree': 0.9451561723094113, 'min_child_weight': 5, 'reg_alpha': 0.31841052516955437, 'reg_lambda': 0.15214288948268845}. Best is trial 18 with value: 0.7434831673495204.
[I 2026-04-10 08:59:42,698] Trial 21 finished with value: 0.7424347428635955 and parameters: {'n_estimators': 612, 'max_depth': 3, 'learning_rate': 0.06243770860150863, 'subsample': 0.8532012019262699, 'colsample_bytree': 0.8870421037187103, 'min_child_weight': 9, 'reg_alpha': 0.6342921460160529, 'reg_lambda': 0.4926602028622597}. Best is trial 18 with value: 0.7434831673495204.
[I 2026-04-10 08:59:53,707] Trial 22 finished with value: 0.7436533327861132 and parameters: {'n_estimators': 500, 'max_depth': 3, 'learning_rate': 0.03265555176442232, 'subsample': 0.8559220680058993, 'colsample_bytree': 0.8315568427025899, 'min_child_weight': 8, 'reg_alpha': 0.5241123527771763, 'reg_lambda': 0.35003356212440745}. Best is trial 22 with value: 0.7436533327861132.
[I 2026-04-10 09:00:06,664] Trial 23 finished with value: 0.7435145484220673 and parameters: {'n_estimators': 530, 'max_depth': 4, 'learning_rate': 0.02376853226522869, 'subsample': 0.860186961312356, 'colsample_bytree': 0.8183439150183724, 'min_child_weight': 7, 'reg_alpha': 0.5254575576296417, 'reg_lambda': 0.33927333589113606}. Best is trial 22 with value: 0.7436533327861132.
[I 2026-04-10 09:00:17,862] Trial 24 finished with value: 0.7434714236574608 and parameters: {'n_estimators': 513, 'max_depth': 3, 'learning_rate': 0.03982250773907023, 'subsample': 0.8588090254787785, 'colsample_bytree': 0.8352378631569316, 'min_child_weight': 7, 'reg_alpha': 0.4208722614242365, 'reg_lambda': 0.3474768444488903}. Best is trial 22 with value: 0.7436533327861132.
[I 2026-04-10 09:00:26,989] Trial 25 finished with value: 0.7433717298210869 and parameters: {'n_estimators': 368, 'max_depth': 4, 'learning_rate': 0.03302773749592004, 'subsample': 0.7929505016587561, 'colsample_bytree': 0.9057137954439698, 'min_child_weight': 8, 'reg_alpha': 0.23775508286569497, 'reg_lambda': 0.16741716073914126}. Best is trial 22 with value: 0.7436533327861132.
[I 2026-04-10 09:00:37,526] Trial 26 finished with value: 0.7429561750732606 and parameters: {'n_estimators': 463, 'max_depth': 3, 'learning_rate': 0.0225167381135105, 'subsample': 0.8405210297249643, 'colsample_bytree': 0.8164445590855653, 'min_child_weight': 7, 'reg_alpha': 0.4933492581298713, 'reg_lambda': 0.41265668076431655}. Best is trial 22 with value: 0.7436533327861132.
[I 2026-04-10 09:00:44,319] Trial 27 finished with value: 0.742719312457187 and parameters: {'n_estimators': 272, 'max_depth': 4, 'learning_rate': 0.05210016011679893, 'subsample': 0.7552250167588048, 'colsample_bytree': 0.8193698710915353, 'min_child_weight': 8, 'reg_alpha': 0.36396644182964144, 'reg_lambda': 0.2859644515837889}. Best is trial 22 with value: 0.7436533327861132.
[I 2026-04-10 09:00:57,097] Trial 28 finished with value: 0.7429131211676167 and parameters: {'n_estimators': 556, 'max_depth': 3, 'learning_rate': 0.015445158789967323, 'subsample': 0.8761442913594917, 'colsample_bytree': 0.717857176302394, 'min_child_weight': 6, 'reg_alpha': 0.16629884461932493, 'reg_lambda': 0.20246701574446402}. Best is trial 22 with value: 0.7436533327861132.
[I 2026-04-10 09:01:19,708] Trial 29 finished with value: 0.7410671507146326 and parameters: {'n_estimators': 743, 'max_depth': 7, 'learning_rate': 0.018326598920806375, 'subsample': 0.9574290363657602, 'colsample_bytree': 0.799687982902424, 'min_child_weight': 9, 'reg_alpha': 0.8314243807347161, 'reg_lambda': 0.04146851897859766}. Best is trial 22 with value: 0.7436533327861132.
[optuna] Best params: {'n_estimators': 500, 'max_depth': 3, 'learning_rate': 0.03265555176442232, 'subsample': 0.8559220680058993, 'colsample_bytree': 0.8315568427025899, 'min_child_weight': 8, 'reg_alpha': 0.5241123527771763, 'reg_lambda': 0.35003356212440745}
[wf] double_double: auc_raw=0.829 brier_raw=0.083 auc_cal=0.818 brier_cal=0.086 folds=5
[optuna] Optimizing hyperparameters for double_double classification...
[I 2026-04-10 09:05:52,306] A new study created in memory with name: no-name-742086b7-895a-40fc-b4eb-3483bbe1746b
[I 2026-04-10 09:05:56,750] Trial 0 finished with value: 0.8692990826209035 and parameters: {'n_estimators': 553, 'max_depth': 6, 'learning_rate': 0.01406818915006358, 'subsample': 0.7732895788308503, 'colsample_bytree': 0.766090818849391, 'min_child_weight': 2, 'reg_alpha': 0.2058320254948406, 'reg_lambda': 0.7976166785737361}. Best is trial 0 with value: 0.8692990826209035.
[I 2026-04-10 09:06:00,222] Trial 1 finished with value: 0.8697214197422578 and parameters: {'n_estimators': 592, 'max_depth': 3, 'learning_rate': 0.011429014787904304, 'subsample': 0.8734859016700488, 'colsample_bytree': 0.8966097044596333, 'min_child_weight': 9, 'reg_alpha': 0.04856842157083785, 'reg_lambda': 0.5899455764423372}. Best is trial 1 with value: 0.8697214197422578.
[I 2026-04-10 09:06:03,077] Trial 2 finished with value: 0.8686521412441351 and parameters: {'n_estimators': 382, 'max_depth': 5, 'learning_rate': 0.03478420732027317, 'subsample': 0.6075194067094513, 'colsample_bytree': 0.8221084578675794, 'min_child_weight': 1, 'reg_alpha': 0.36486550600795364, 'reg_lambda': 0.8874786537617507}. Best is trial 1 with value: 0.8697214197422578.
[I 2026-04-10 09:06:11,958] Trial 3 finished with value: 0.8559941957798736 and parameters: {'n_estimators': 858, 'max_depth': 9, 'learning_rate': 0.03478636183201735, 'subsample': 0.7539760000097326, 'colsample_bytree': 0.9056572131837101, 'min_child_weight': 7, 'reg_alpha': 0.054821794087934084, 'reg_lambda': 0.7161938210572236}. Best is trial 1 with value: 0.8697214197422578.
[I 2026-04-10 09:06:16,735] Trial 4 finished with value: 0.8708809455484248 and parameters: {'n_estimators': 812, 'max_depth': 3, 'learning_rate': 0.011877745973177613, 'subsample': 0.8703296003361572, 'colsample_bytree': 0.9596082902535069, 'min_child_weight': 10, 'reg_alpha': 0.17652916176048827, 'reg_lambda': 0.7087443025522822}. Best is trial 4 with value: 0.8708809455484248.
[I 2026-04-10 09:06:22,018] Trial 5 finished with value: 0.8442042468963545 and parameters: {'n_estimators': 497, 'max_depth': 9, 'learning_rate': 0.1102927520231558, 'subsample': 0.6925112287291927, 'colsample_bytree': 0.8729384582904649, 'min_child_weight': 9, 'reg_alpha': 0.4702353162949674, 'reg_lambda': 0.038268690169295794}. Best is trial 4 with value: 0.8708809455484248.
[I 2026-04-10 09:06:31,124] Trial 6 finished with value: 0.8354664822511938 and parameters: {'n_estimators': 831, 'max_depth': 10, 'learning_rate': 0.2797940401914119, 'subsample': 0.9703918152447223, 'colsample_bytree': 0.8296258576694994, 'min_child_weight': 2, 'reg_alpha': 0.09703210813927854, 'reg_lambda': 0.19131536532501314}. Best is trial 4 with value: 0.8708809455484248.
[I 2026-04-10 09:06:33,698] Trial 7 finished with value: 0.8458652029702519 and parameters: {'n_estimators': 229, 'max_depth': 9, 'learning_rate': 0.1578583237168974, 'subsample': 0.8862783469877418, 'colsample_bytree': 0.87751035923693, 'min_child_weight': 9, 'reg_alpha': 0.3934883416320001, 'reg_lambda': 0.9866908083774332}. Best is trial 4 with value: 0.8708809455484248.
[I 2026-04-10 09:06:36,446] Trial 8 finished with value: 0.8630933126744739 and parameters: {'n_estimators': 152, 'max_depth': 10, 'learning_rate': 0.02217985947932768, 'subsample': 0.716555391522868, 'colsample_bytree': 0.9673936588930605, 'min_child_weight': 2, 'reg_alpha': 0.9865766214712264, 'reg_lambda': 0.7762959650858127}. Best is trial 4 with value: 0.8708809455484248.
[I 2026-04-10 09:06:38,073] Trial 9 finished with value: 0.871895974260251 and parameters: {'n_estimators': 248, 'max_depth': 3, 'learning_rate': 0.04249404656254975, 'subsample': 0.7834028424362159, 'colsample_bytree': 0.7210902172204933, 'min_child_weight': 7, 'reg_alpha': 0.8910459282769057, 'reg_lambda': 0.1566569686706233}. Best is trial 9 with value: 0.871895974260251.
[I 2026-04-10 09:06:40,186] Trial 10 finished with value: 0.8649976322756823 and parameters: {'n_estimators': 264, 'max_depth': 5, 'learning_rate': 0.0824091319613144, 'subsample': 0.6172505954984706, 'colsample_bytree': 0.650444286991862, 'min_child_weight': 5, 'reg_alpha': 0.8539937199034008, 'reg_lambda': 0.26719593296424843}. Best is trial 9 with value: 0.871895974260251.
[I 2026-04-10 09:06:44,453] Trial 11 finished with value: 0.8694456077446387 and parameters: {'n_estimators': 722, 'max_depth': 3, 'learning_rate': 0.04591864453803515, 'subsample': 0.8471425574892804, 'colsample_bytree': 0.7165625670576213, 'min_child_weight': 6, 'reg_alpha': 0.6842839997901535, 'reg_lambda': 0.4588331604538065}. Best is trial 9 with value: 0.871895974260251.
[I 2026-04-10 09:06:50,706] Trial 12 finished with value: 0.8707998243726542 and parameters: {'n_estimators': 975, 'max_depth': 4, 'learning_rate': 0.021630023246862064, 'subsample': 0.9451950941413894, 'colsample_bytree': 0.6042537591754236, 'min_child_weight': 10, 'reg_alpha': 0.6882107925321916, 'reg_lambda': 0.4596789030769579}. Best is trial 9 with value: 0.871895974260251.
[I 2026-04-10 09:06:57,143] Trial 13 finished with value: 0.8669546806411411 and parameters: {'n_estimators': 677, 'max_depth': 7, 'learning_rate': 0.019237870875576785, 'subsample': 0.8400152679806718, 'colsample_bytree': 0.9884916519628745, 'min_child_weight': 7, 'reg_alpha': 0.636907646197589, 'reg_lambda': 0.003422410623333566}. Best is trial 9 with value: 0.871895974260251.
[I 2026-04-10 09:06:59,456] Trial 14 finished with value: 0.8716739050415798 and parameters: {'n_estimators': 362, 'max_depth': 3, 'learning_rate': 0.06593662227063066, 'subsample': 0.917809163763319, 'colsample_bytree': 0.7236021577451315, 'min_child_weight': 4, 'reg_alpha': 0.2547573248811645, 'reg_lambda': 0.2860032481662257}. Best is trial 9 with value: 0.871895974260251.
[I 2026-04-10 09:07:01,958] Trial 15 finished with value: 0.8708685238683849 and parameters: {'n_estimators': 365, 'max_depth': 4, 'learning_rate': 0.07016960214599818, 'subsample': 0.9455442204226001, 'colsample_bytree': 0.7294557371261257, 'min_child_weight': 4, 'reg_alpha': 0.31211721835666445, 'reg_lambda': 0.27962588111627484}. Best is trial 9 with value: 0.871895974260251.
[I 2026-04-10 09:07:03,254] Trial 16 finished with value: 0.8663249775142241 and parameters: {'n_estimators': 116, 'max_depth': 7, 'learning_rate': 0.051158285392299156, 'subsample': 0.8153125036077921, 'colsample_bytree': 0.6888036077606022, 'min_child_weight': 4, 'reg_alpha': 0.5467608249440564, 'reg_lambda': 0.16494775561756425}. Best is trial 9 with value: 0.871895974260251.
[I 2026-04-10 09:07:06,129] Trial 17 finished with value: 0.8667463006208812 and parameters: {'n_estimators': 407, 'max_depth': 4, 'learning_rate': 0.1256986271197376, 'subsample': 0.9945334573135686, 'colsample_bytree': 0.7807809032017382, 'min_child_weight': 4, 'reg_alpha': 0.9365488539942506, 'reg_lambda': 0.34488459065517085}. Best is trial 9 with value: 0.871895974260251.
[I 2026-04-10 09:07:08,464] Trial 18 finished with value: 0.8699009003436498 and parameters: {'n_estimators': 290, 'max_depth': 5, 'learning_rate': 0.03438187095744989, 'subsample': 0.9172390494728042, 'colsample_bytree': 0.6528792871217023, 'min_child_weight': 7, 'reg_alpha': 0.8167750599880722, 'reg_lambda': 0.126500550709891}. Best is trial 9 with value: 0.871895974260251.
[I 2026-04-10 09:07:12,359] Trial 19 finished with value: 0.8555201439089659 and parameters: {'n_estimators': 456, 'max_depth': 6, 'learning_rate': 0.07147625122540317, 'subsample': 0.6799968670775834, 'colsample_bytree': 0.746996709058003, 'min_child_weight': 5, 'reg_alpha': 0.25556135590810547, 'reg_lambda': 0.40495127480383464}. Best is trial 9 with value: 0.871895974260251.
[I 2026-04-10 09:07:13,674] Trial 20 finished with value: 0.8676842642157256 and parameters: {'n_estimators': 196, 'max_depth': 3, 'learning_rate': 0.20804512931767374, 'subsample': 0.7917145520349819, 'colsample_bytree': 0.6830720711521558, 'min_child_weight': 6, 'reg_alpha': 0.5465037478570991, 'reg_lambda': 0.5850948390580889}. Best is trial 9 with value: 0.871895974260251.
[I 2026-04-10 09:07:15,646] Trial 21 finished with value: 0.8707653478729521 and parameters: {'n_estimators': 312, 'max_depth': 3, 'learning_rate': 0.09817655150297486, 'subsample': 0.8949539052546429, 'colsample_bytree': 0.802697219251767, 'min_child_weight': 10, 'reg_alpha': 0.1893140705189793, 'reg_lambda': 0.6115944303769688}. Best is trial 9 with value: 0.871895974260251.
[I 2026-04-10 09:07:22,368] Trial 22 finished with value: 0.8712931425228078 and parameters: {'n_estimators': 997, 'max_depth': 4, 'learning_rate': 0.010101996869721621, 'subsample': 0.8260595900541736, 'colsample_bytree': 0.7095446976696909, 'min_child_weight': 8, 'reg_alpha': 0.1233809868578361, 'reg_lambda': 0.29301841782355204}. Best is trial 9 with value: 0.871895974260251.
[I 2026-04-10 09:07:28,687] Trial 23 finished with value: 0.8710360897970856 and parameters: {'n_estimators': 939, 'max_depth': 4, 'learning_rate': 0.017419580156820737, 'subsample': 0.746220664303339, 'colsample_bytree': 0.7028571959156373, 'min_child_weight': 8, 'reg_alpha': 0.1164259991236416, 'reg_lambda': 0.27072110976107455}. Best is trial 9 with value: 0.871895974260251.
[I 2026-04-10 09:07:33,316] Trial 24 finished with value: 0.8724207268660152 and parameters: {'n_estimators': 684, 'max_depth': 4, 'learning_rate': 0.027820122050974165, 'subsample': 0.8274135200861357, 'colsample_bytree': 0.6547041472884432, 'min_child_weight': 8, 'reg_alpha': 0.30963416050356996, 'reg_lambda': 0.09505348075463688}. Best is trial 24 with value: 0.8724207268660152.
[I 2026-04-10 09:07:38,085] Trial 25 finished with value: 0.869519630817529 and parameters: {'n_estimators': 626, 'max_depth': 5, 'learning_rate': 0.027807723547071287, 'subsample': 0.798406463595099, 'colsample_bytree': 0.6096525983475235, 'min_child_weight': 8, 'reg_alpha': 0.42977252355910944, 'reg_lambda': 0.09476748234958349}. Best is trial 24 with value: 0.8724207268660152.
[I 2026-04-10 09:07:41,434] Trial 26 finished with value: 0.8709407724155555 and parameters: {'n_estimators': 492, 'max_depth': 3, 'learning_rate': 0.04516086033976709, 'subsample': 0.9264786172130897, 'colsample_bytree': 0.6512250624493222, 'min_child_weight': 3, 'reg_alpha': 0.29282425681921115, 'reg_lambda': 0.20134752087493657}. Best is trial 24 with value: 0.8724207268660152.
[I 2026-04-10 09:07:46,211] Trial 27 finished with value: 0.8658945282752928 and parameters: {'n_estimators': 699, 'max_depth': 4, 'learning_rate': 0.061542040673686134, 'subsample': 0.8526739379152954, 'colsample_bytree': 0.7485758867620238, 'min_child_weight': 6, 'reg_alpha': 0.3338073250602053, 'reg_lambda': 0.07350210088104506}. Best is trial 24 with value: 0.8724207268660152.
[I 2026-04-10 09:07:49,326] Trial 28 finished with value: 0.865734820960495 and parameters: {'n_estimators': 334, 'max_depth': 6, 'learning_rate': 0.027524533085348652, 'subsample': 0.7414287172267092, 'colsample_bytree': 0.6637928715585599, 'min_child_weight': 5, 'reg_alpha': 0.7779205512352735, 'reg_lambda': 0.2135202185400027}. Best is trial 24 with value: 0.8724207268660152.
[I 2026-04-10 09:07:54,341] Trial 29 finished with value: 0.8695165887734377 and parameters: {'n_estimators': 546, 'max_depth': 6, 'learning_rate': 0.014887566186851366, 'subsample': 0.7705974542337473, 'colsample_bytree': 0.7772155991271835, 'min_child_weight': 3, 'reg_alpha': 0.24018248513856044, 'reg_lambda': 0.36727179973713653}. Best is trial 24 with value: 0.8724207268660152.
[optuna] Best params: {'n_estimators': 684, 'max_depth': 4, 'learning_rate': 0.027820122050974165, 'subsample': 0.8274135200861357, 'colsample_bytree': 0.6547041472884432, 'min_child_weight': 8, 'reg_alpha': 0.30963416050356996, 'reg_lambda': 0.09505348075463688}
[wf] triple_double: auc_raw=0.848 brier_raw=0.007 auc_cal=0.813 brier_cal=0.007 folds=5
[optuna] Optimizing hyperparameters for triple_double classification...
[I 2026-04-10 09:12:04,211] A new study created in memory with name: no-name-872cbff3-faee-481c-8515-3d9d5ffce329
[I 2026-04-10 09:12:05,674] Trial 0 finished with value: 0.9575387232518578 and parameters: {'n_estimators': 226, 'max_depth': 4, 'learning_rate': 0.0140762963239373, 'subsample': 0.7061314844343282, 'colsample_bytree': 0.6782143465044405, 'min_child_weight': 5, 'reg_alpha': 0.6817017103504717, 'reg_lambda': 0.9986979501274049}. Best is trial 0 with value: 0.9575387232518578.
[I 2026-04-10 09:12:11,033] Trial 1 finished with value: 0.9389247023010117 and parameters: {'n_estimators': 648, 'max_depth': 8, 'learning_rate': 0.08118488388060803, 'subsample': 0.9909653742956464, 'colsample_bytree': 0.8526612623948666, 'min_child_weight': 3, 'reg_alpha': 0.7781447951265447, 'reg_lambda': 0.6608152991109681}. Best is trial 0 with value: 0.9575387232518578.
[I 2026-04-10 09:12:17,003] Trial 2 finished with value: 0.9243844569791387 and parameters: {'n_estimators': 856, 'max_depth': 5, 'learning_rate': 0.2212771761116803, 'subsample': 0.6010063062381208, 'colsample_bytree': 0.949433900062208, 'min_child_weight': 4, 'reg_alpha': 0.4424544528149157, 'reg_lambda': 0.7318490618087999}. Best is trial 0 with value: 0.9575387232518578.
[I 2026-04-10 09:12:20,925] Trial 3 finished with value: 0.9558375861760229 and parameters: {'n_estimators': 510, 'max_depth': 6, 'learning_rate': 0.018706933823585584, 'subsample': 0.7527619575003789, 'colsample_bytree': 0.7413212716029106, 'min_child_weight': 3, 'reg_alpha': 0.4876868771936391, 'reg_lambda': 0.14405678530008537}. Best is trial 0 with value: 0.9575387232518578.
[I 2026-04-10 09:12:25,183] Trial 4 finished with value: 0.9478556719491449 and parameters: {'n_estimators': 477, 'max_depth': 8, 'learning_rate': 0.03206774057169516, 'subsample': 0.6468709204686974, 'colsample_bytree': 0.9823741873790629, 'min_child_weight': 3, 'reg_alpha': 0.5440664786029988, 'reg_lambda': 0.7288276421662462}. Best is trial 0 with value: 0.9575387232518578.
[I 2026-04-10 09:12:30,654] Trial 5 finished with value: 0.9407019428776077 and parameters: {'n_estimators': 738, 'max_depth': 5, 'learning_rate': 0.08411219900861455, 'subsample': 0.9617281361775594, 'colsample_bytree': 0.8117578735161345, 'min_child_weight': 9, 'reg_alpha': 0.3722548648246766, 'reg_lambda': 0.11273927813068019}. Best is trial 0 with value: 0.9575387232518578.
[I 2026-04-10 09:12:35,390] Trial 6 finished with value: 0.9280732384277912 and parameters: {'n_estimators': 629, 'max_depth': 10, 'learning_rate': 0.198307195160703, 'subsample': 0.8945427123013489, 'colsample_bytree': 0.8530410875830107, 'min_child_weight': 10, 'reg_alpha': 0.12703143403395067, 'reg_lambda': 0.3432104683646966}. Best is trial 0 with value: 0.9575387232518578.
[I 2026-04-10 09:12:41,268] Trial 7 finished with value: 0.9270391261527442 and parameters: {'n_estimators': 836, 'max_depth': 4, 'learning_rate': 0.20531068470592992, 'subsample': 0.8808098072513617, 'colsample_bytree': 0.6912115346863686, 'min_child_weight': 1, 'reg_alpha': 0.0650604552590972, 'reg_lambda': 0.8495099802283977}. Best is trial 0 with value: 0.9575387232518578.
[I 2026-04-10 09:12:42,467] Trial 8 finished with value: 0.9282791655474976 and parameters: {'n_estimators': 126, 'max_depth': 7, 'learning_rate': 0.13340118435672868, 'subsample': 0.630390973839268, 'colsample_bytree': 0.8608362899902726, 'min_child_weight': 6, 'reg_alpha': 0.11349440222263218, 'reg_lambda': 0.3770935834992286}. Best is trial 0 with value: 0.9575387232518578.
[I 2026-04-10 09:12:45,785] Trial 9 finished with value: 0.9570462888351687 and parameters: {'n_estimators': 486, 'max_depth': 4, 'learning_rate': 0.01753042524664886, 'subsample': 0.8222075053046208, 'colsample_bytree': 0.8342014568839675, 'min_child_weight': 7, 'reg_alpha': 0.5690587473618952, 'reg_lambda': 0.18664346087495542}. Best is trial 0 with value: 0.9575387232518578.
[I 2026-04-10 09:12:46,711] Trial 10 finished with value: 0.9592644820485272 and parameters: {'n_estimators': 130, 'max_depth': 3, 'learning_rate': 0.03602358429334947, 'subsample': 0.7201193881434769, 'colsample_bytree': 0.6210479923075931, 'min_child_weight': 8, 'reg_alpha': 0.9871518602326481, 'reg_lambda': 0.9262772024213682}. Best is trial 10 with value: 0.9592644820485272.
[I 2026-04-10 09:12:47,629] Trial 11 finished with value: 0.9596875279792282 and parameters: {'n_estimators': 128, 'max_depth': 3, 'learning_rate': 0.03651064227792408, 'subsample': 0.7203420273593419, 'colsample_bytree': 0.6043979676223954, 'min_child_weight': 8, 'reg_alpha': 0.9397936949553005, 'reg_lambda': 0.9916491949665605}. Best is trial 11 with value: 0.9596875279792282.
[I 2026-04-10 09:12:49,574] Trial 12 finished with value: 0.9590115498254096 and parameters: {'n_estimators': 295, 'max_depth': 3, 'learning_rate': 0.039496701964122895, 'subsample': 0.7268641649492182, 'colsample_bytree': 0.6008935718726054, 'min_child_weight': 8, 'reg_alpha': 0.9945233380538981, 'reg_lambda': 0.9996264611428879}. Best is trial 11 with value: 0.9596875279792282.
[I 2026-04-10 09:12:51,602] Trial 13 finished with value: 0.9613662816724864 and parameters: {'n_estimators': 315, 'max_depth': 3, 'learning_rate': 0.028740672926680658, 'subsample': 0.7912772905570155, 'colsample_bytree': 0.6142584886107608, 'min_child_weight': 8, 'reg_alpha': 0.9874577434039784, 'reg_lambda': 0.8698536513909634}. Best is trial 13 with value: 0.9613662816724864.
[I 2026-04-10 09:12:53,757] Trial 14 finished with value: 0.9577356970185334 and parameters: {'n_estimators': 354, 'max_depth': 3, 'learning_rate': 0.01049506957063172, 'subsample': 0.801931511666999, 'colsample_bytree': 0.7025454641556491, 'min_child_weight': 10, 'reg_alpha': 0.8543971581388603, 'reg_lambda': 0.6126925814664435}. Best is trial 13 with value: 0.9613662816724864.
[I 2026-04-10 09:12:56,302] Trial 15 finished with value: 0.9501074402363685 and parameters: {'n_estimators': 332, 'max_depth': 5, 'learning_rate': 0.0547607335371949, 'subsample': 0.8680304529218758, 'colsample_bytree': 0.6461136606044128, 'min_child_weight': 7, 'reg_alpha': 0.855607792012844, 'reg_lambda': 0.844062538758301}. Best is trial 13 with value: 0.9613662816724864.
[I 2026-04-10 09:12:58,079] Trial 16 finished with value: 0.9604798997224461 and parameters: {'n_estimators': 222, 'max_depth': 6, 'learning_rate': 0.024041535170655833, 'subsample': 0.7680690513724957, 'colsample_bytree': 0.7581099168926426, 'min_child_weight': 8, 'reg_alpha': 0.7413671763049452, 'reg_lambda': 0.5439542484650025}. Best is trial 13 with value: 0.9613662816724864.
[I 2026-04-10 09:13:01,933] Trial 17 finished with value: 0.9562360103858896 and parameters: {'n_estimators': 425, 'max_depth': 10, 'learning_rate': 0.02287254106916702, 'subsample': 0.7772206815696161, 'colsample_bytree': 0.7700611247131145, 'min_child_weight': 6, 'reg_alpha': 0.6997067701328017, 'reg_lambda': 0.4836148793984154}. Best is trial 13 with value: 0.9613662816724864.
[I 2026-04-10 09:13:03,762] Trial 18 finished with value: 0.9604619930163847 and parameters: {'n_estimators': 219, 'max_depth': 7, 'learning_rate': 0.023050167016622502, 'subsample': 0.6717983878060954, 'colsample_bytree': 0.7677293390047835, 'min_child_weight': 9, 'reg_alpha': 0.31049695598038624, 'reg_lambda': 0.5079654100278044}. Best is trial 13 with value: 0.9613662816724864.
[I 2026-04-10 09:13:11,864] Trial 19 finished with value: 0.9381726206464321 and parameters: {'n_estimators': 956, 'max_depth': 9, 'learning_rate': 0.06132056034115451, 'subsample': 0.8344458978020737, 'colsample_bytree': 0.8954887771290689, 'min_child_weight': 7, 'reg_alpha': 0.6538630589119239, 'reg_lambda': 0.27075033036083523}. Best is trial 13 with value: 0.9613662816724864.
[I 2026-04-10 09:13:13,759] Trial 20 finished with value: 0.9576506401647417 and parameters: {'n_estimators': 249, 'max_depth': 6, 'learning_rate': 0.012255038018242811, 'subsample': 0.922583146922522, 'colsample_bytree': 0.7288806042052084, 'min_child_weight': 9, 'reg_alpha': 0.8294605229196489, 'reg_lambda': 0.033327698475382195}. Best is trial 13 with value: 0.9613662816724864.
[I 2026-04-10 09:13:16,870] Trial 21 finished with value: 0.9572074491897216 and parameters: {'n_estimators': 374, 'max_depth': 7, 'learning_rate': 0.024830268316319945, 'subsample': 0.6794206108011862, 'colsample_bytree': 0.7733292166802992, 'min_child_weight': 9, 'reg_alpha': 0.25790879474958983, 'reg_lambda': 0.5125351563382214}. Best is trial 13 with value: 0.9613662816724864.
[I 2026-04-10 09:13:18,652] Trial 22 finished with value: 0.9581878413465843 and parameters: {'n_estimators': 209, 'max_depth': 8, 'learning_rate': 0.01777248618967163, 'subsample': 0.7669654675115225, 'colsample_bytree': 0.7723930795253022, 'min_child_weight': 10, 'reg_alpha': 0.3021444514432807, 'reg_lambda': 0.5338352369685058}. Best is trial 13 with value: 0.9613662816724864.
[I 2026-04-10 09:13:20,257] Trial 23 finished with value: 0.9597367714208971 and parameters: {'n_estimators': 189, 'max_depth': 6, 'learning_rate': 0.02546393546219933, 'subsample': 0.6650774637358168, 'colsample_bytree': 0.6670938336211227, 'min_child_weight': 8, 'reg_alpha': 0.21281409173112786, 'reg_lambda': 0.45041759196248354}. Best is trial 13 with value: 0.9613662816724864.
[I 2026-04-10 09:13:22,616] Trial 24 finished with value: 0.955031784403259 and parameters: {'n_estimators': 271, 'max_depth': 7, 'learning_rate': 0.049448423228310126, 'subsample': 0.8465841824344557, 'colsample_bytree': 0.7303990889711935, 'min_child_weight': 9, 'reg_alpha': 0.4009809972756562, 'reg_lambda': 0.6006449817962958}. Best is trial 13 with value: 0.9613662816724864.
[I 2026-04-10 09:13:26,277] Trial 25 finished with value: 0.9579013340496014 and parameters: {'n_estimators': 408, 'max_depth': 9, 'learning_rate': 0.02172898317636202, 'subsample': 0.7968570865614374, 'colsample_bytree': 0.8955527627099262, 'min_child_weight': 7, 'reg_alpha': 0.6152529505223736, 'reg_lambda': 0.7491207215829854}. Best is trial 13 with value: 0.9613662816724864.
[I 2026-04-10 09:13:27,731] Trial 26 finished with value: 0.9594054973587608 and parameters: {'n_estimators': 183, 'max_depth': 5, 'learning_rate': 0.030239344643418452, 'subsample': 0.6901845630245178, 'colsample_bytree': 0.8001889191327223, 'min_child_weight': 6, 'reg_alpha': 0.7543885493413063, 'reg_lambda': 0.34013002712050505}. Best is trial 13 with value: 0.9613662816724864.
[I 2026-04-10 09:13:30,310] Trial 27 finished with value: 0.956531471035903 and parameters: {'n_estimators': 299, 'max_depth': 9, 'learning_rate': 0.015085750771230654, 'subsample': 0.752552375121792, 'colsample_bytree': 0.6574715394560136, 'min_child_weight': 5, 'reg_alpha': 0.935077352593267, 'reg_lambda': 0.4064973075179531}. Best is trial 13 with value: 0.9613662816724864.
[I 2026-04-10 09:13:35,125] Trial 28 finished with value: 0.9431462082549915 and parameters: {'n_estimators': 587, 'max_depth': 6, 'learning_rate': 0.04874321431855698, 'subsample': 0.8021655977747556, 'colsample_bytree': 0.7089477719292256, 'min_child_weight': 9, 'reg_alpha': 0.7596390203176426, 'reg_lambda': 0.25720902322584777}. Best is trial 13 with value: 0.9613662816724864.
[I 2026-04-10 09:13:36,525] Trial 29 finished with value: 0.9591883785477662 and parameters: {'n_estimators': 206, 'max_depth': 4, 'learning_rate': 0.01390285490446768, 'subsample': 0.697397265768115, 'colsample_bytree': 0.74914464995357, 'min_child_weight': 8, 'reg_alpha': 0.9089199108477359, 'reg_lambda': 0.5750161714560617}. Best is trial 13 with value: 0.9613662816724864.
[optuna] Best params: {'n_estimators': 315, 'max_depth': 3, 'learning_rate': 0.028740672926680658, 'subsample': 0.7912772905570155, 'colsample_bytree': 0.6142584886107608, 'min_child_weight': 8, 'reg_alpha': 0.9874577434039784, 'reg_lambda': 0.8698536513909634}
[train] done. props trained: ['points', 'assists', 'rebounds', 'steals', 'blocks', 'turnovers', 'three_pointers', 'pts_reb', 'pts_ast', 'ast_reb', 'pts_ast_reb', 'stl_blk', 'double_double', 'triple_double']
